ID,Start,End,Speaker,Text
1,"00:00:03","00:00:05",DM,"Last time on the Shattered Sea."
2,"00:00:06","00:00:10",DM,"The party's raid on the grung sewer magazines came apart at the last moment."
3,"00:00:11","00:00:12",DM,"Vashu the Weeping Veil fell,"
4,"00:00:12","00:00:14",DM,"then Ozzeth the Twice-Born."
5,"00:00:15","00:00:18",DM,"And the way to Solange Barret was finally clear."
6,"00:00:19","00:00:20",DM,"She was struck down,"
7,"00:00:20","00:00:20",DM,"near death,"
8,"00:00:21","00:00:24",DM,"and with one last titanic final effort,"
9,"00:00:24","00:00:26",DM,"brought the ceiling down upon herself."
10,"00:00:27","00:00:28",DM,"completed the ritual,"
11,"00:00:28","00:00:30",DM,"betting her life on its success."
12,"00:00:31","00:00:36",DM,"We left off at the last fraction of a moment before the calamity occurred,"
13,"00:00:36","00:00:38",DM,"light and flame frozen in time,"
14,"00:00:39","00:00:41",DM,"just beginning to blossom across the ceiling."
15,"00:00:42","00:00:45",DM,"Tonight starts three nights earlier."
16,"00:00:45","00:00:47",DM,"At The Uncertainty's rail,"
17,"00:00:47","00:00:49",DM,"with the rest of the crew long asleep,"
18,"00:00:50","00:00:54",DM,"Thunk is pushed to extreme measures on today's episode of What's Up with Thunk."
19,"00:00:55","00:00:56",Speaker 1,"Yay!"
20,"00:00:59","00:01:25",DM,"We need a theme song for it Yeah you guys know how this works now There's gonna be some slight changes I got rid of that whole Two rolls and then you're done Thing that I hated that so it's a big group skill check Everyone rolls So it's just a collective A high collective DC Basically,"
21,"00:01:26","00:01:28",DM,"some of them are a high DC."
22,"00:01:28","00:01:29",DM,"Some of them,"
23,"00:01:29","00:01:30",DM,"there's multiple roles."
24,"00:01:31","00:01:34",DM,"So you guys can allocate them or play it by ear,"
25,"00:01:34","00:01:35",DM,"basically."
26,"00:01:35","00:01:36",DM,"It's a group skill check."
27,"00:01:36","00:01:39",DM,"I have some ideas for what kind of roles I'm looking for."
28,"00:01:40","00:01:40",DM,"But suggest."
29,"00:01:41","00:01:43",DM,"If you guys want to improvise,"
30,"00:01:44","00:01:44",DM,"totally cool with that."
31,"00:01:46","00:01:46",DM,"All right."
32,"00:01:46","00:01:46",DM,"All right."
33,"00:01:49","00:01:50",DM,"The hour is late."
34,"00:01:51","00:01:54",DM,"And The Uncertainty rides quiet at her moorin',"
35,"00:01:54","00:01:55",DM,"her deck empty,"
36,"00:01:56","00:01:59",DM,"but for the two of you and the harbor working away in the dark."
37,"00:02:00","00:02:05",DM,"You've spent the last day flinching at the sound of Rattkin footsteps on the weather deck above you."
38,"00:02:05","00:02:07",DM,"A thousand gold on the ship's credit,"
39,"00:02:07","00:02:10",DM,"two long nines and two short thirty-twos,"
40,"00:02:10","00:02:14",DM,"ordered in hand you don't remember signing until you saw it on the paper."
41,"00:02:15","00:02:18",DM,"Nona Black-Jaw hasn't said one word about it yet,"
42,"00:02:18","00:02:21",DM,"far too busy plotting your imminent and painful demise,"
43,"00:02:22","00:02:22",DM,"you imagine."
44,"00:02:23","00:02:25",DM,"You've crossed the deck twice tonight already,"
45,"00:02:25","00:02:28",DM,"once for the arithmetic and once for the nerve,"
46,"00:02:28","00:02:31",DM,"and both times you end up at the same rail."
47,"00:02:32","00:02:33",DM,"Old Faas,"
48,"00:02:33","00:02:34",DM,"sitting there,"
49,"00:02:34","00:02:36",DM,"splicing a line that could mend blind,"
50,"00:02:36","00:02:37",DM,"salt an old tar,"
51,"00:02:37","00:02:38",DM,"riding off the rope,"
52,"00:02:38","00:02:39",DM,"sharp enough to taste."
53,"00:02:41","00:02:41",Speaker 1,"Yeah,"
54,"00:02:41","00:02:41",Speaker 1,"boys."
55,"00:02:43","00:02:44",DM,"How do you make money fast?"
56,"00:02:45","00:02:46",Speaker 1,"He says."
57,"00:02:47","00:02:47",Speaker 1,"Damn,"
58,"00:02:47","00:02:47",Speaker 1,"Len!"
59,"00:02:48","00:02:49",DM,"He says wholeheartedly,"
60,"00:02:49","00:02:50",DM,"recommending it."
61,"00:02:51","00:02:52",DM,"And by the way of answer,"
62,"00:02:52","00:02:55",DM,"sets the rope down long enough to teach you the game right there on the deck."
63,"00:02:55","00:02:56",Speaker 1,"An hour in,"
64,"00:02:57","00:02:59",DM,"down every hand he's dealt you,"
65,"00:02:59","00:03:06",DM,"Faas catches you mouthing a count on your breath as the cards fall."
66,"00:03:06","00:03:08",DM,"His frown breaks into a wide grin."
67,"00:03:09","00:03:11",DM,"There's a game he goes most weeks,"
68,"00:03:11","00:03:11",DM,"he says."
69,"00:03:12","00:03:13",DM,"behind the butchers on Tallow Row."
70,"00:03:14","00:03:15",DM,"And with a mouth like yours for numbers,"
71,"00:03:16","00:03:17",DM,"they won't know what hit them."
72,"00:03:18","00:03:20",DM,"Then he picks the rope back up and waits on you."
73,"00:03:25","00:03:25",Speaker 1,"Short while later,"
74,"00:03:26","00:03:28",DM,"the walk down to Tallow Row is short."
75,"00:03:29","00:03:33",DM,"The alley behind the butchers narrow enough that the two of you go single file."
76,"00:03:33","00:03:36",DM,"It smells of old blood and cold fats."
77,"00:03:36","00:03:38",DM,"Halfway along it pours."
78,"00:03:38","00:03:40",DM,"Crate sacks one way,"
79,"00:03:40","00:03:41",DM,"an open gutter along the other."
80,"00:03:41","00:03:47",DM,"Faas keeps walking and knocks twice on the door at the end of the alley Friends of mine in here,"
81,"00:03:47","00:03:50",DM,"he says to you Fifteen years,"
82,"00:03:50","00:03:52",DM,"lose the first hour,"
83,"00:03:52","00:03:55",DM,"we count the second He presses a coin in your palm,"
84,"00:03:55","00:04:02",DM,"folds your fingers shut over it And does not explain The window at the door's end,"
85,"00:04:02","00:04:12",DM,"hardly bigger than the eyes peering through it as it opens studies the two of you for a long count before a voice asks in Draconic,"
86,"00:04:12","00:04:13",DM,"does anyone here speak Draconic?"
87,"00:04:14","00:04:15",Speaker 1,"No."
88,"00:04:16","00:04:18",DM,"Ash-nash-wind-a-pool."
89,"00:04:18","00:04:20",DM,"Ash-nash-wind-a-pool."
90,"00:04:21","00:04:22",DM,"Fast response."
91,"00:04:23","00:04:24",DM,"Imperfect Draconic."
92,"00:04:25","00:04:27",DM,"Ash-nash-thal-ka-to."
93,"00:04:27","00:04:28",DM,"Ash-brush-ee-hoo-ka-to."
94,"00:04:29","00:04:30",DM,"The door swings open,"
95,"00:04:32","00:04:34",DM,"revealing an ogre built like a fortress."
96,"00:04:35","00:04:35",DM,"Tusks,"
97,"00:04:35","00:04:36",DM,"yellowed and deliberate,"
98,"00:04:36","00:04:40",DM,"wearing more holstered steel than the two of you have ever seen in your life."
99,"00:04:41","00:04:42",DM,"He looks you up and down,"
100,"00:04:43","00:04:43",DM,"grunts,"
101,"00:04:43","00:04:45",DM,"claps Faas on the back,"
102,"00:04:45","00:04:47",DM,"and says one flat,"
103,"00:04:47","00:04:49",DM,"Draconic word about you over Faas's shoulder,"
104,"00:04:50","00:04:52",DM,"and laughs in a deep baritone while he holds the door."
105,"00:04:56","00:04:56",Speaker 1,"So,"
106,"00:04:56","00:04:57",DM,"this is basically,"
107,"00:04:58","00:05:00",DM,"I would love if everyone would roll a d20 for me."
108,"00:05:03","00:05:06",DM,"I need a wish ticker."
109,"00:05:07","00:05:08",Speaker 1,"Depends on what it is."
110,"00:05:09","00:05:10",Speaker 1,"We got two 20s."
111,"00:05:11","00:05:11",Crissdalynn,"Wait,"
112,"00:05:11","00:05:12",Crissdalynn,"did you roll already?"
113,"00:05:13","00:05:13",DM,"No."
114,"00:05:13","00:05:13",DM,"Oh,"
115,"00:05:13","00:05:13",DM,"never mind."
116,"00:05:14","00:05:15",DM,"17,"
117,"00:05:15","00:05:15",DM,"though."
118,"00:05:15","00:05:16",DM,"Pretty good."
119,"00:05:16","00:05:17",Crissdalynn,"I got a 20."
120,"00:05:17","00:05:18",DM,"Me too."
121,"00:05:18","00:05:18",DM,"Wow."
122,"00:05:19","00:05:21",DM,"I got a four."
123,"00:05:23","00:05:24",DM,"Wow."
124,"00:05:24","00:05:24",DM,"All right."
125,"00:05:25","00:05:28",Delmar,"We got both sides of what we want to do on this."
126,"00:05:28","00:05:28",Delmar,"Yeah."
127,"00:05:29","00:05:29",DM,"Okay."
128,"00:05:29","00:05:29",DM,"So,"
129,"00:05:29","00:05:30",DM,"I mean,"
130,"00:05:30","00:05:32",DM,"that's a pass across the board."
131,"00:05:32","00:05:35",DM,"I was looking for perception and insight and intimidation."
132,"00:05:38","00:05:38",Speaker 1,"Fuck."
133,"00:05:41","00:05:42",DM,"Okay."
134,"00:05:42","00:05:43",DM,"So with that,"
135,"00:05:43","00:05:44",DM,"across the board."
136,"00:05:49","00:05:49",Speaker 1,"First,"
137,"00:05:49","00:05:50",DM,"as you walk in,"
138,"00:05:50","00:05:51",DM,"you notice the way is out."
139,"00:05:52","00:05:56",DM,"You got a pretty good idea of how you can get back out of this back alley area."
140,"00:05:57","00:05:57",DM,"Two."
141,"00:06:00","00:06:01",Speaker 4,"Let's see here."
142,"00:06:01","00:06:34",DM,"um um I need uh fuck shit I don't know where okay so yeah we're just gonna do this as a group skill check so as long as everyone passes um it lets you uh they let you in um The ogre,"
143,"00:06:34","00:06:34",DM,"Krukan,"
144,"00:06:34","00:06:36",DM,"weighs the two of you a moment longer,"
145,"00:06:36","00:06:38",DM,"then steps aside without a word,"
146,"00:06:38","00:06:41",DM,"and the alley's cold stays outside with him."
147,"00:06:43","00:06:44",DM,"Rugs three inches deep,"
148,"00:06:44","00:06:46",DM,"whale oil in the lamps,"
149,"00:06:46","00:06:52",DM,"the four of the most obvious criminals in Calveno at a green felt table with two chairs still open."
150,"00:06:53","00:06:55",DM,"They cheer as Faas comes through the doorway,"
151,"00:06:55","00:06:56",DM,"glasses up,"
152,"00:06:56","00:06:58",DM,"an old friend back from sea."
153,"00:06:59","00:07:00",DM,"the bar's far end,"
154,"00:07:00","00:07:02",DM,"a second door stands half-ridden,"
155,"00:07:03","00:07:07",DM,"hidden behind a rack of hanging clothes,"
156,"00:07:07","00:07:09",DM,"and the drop under it is moving the hands."
157,"00:07:10","00:07:11",DM,"Across the felt,"
158,"00:07:12","00:07:12",DM,"a minotaur,"
159,"00:07:13","00:07:18",DM,"one field-born split by a knife's scar beside him."
160,"00:07:18","00:07:20",DM,"Lizardfolk woman,"
161,"00:07:20","00:07:21",DM,"long and lean,"
162,"00:07:21","00:07:22",DM,"built like a dog's-eye crane,"
163,"00:07:23","00:07:26",DM,"her tongue pacing there between hands."
164,"00:07:27","00:07:27",DM,"Third,"
165,"00:07:27","00:07:28",DM,"next to her,"
166,"00:07:28","00:07:30",DM,"a gnome kneeling on two cushions,"
167,"00:07:31","00:07:39",DM,"ink telling the table what became a crew he once had that held that anchor a whole season before the table erupts in laughter."
168,"00:07:40","00:07:43",DM,"The chair at the head of the table has no cards in front and no stack either."
169,"00:07:46","00:07:50",DM,"A human woman sits there with a liqueur box to the side of a Bible at her elbow."
170,"00:07:51","00:07:52",DM,"She rises when she sees you,"
171,"00:07:52","00:07:53",DM,"takes her face in both hands."
172,"00:07:59","00:08:24",DM,"you know this is um fuck we're in a market this is great okay so back alley poker game okay back alley not saloon Alley Poker Game."
173,"00:08:25","00:08:25",DM,"Yeah."
174,"00:08:25","00:08:27",DM,"Is this appropriate?"
175,"00:08:28","00:08:28",DM,"Yeah,"
176,"00:08:28","00:08:29",DM,"this is great."
177,"00:08:30","00:08:33",Delmar,"We hear chips being dropped and exchanged."
178,"00:08:33","00:08:33",Delmar,"Like,"
179,"00:08:33","00:08:33",Delmar,"no,"
180,"00:08:33","00:08:34",Delmar,"like..."
181,"00:08:35","00:08:36",Delmar,"It might be Back Alley,"
182,"00:08:36","00:08:37",Delmar,"but everyone..."
183,"00:08:37","00:08:37",Delmar,"Yeah."
184,"00:08:37","00:08:39",Crissdalynn,"Music from outside with open doors."
185,"00:08:39","00:08:39",Delmar,"Yeah,"
186,"00:08:39","00:08:43",Delmar,"this is one of those places where it's like they can do it out in the open even though it's still quote,"
187,"00:08:43","00:08:43",Delmar,"Back Alley."
188,"00:08:44","00:08:46",Crissdalynn,"I'm trying to picture the miniature of,"
189,"00:08:46","00:08:47",Crissdalynn,"like..."
190,"00:08:47","00:08:48",Speaker 1,"I don't know."
191,"00:08:53","00:08:54",Delmar,"Just..."
192,"00:08:54","00:08:57",Delmar,"Like some of the fucking Looney Tunes."
193,"00:08:58","00:08:59",Delmar,"But he's immaculate,"
194,"00:08:59","00:08:59",Delmar,"you know,"
195,"00:08:59","00:09:02",Delmar,"like never misses the note."
196,"00:09:02","00:09:04",Crissdalynn,"He really is one of those self-playing pianos,"
197,"00:09:04","00:09:05",Crissdalynn,"and he's just like..."
198,"00:09:06","00:09:07",DM,"He's fooling everyone."
199,"00:09:08","00:09:09",DM,"You're making the right money here."
200,"00:09:13","00:09:13",Speaker 1,"Yeah,"
201,"00:09:13","00:09:14",Speaker 1,"basically."
202,"00:09:15","00:09:15",Delmar,"Yep."
203,"00:09:19","00:09:20",DM,"How we're going to do this,"
204,"00:09:21","00:09:21",DM,"then,"
205,"00:09:21","00:09:24",DM,"Because I'm realizing that this isn't quite going to work the way I planned it."
206,"00:09:24","00:09:26",DM,"So we're going to do this group skill check."
207,"00:09:26","00:09:27",DM,"All right."
208,"00:09:27","00:09:32",DM,"So I need a perceptions."
209,"00:09:33","00:09:34",DM,"Basically,"
210,"00:09:34","00:09:35",DM,"how this is going to work,"
211,"00:09:35","00:09:35",DM,"everyone rolls."
212,"00:09:37","00:09:38",DM,"And you're essentially going to,"
213,"00:09:38","00:09:42",DM,"as long as more than half of you pass,"
214,"00:09:45","00:09:46",DM,"we're going to do,"
215,"00:09:46","00:09:46",DM,"yeah."
216,"00:09:49","00:10:19",DM,"basically passing rolls yeah basically and I'm just figuring I didn't set this up right for myself here but we're just going to do the god rolls it's using thunk's perception not our ass what would thunk do right now it's all you have to put your mind in yeah I'm sorry I'm just kind of blanking here if he fails in perception can it please be because the dwarven woman is in the tavern."
217,"00:10:19","00:10:24",Delmar,"The poor woman he puked on?"
218,"00:10:24","00:10:25",DM,"Almost puked on."
219,"00:10:25","00:10:26",DM,"He puked on the sheets."
220,"00:10:27","00:10:30",DM,"I need a perception roll to watch the other players."
221,"00:10:31","00:10:32",DM,"Look for bluffing,"
222,"00:10:33","00:10:33",DM,"fair tells,"
223,"00:10:34","00:10:40",DM,"and a slight of for any cheating you might want to do."
224,"00:10:40","00:10:40",DM,"Basically,"
225,"00:10:40","00:10:41",DM,"you guys are playing a stunt."
226,"00:10:42","00:10:42",DM,"It's a roll two."
227,"00:10:44","00:10:45",DM,"Sorry,"
228,"00:10:45","00:10:48",DM,"everyone rolls and we're going to combine them."
229,"00:10:48","00:10:48",DM,"So,"
230,"00:10:48","00:10:49",DM,"um..."
231,"00:10:50","00:10:52",DM,"I got an 11."
232,"00:10:53","00:10:53",Speaker 1,"9."
233,"00:10:53","00:10:54",Speaker 1,"15."
234,"00:10:54","00:10:55",Speaker 1,"5."
235,"00:10:57","00:10:57",DM,"Wow."
236,"00:10:58","00:10:58",DM,"Sorry,"
237,"00:10:58","00:11:00",DM,"the two high ones were a 15 and a..."
238,"00:11:00","00:11:00",DM,"11."
239,"00:11:01","00:11:02",DM,"15 and 11."
240,"00:11:03","00:11:04",DM,"You lose the first..."
241,"00:11:04","00:11:07",DM,"You lose the first hand,"
242,"00:11:07","00:11:07",DM,"unfortunately."
243,"00:11:08","00:11:09",DM,"You're out,"
244,"00:11:09","00:11:11",DM,"but you do notice they are..."
245,"00:11:17","00:11:18",DM,"Um..."
246,"00:11:18","00:11:18",DM,"potentially."
247,"00:11:19","00:11:19",DM,"In fact,"
248,"00:11:19","00:11:22",DM,"another exit point through here."
249,"00:11:24","00:11:31",DM,"And I would say that you also do notice that the lizard-poked person is really deep pocket."
250,"00:11:31","00:11:33",DM,"She's got some very valuables on her."
251,"00:11:35","00:11:37",DM,"The next round of..."
252,"00:11:38","00:11:39",Speaker 1,"Sorry."
253,"00:11:40","00:11:40",DM,"Yeah,"
254,"00:11:40","00:11:41",DM,"the next hand."
255,"00:11:42","00:11:47",DM,"Faas settles in beside you and lets you lose the first hour of often to you,"
256,"00:11:47","00:11:49",DM,"the way he told you to in the alley."
257,"00:11:49","00:11:51",DM,"The room files you under harmless."
258,"00:11:52","00:11:53",DM,"Then the deck runs thinner,"
259,"00:11:54","00:11:54",DM,"hand over hand,"
260,"00:11:55","00:11:57",DM,"and so does the arithmetic behind your eyes."
261,"00:11:58","00:11:59",DM,"High card's gone."
262,"00:11:59","00:12:00",DM,"Low card's gone."
263,"00:12:00","00:12:03",DM,"What's left adding up to whether you mean it or not?"
264,"00:12:05","00:12:08",DM,"The minotaur's easy smile starts arriving half a second late."
265,"00:12:09","00:12:10",DM,"He deals the next hand himself,"
266,"00:12:11","00:12:12",DM,"cards snapping them crisp and even,"
267,"00:12:12","00:12:16",DM,"and the pile in front of him stops shrinking in the wind."
268,"00:12:16","00:12:18",DM,"across from the lizard boat."
269,"00:12:19","00:12:22",DM,"Hasn't touched her own cards in three hands."
270,"00:12:22","00:12:23",DM,"She's watching yours land."
271,"00:12:26","00:12:27",DM,"You know,"
272,"00:12:27","00:12:31",DM,"I am realizing I have made a mistake with this."
273,"00:12:33","00:12:33",Speaker 1,"So,"
274,"00:12:33","00:12:34",Speaker 1,"um,"
275,"00:12:35","00:12:35",Speaker 1,"yeah."
276,"00:12:39","00:12:41",DM,"I'm just going to improvise this right now."
277,"00:12:42","00:12:43",Speaker 1,"Yeah."
278,"00:12:44","00:12:45",DM,"We'll just find out what Thunk does."
279,"00:12:46","00:12:46",DM,"Doing what?"
280,"00:12:46","00:12:46",DM,"Yeah."
281,"00:12:47","00:12:47",DM,"So,"
282,"00:12:47","00:12:48",DM,"you've been counting cards."
283,"00:12:49","00:12:50",DM,"Yeah."
284,"00:12:50","00:12:51",DM,"That's the thing."
285,"00:12:51","00:12:52",DM,"Now I figured it out."
286,"00:12:52","00:12:54",DM,"Faas has figured out that Thunk can count cards."
287,"00:12:54","00:12:55",DM,"He doesn't even know how to play poker,"
288,"00:12:55","00:12:57",DM,"but apparently he can count cards."
289,"00:12:57","00:12:58",DM,"Right?"
290,"00:12:58","00:13:00",DM,"His friend has been able to thunk the idiot Savants."
291,"00:13:00","00:13:00",DM,"Yeah,"
292,"00:13:00","00:13:00",DM,"yeah,"
293,"00:13:00","00:13:00",DM,"yeah."
294,"00:13:01","00:13:01",DM,"So,"
295,"00:13:01","00:13:04",DM,"that's the game you're running right now."
296,"00:13:04","00:13:05",DM,"He's trying to rip off the criminals."
297,"00:13:06","00:13:06",DM,"Whatever."
298,"00:13:06","00:13:08",DM,"Guns and cannons are his train."
299,"00:13:09","00:13:09",DM,"His trains."
300,"00:13:09","00:13:12",DM,"The current pot is 300 gold."
301,"00:13:14","00:13:17",DM,"Of Thunk is intending to take that and pay off his debt."
302,"00:13:18","00:13:18",DM,"Which,"
303,"00:13:18","00:13:19",DM,"by the way,"
304,"00:13:19","00:13:20",DM,"is also your debt."
305,"00:13:21","00:13:21",DM,"Yeah."
306,"00:13:22","00:13:22",DM,"So,"
307,"00:13:22","00:13:25",DM,"how we're going to do this,"
308,"00:13:25","00:13:25",DM,"then,"
309,"00:13:25","00:13:26",DM,"is..."
310,"00:13:29","00:13:30",DM,"There's five of you,"
311,"00:13:30","00:13:31",DM,"and I'm trying to figure out some way to make this actually,"
312,"00:13:31","00:13:32",DM,"like..."
313,"00:13:32","00:13:33",Speaker 1,"Yeah."
314,"00:13:36","00:13:37",DM,"Take the two best rolls?"
315,"00:13:37","00:13:38",DM,"I'm going to roll an advantage,"
316,"00:13:38","00:13:39",DM,"and everyone rolls,"
317,"00:13:39","00:13:40",DM,"and it'll be a contested roll."
318,"00:13:42","00:13:42",DM,"You guys,"
319,"00:13:42","00:13:45",DM,"just one of you needs to beat me."
320,"00:13:46","00:13:51",DM,"That is each roll of I was going to say."
321,"00:13:51","00:13:53",DM,"I got an 8 and a 10."
322,"00:13:53","00:13:54",DM,"I got 19."
323,"00:13:56","00:13:57",DM,"That beats them."
324,"00:13:59","00:14:01",DM,"I would love one more now."
325,"00:14:02","00:14:04",DM,"This is for them noticing."
326,"00:14:04","00:14:08",DM,"They scored another 50 gold of them counting that."
327,"00:14:09","00:14:09",DM,"Oh,"
328,"00:14:09","00:14:10",DM,"and they are picking up on that."
329,"00:14:10","00:14:11",DM,"That's a 16."
330,"00:14:12","00:14:13",DM,"17."
331,"00:14:14","00:14:15",DM,"17?"
332,"00:14:15","00:14:15",DM,"What is that?"
333,"00:14:16","00:14:16",DM,"I got a 16."
334,"00:14:16","00:14:17",DM,"Yeah,"
335,"00:14:17","00:14:18",DM,"that does it."
336,"00:14:19","00:14:21",Delmar,"I'm literally swapping dice each time."
337,"00:14:22","00:14:23",Delmar,"That's not how that works,"
338,"00:14:23","00:14:24",Delmar,"but my brain's going,"
339,"00:14:24","00:14:24",Delmar,"nope,"
340,"00:14:24","00:14:25",Delmar,"it's going to work."
341,"00:14:25","00:14:26",Delmar,"Each time."
342,"00:14:26","00:14:26",Delmar,"Sorry."
343,"00:14:26","00:14:28",Delmar,"It might not be manifested."
344,"00:14:28","00:14:29",DM,"It happens."
345,"00:14:30","00:14:31",DM,"They're getting a little suspicious,"
346,"00:14:31","00:14:34",DM,"but they're still not picking up on it,"
347,"00:14:34","00:14:36",DM,"and they put in next hand,"
348,"00:14:37","00:14:40",DM,"another 100 gold is in the pot."
349,"00:14:42","00:14:45",DM,"They're all watching you very closely right now."
350,"00:14:47","00:14:48",DM,"For this,"
351,"00:14:48","00:14:49",DM,"to win this hand,"
352,"00:14:50","00:14:51",DM,"you don't only need a 12,"
353,"00:14:51","00:14:54",DM,"but to avoid suspicion,"
354,"00:14:54","00:14:55",DM,"you need an 18."
355,"00:14:57","00:14:58",Catarina,"This is my way in."
356,"00:14:59","00:14:59",DM,"Yeah,"
357,"00:14:59","00:15:00",DM,"I've been rolling horribly."
358,"00:15:00","00:15:01",Speaker 1,"Five."
359,"00:15:01","00:15:02",Delmar,"Not an 18 here?"
360,"00:15:03","00:15:03",Delmar,"14."
361,"00:15:03","00:15:04",Delmar,"No."
362,"00:15:04","00:15:04",Delmar,"Unless,"
363,"00:15:04","00:15:05",Delmar,"well,"
364,"00:15:05","00:15:07",Delmar,"what does Thunk give us?"
365,"00:15:07","00:15:09",Delmar,"Per not a positive one."
366,"00:15:09","00:15:10",DM,"Okay,"
367,"00:15:10","00:15:10",DM,"okay,"
368,"00:15:10","00:15:10",DM,"yeah,"
369,"00:15:10","00:15:10",DM,"yeah,"
370,"00:15:10","00:15:11",DM,"yeah."
371,"00:15:11","00:15:11",DM,"14,"
372,"00:15:11","00:15:11",DM,"14."
373,"00:15:12","00:15:12",DM,"Okay."
374,"00:15:13","00:15:13",DM,"So,"
375,"00:15:13","00:15:13",DM,"yeah,"
376,"00:15:13","00:15:14",DM,"you win the hand."
377,"00:15:14","00:15:16",DM,"They are now suspicious."
378,"00:15:17","00:15:18",DM,"We are no longer labeled as harmless."
379,"00:15:20","00:15:21",DM,"At this point."
380,"00:15:21","00:15:21",DM,"Yeah."
381,"00:15:23","00:15:24",DM,"The minutes are,"
382,"00:15:24","00:15:28",DM,"shove the whole table past 600 in one movement."
383,"00:15:28","00:15:29",DM,"Watching your hands,"
384,"00:15:29","00:15:30",DM,"not your face."
385,"00:15:31","00:15:32",DM,"Faas folds the hand he should have won,"
386,"00:15:32","00:15:33",DM,"says nothing."
387,"00:15:35","00:15:37",DM,"The Minotaur isn't smiling at all anymore,"
388,"00:15:37","00:15:38",DM,"hands folded,"
389,"00:15:38","00:15:39",DM,"watching the doors."
390,"00:15:39","00:15:40",DM,"The deck sits empty,"
391,"00:15:40","00:15:42",DM,"nobody moves to reshuffle it."
392,"00:15:45","00:15:49",DM,"Krukan fills the front doorway entirely,"
393,"00:15:50","00:15:51",DM,"close enough that you can hear and breathe."
394,"00:15:52","00:15:56",DM,"The barred door behind the coats sits 30 feet the other way,"
395,"00:15:57","00:16:00",DM,"cold air still moving under it and nobody standing near it."
396,"00:16:02","00:16:02",DM,"the table,"
397,"00:16:02","00:16:03",DM,"fastest boot,"
398,"00:16:03","00:16:04",DM,"finds your angle."
399,"00:16:04","00:16:04",DM,"One tap."
400,"00:16:05","00:16:05",DM,"Deliberate."
401,"00:16:07","00:16:08",DM,"You've been lucky a great many times."
402,"00:16:09","00:16:09",DM,"I resign."
403,"00:16:10","00:16:11",DM,"The decks run thin."
404,"00:16:12","00:16:13",DM,"You bet like you already knew."
405,"00:16:15","00:16:19",DM,"I need a persuasion to convince them you are not spamming them."
406,"00:16:20","00:16:21",DM,"17."
407,"00:16:21","00:16:22",DM,"Ooh."
408,"00:16:23","00:16:24",DM,"I wanted it."
409,"00:16:25","00:16:25",DM,"19."
410,"00:16:26","00:16:27",Speaker 1,"Nice."
411,"00:16:29","00:16:31",Catarina,"Finally got a 19."
412,"00:16:32","00:17:03",DM,"a zero two whoa what the heck was that that one's yeah I'm sorry to say it was a twenty oh no no um um I mean with the oh it's just highest rolls yeah um so looks pretty good in a fist fight right fortunately you guys did notice that I would love uh I need someone to roll a dex acrobatics probably and I need a um a stealth for faking out the direction you're going."
413,"00:17:04","00:17:04",DM,"Wait,"
414,"00:17:04","00:17:05",DM,"I need soft ice."
415,"00:17:07","00:17:08",DM,"That wasn't much better."
416,"00:17:08","00:17:10",DM,"I need 13 for deaths,"
417,"00:17:11","00:17:11",DM,"and for stealth,"
418,"00:17:11","00:17:12",DM,"I need a 15."
419,"00:17:14","00:17:14",DM,"No?"
420,"00:17:14","00:17:15",DM,"Nope."
421,"00:17:15","00:17:16",DM,"How about 11?"
422,"00:17:16","00:17:16",DM,"Oh,"
423,"00:17:16","00:17:17",DM,"blank."
424,"00:17:17","00:17:17",DM,"11."
425,"00:17:18","00:17:19",DM,"We're each rolling twice."
426,"00:17:19","00:17:20",DM,"Yeah."
427,"00:17:20","00:17:20",Speaker 1,"Oh,"
428,"00:17:20","00:17:21",Speaker 1,"okay."
429,"00:17:21","00:17:22",Crissdalynn,"Oh,"
430,"00:17:22","00:17:23",Crissdalynn,"we're rolling second."
431,"00:17:23","00:17:23",Crissdalynn,"Oh,"
432,"00:17:23","00:17:23",Crissdalynn,"okay."
433,"00:17:23","00:17:24",Speaker 1,"Oh,"
434,"00:17:24","00:17:24",Speaker 1,"16."
435,"00:17:25","00:17:25",Speaker 1,"Yeah."
436,"00:17:26","00:17:26",Speaker 1,"Six."
437,"00:17:27","00:17:27",Crissdalynn,"Also six."
438,"00:17:28","00:17:28",Crissdalynn,"We're just getting there."
439,"00:17:28","00:17:28",Delmar,"Okay,"
440,"00:17:28","00:17:29",Delmar,"yeah."
441,"00:17:29","00:17:29",Delmar,"No,"
442,"00:17:29","00:17:30",Delmar,"um..."
443,"00:17:30","00:17:30",Speaker 1,"Thank you for the second roll."
444,"00:17:31","00:17:32",DM,"That was a lot better than the first one."
445,"00:17:32","00:17:34",DM,"So you guys failed one of them,"
446,"00:17:34","00:17:36",DM,"but I'll let you decide which one."
447,"00:17:38","00:17:39",DM,"They're either following you,"
448,"00:17:39","00:17:40",DM,"or they caught you."
449,"00:17:41","00:17:42",DM,"They know which way you're going,"
450,"00:17:42","00:17:44",DM,"or they caught you going that way."
451,"00:17:44","00:17:44",Delmar,"Oh,"
452,"00:17:44","00:17:44",Speaker 1,"following."
453,"00:17:44","00:17:45",Delmar,"They're following us."
454,"00:17:45","00:17:46",Delmar,"Are you kidding me?"
455,"00:17:46","00:17:46",Delmar,"All right."
456,"00:17:46","00:17:48",Delmar,"We have a whole crew waiting for them."
457,"00:17:48","00:17:48",Delmar,"Yeah,"
458,"00:17:48","00:17:49",Delmar,"all right."
459,"00:17:49","00:17:50",Delmar,"We're moving closer to Thunk's guns."
460,"00:17:51","00:17:51",Delmar,"Oh,"
461,"00:17:51","00:17:51",Delmar,"no."
462,"00:17:51","00:17:52",Delmar,"What will he do?"
463,"00:17:55","00:17:55",DM,"So,"
464,"00:17:55","00:17:56",DM,"yeah,"
465,"00:17:56","00:17:57",DM,"I just need a..."
466,"00:17:58","00:17:58",DM,"Yeah,"
467,"00:17:58","00:17:59",DM,"basically."
468,"00:18:00","00:18:33",DM,"You just see him holding a cannon over his shoulder And just You run out the alley With silver spilling out of your arms and your coat And out of one boot in your case Laughing the whole way Now the image makes sense Okay Faas stays exactly as flat as ever No laugh in him tonight Not yet said one word He moves fast for a man on two peg legs Faster than anyone his age has any right to You know the peg-legged dude from Family Guy?"
469,"00:18:37","00:18:38",DM,"Three nights later,"
470,"00:18:38","00:18:39",DM,"across the city,"
471,"00:18:39","00:18:40",DM,"the crater of..."
472,"00:18:42","00:18:43",DM,"She rose in the dark."
473,"00:18:44","00:18:44",DM,"Nay,"
474,"00:18:44","00:18:45",DM,"me father was a tree."
475,"00:18:48","00:18:49",Speaker 1,"So,"
476,"00:18:49","00:18:52",DM,"that was one that didn't work,"
477,"00:18:52","00:18:54",DM,"as I intended it to."
478,"00:18:54","00:18:54",DM,"Hey,"
479,"00:18:54","00:18:55",DM,"it worked out,"
480,"00:18:55","00:18:55",DM,"though."
481,"00:18:55","00:18:55",DM,"we..."
482,"00:18:55","00:18:57",DM,"Let's get into the O-Tar fight."
483,"00:18:57","00:18:58",Speaker 1,"Fuck it."
484,"00:18:58","00:18:59",Speaker 1,"Alright."
485,"00:19:01","00:19:02",Delmar,"Okay,"
486,"00:19:02","00:19:02",Delmar,"so..."
487,"00:19:03","00:19:03",Delmar,"I leveled."
488,"00:19:03","00:19:04",Delmar,"Yes."
489,"00:19:04","00:19:05",Delmar,"I'm at full health,"
490,"00:19:05","00:19:08",Delmar,"but I was the only one not in cover."
491,"00:19:09","00:19:09",Delmar,"Well,"
492,"00:19:09","00:19:10",Delmar,"I was in cover,"
493,"00:19:11","00:19:14",Delmar,"but I was the only one who has to deal with the blast."
494,"00:19:15","00:19:15",Speaker 1,"Oh,"
495,"00:19:15","00:19:15",Speaker 1,"yes,"
496,"00:19:15","00:19:16",Speaker 1,"it is."
497,"00:19:16","00:19:17",Speaker 1,"And you'll be okay."
498,"00:19:17","00:19:17",Speaker 1,"Um,"
499,"00:19:18","00:19:18",DM,"yeah."
500,"00:19:19","00:19:19",DM,"Oh,"
501,"00:19:19","00:19:19",DM,"yeah."
502,"00:19:20","00:19:22",DM,"Do we have a where everyone was?"
503,"00:19:22","00:19:22",DM,"Yes."
504,"00:19:23","00:19:24",DM,"I got a photo of that."
505,"00:19:24","00:19:24",DM,"We'll have to fix."
506,"00:19:26","00:19:26",Speaker 1,"Um,"
507,"00:19:26","00:19:27",DM,"oh yeah,"
508,"00:19:27","00:19:27",DM,"so,"
509,"00:19:27","00:19:27",DM,"yeah."
510,"00:19:28","00:19:28",DM,"So,"
511,"00:19:28","00:19:29",DM,"we got rings."
512,"00:19:30","00:19:30",DM,"First,"
513,"00:19:30","00:19:33",DM,"I love everyone making their own stuff in one room."
514,"00:19:33","00:19:34",DM,"I saw them all there."
515,"00:19:34","00:19:35",DM,"And if you can find that photo,"
516,"00:19:36","00:19:37",Catarina,"it's close to the thing."
517,"00:19:38","00:19:39",Catarina,"Do you want me to make one?"
518,"00:19:39","00:19:41",Catarina,"I wasn' underneath the thing that they put."
519,"00:19:42","00:19:42",DM,"I have a picture."
520,"00:19:43","00:19:43",DM,"Yep."
521,"00:19:44","00:19:44",DM,"Oh,"
522,"00:19:44","00:19:44",DM,"right."
523,"00:19:45","00:19:46",DM,"I can't imagine everyone else does too,"
524,"00:19:47","00:19:47",DM,"so."
525,"00:19:47","00:19:47",DM,"Yeah,"
526,"00:19:47","00:19:47",DM,"well,"
527,"00:19:47","00:19:48",DM,"I can't find mine at the moment."
528,"00:19:49","00:19:49",Speaker 1,"Um,"
529,"00:19:50","00:19:50",Speaker 1,"where'd it go?"
530,"00:19:51","00:19:51",Speaker 1,"Okay,"
531,"00:19:51","00:19:51",Speaker 1,"uh,"
532,"00:19:52","00:19:52",DM,"Oh,"
533,"00:19:52","00:19:54",DM,"that must be..."
534,"00:19:54","00:19:55",DM,"I think it's over there."
535,"00:19:56","00:19:58",Delmar,"The chair was here."
536,"00:19:59","00:19:59",Speaker 1,"That's the important part."
537,"00:20:02","00:20:03",Delmar,"I don't know where the rest of these were,"
538,"00:20:03","00:20:04",Delmar,"but..."
539,"00:20:04","00:20:05",DM,"Oh,"
540,"00:20:05","00:20:05",DM,"there it is."
541,"00:20:05","00:20:05",DM,"All right,"
542,"00:20:06","00:20:06",DM,"I found it."
543,"00:20:07","00:20:07",DM,"Get him."
544,"00:20:07","00:20:08",DM,"Get him."
545,"00:20:10","00:20:11",DM,"That was over here."
546,"00:20:11","00:20:12",DM,"Here."
547,"00:20:12","00:20:13",DM,"Here."
548,"00:20:16","00:20:17",DM,"I don't care what character you did,"
549,"00:20:17","00:20:18",DM,"but I heard you just want,"
550,"00:20:19","00:20:19",DM,"like,"
551,"00:20:19","00:20:20",DM,"a person with a beard."
552,"00:20:20","00:20:21",DM,"You were..."
553,"00:20:21","00:20:24",DM,"You were a grey one last time."
554,"00:20:24","00:20:24",Speaker 1,"Yeah,"
555,"00:20:24","00:20:25",Speaker 1,"I kind of shifted."
556,"00:20:25","00:20:26",DM,"I had some."
557,"00:20:28","00:20:28",DM,"Oh,"
558,"00:20:28","00:20:29",DM,"okay."
559,"00:20:29","00:20:29",DM,"Hold on."
560,"00:20:32","00:20:34",DM,"I thought you were over here."
561,"00:20:34","00:20:34",DM,"I was,"
562,"00:20:34","00:20:34",DM,"yeah."
563,"00:20:36","00:20:37",Catarina,"We'll just play it as that."
564,"00:20:37","00:20:39",Catarina,"I was the one that it jumped to."
565,"00:20:40","00:20:40",Crissdalynn,"Out."
566,"00:20:40","00:20:41",Crissdalynn,"Ooh,"
567,"00:20:41","00:20:43",Crissdalynn,"and my attack will move from a D6 to a D8."
568,"00:20:43","00:20:44",Crissdalynn,"What?"
569,"00:20:45","00:20:45",Speaker 1,"That's so funny."
570,"00:20:45","00:20:46",Delmar,"Wait,"
571,"00:20:46","00:20:47",Delmar,"was this who you were using?"
572,"00:20:47","00:20:47",Delmar,"Oh,"
573,"00:20:47","00:20:47",Delmar,"was that me?"
574,"00:20:47","00:20:47",Delmar,"Yeah."
575,"00:20:48","00:20:49",Delmar,"Because you were not..."
576,"00:20:49","00:20:50",Delmar,"No."
577,"00:20:50","00:20:50",Delmar,"No,"
578,"00:20:51","00:20:52",Delmar,"your character was just there."
579,"00:20:52","00:20:52",Delmar,"Yeah,"
580,"00:20:52","00:20:52",Delmar,"yeah,"
581,"00:20:52","00:20:52",Delmar,"yeah."
582,"00:20:54","00:20:57",Catarina,"It was doing the thing that was trying to get back into the..."
583,"00:20:57","00:21:02",Delmar,"That was the one that was running,"
584,"00:21:02","00:21:02",Delmar,"I believe."
585,"00:21:03","00:21:04",Delmar,"This was the one that was running."
586,"00:21:05","00:21:05",DM,"I think..."
587,"00:21:06","00:21:07",DM,"Oh,"
588,"00:21:07","00:21:07",DM,"no,"
589,"00:21:07","00:21:07",DM,"you're right,"
590,"00:21:07","00:21:08",DM,"you're right."
591,"00:21:08","00:21:08",DM,"Yeah,"
592,"00:21:08","00:21:08",DM,"it's like..."
593,"00:21:09","00:21:10",DM,"14 on average."
594,"00:21:10","00:21:10",DM,"Yeah,"
595,"00:21:10","00:21:11",DM,"um..."
596,"00:21:12","00:21:14",DM,"Let's see if that looks..."
597,"00:21:14","00:21:16",DM,"Ducky is right here."
598,"00:21:16","00:21:17",DM,"Yeah,"
599,"00:21:17","00:21:18",DM,"right in front of the..."
600,"00:21:19","00:21:21",DM,"This was the guy that was running because the owl went out."
601,"00:21:21","00:21:25",DM,"I don't know who the fuck this is."
602,"00:21:25","00:21:26",DM,"I don't think..."
603,"00:21:26","00:21:29",DM,"I'm left worried about killing you guys."
604,"00:21:29","00:21:29",DM,"The rest were all dead."
605,"00:21:30","00:21:31",DM,"I was a little bit worried about that last night."
606,"00:21:33","00:21:34",DM,"Hey,"
607,"00:21:34","00:21:34",DM,"Nick."
608,"00:21:34","00:21:36",DM,"We have one unresolved issue here."
609,"00:21:36","00:21:40",DM,"There's a character that we think is not actually supposed to be there."
610,"00:21:41","00:21:42",DM,"It was..."
611,"00:21:42","00:21:43",DM,"Everyone was dead except for one,"
612,"00:21:43","00:21:43",DM,"right?"
613,"00:21:44","00:21:45",DM,"So I don't think it was..."
614,"00:21:45","00:21:46",DM,"You know what I mean?"
615,"00:21:46","00:21:46",DM,"Yeah,"
616,"00:21:47","00:21:49",DM,"it's an accident."
617,"00:21:50","00:21:51",Delmar,"And your spider was still over here."
618,"00:21:51","00:21:52",Delmar,"It wasn't on you."
619,"00:21:53","00:21:54",Delmar,"That's right."
620,"00:21:54","00:21:55",Delmar,"Spider was,"
621,"00:21:55","00:21:55",Crissdalynn,"like,"
622,"00:21:55","00:21:56",Crissdalynn,"crawled up dead."
623,"00:21:56","00:21:57",DM,"Yeah,"
624,"00:21:57","00:21:57",DM,"I was going to say."
625,"00:21:58","00:21:59",Crissdalynn,"Regnito was normal."
626,"00:22:00","00:22:01",DM,"Closing the barn door."
627,"00:22:01","00:22:01",DM,"Or,"
628,"00:22:01","00:22:01",DM,"you know,"
629,"00:22:02","00:22:02",DM,"closing the barn door."
630,"00:22:04","00:22:05",DM,"Words are hard."
631,"00:22:05","00:22:06",Speaker 1,"Those are words."
632,"00:22:07","00:22:08",DM,"Before we get,"
633,"00:22:08","00:22:08",DM,"like,"
634,"00:22:08","00:22:09",DM,"rolling here,"
635,"00:22:09","00:22:12",DM,"did everybody level up their racial shit?"
636,"00:22:14","00:22:16",DM,"Because Reese is getting an additional ability at level 5."
637,"00:22:17","00:22:17",Speaker 1,"Huh?"
638,"00:22:18","00:22:19",DM,"What would have been?"
639,"00:22:19","00:22:22",DM,"If you're D&D Beyond,"
640,"00:22:22","00:22:23",DM,"it should have done it for you already."
641,"00:22:24","00:22:26",DM,"There's no level 5 rat camp."
642,"00:22:26","00:22:27",DM,"I think there is,"
643,"00:22:27","00:22:28",DM,"actually."
644,"00:22:28","00:22:30",Crissdalynn,"What's the level 5 Eric ability?"
645,"00:22:30","00:22:33",DM,"You might not have one because you are very friendly."
646,"00:22:34","00:22:35",DM,"You might not have one because you..."
647,"00:22:35","00:22:36",Crissdalynn,"I'm already strong,"
648,"00:22:36","00:22:37",Crissdalynn,"like Barry."
649,"00:22:37","00:22:39",Crissdalynn,"Eric comes in looking at us."
650,"00:22:40","00:22:42",DM,"And the homebrews might not happen."
651,"00:22:42","00:22:42",Crissdalynn,"Well,"
652,"00:22:42","00:22:43",Crissdalynn,"Eric comes on homebrews."
653,"00:22:43","00:22:43",Crissdalynn,"I do not."
654,"00:22:44","00:22:46",DM,"I'm just a regular old human."
655,"00:22:46","00:22:46",DM,"Yeah,"
656,"00:22:46","00:22:47",DM,"yeah."
657,"00:22:48","00:22:48",Speaker 1,"Oh,"
658,"00:22:48","00:22:48",Speaker 1,"man."
659,"00:22:51","00:22:52",Delmar,"But you know what?"
660,"00:22:52","00:22:53",Delmar,"I have voices in my head."
661,"00:22:54","00:22:55",Delmar,"You guys don't."
662,"00:22:55","00:22:55",Delmar,"Yeah,"
663,"00:22:55","00:22:57",Delmar,"you're more of a regular old human."
664,"00:22:58","00:23:00",Delmar,"And I also have a fucking super shotgun now."
665,"00:23:01","00:23:01",Delmar,"Oh,"
666,"00:23:02","00:23:02",Delmar,"yeah."
667,"00:23:02","00:23:03",Delmar,"Hooray!"
668,"00:23:10","00:23:11",DM,"I don't think the rat can have one,"
669,"00:23:11","00:23:12",DM,"though."
670,"00:23:12","00:23:44",DM,"I think I had everything written down about Rampkin that was not all of the races humans don't orcs don't bardic inspiration is a d8 now oh fucking sweet nice that is good before we do anything else we're still frozen in time last thing starting can I get everyone to roll a dexterity for the ceiling coming down."
671,"00:23:44","00:23:46",DM,"I'm looking for that 15."
672,"00:23:46","00:23:47",Crissdalynn,"In that area?"
673,"00:23:47","00:23:49",Crissdalynn,"Because I was away from that."
674,"00:23:49","00:23:51",Crissdalynn,"Where it was caving out?"
675,"00:23:51","00:23:52",Crissdalynn,"I was on that part here."
676,"00:23:52","00:23:53",Crissdalynn,"The entire ceiling."
677,"00:23:56","00:23:56",Crissdalynn,"Clarifying."
678,"00:23:57","00:23:57",Crissdalynn,"Actually 15."
679,"00:23:57","00:23:58",Crissdalynn,"I don't know,"
680,"00:23:58","00:23:58",Crissdalynn,"15 as well."
681,"00:23:59","00:24:00",Crissdalynn,"I put six,"
682,"00:24:00","00:24:01",Crissdalynn,"you said?"
683,"00:24:01","00:24:01",Crissdalynn,"15,"
684,"00:24:01","00:24:01",Crissdalynn,"buddy."
685,"00:24:02","00:24:02",Crissdalynn,"11."
686,"00:24:03","00:24:04",Delmar,"14 plus 5,"
687,"00:24:04","00:24:05",Delmar,"I got 19."
688,"00:24:06","00:24:07",Crissdalynn,"But add 7 to that."
689,"00:24:07","00:24:09",Crissdalynn,"I've got a pretty high deck."
690,"00:24:10","00:24:14",DM,"Did everybody get inspiration at the end of last episode?"
691,"00:24:14","00:24:15",DM,"We never did the vote thing."
692,"00:24:16","00:24:16",DM,"But anytime we vote,"
693,"00:24:16","00:24:23",DM,"it seems we all just I'm gonna like reduce the categories because I'm like,"
694,"00:24:23","00:24:24",DM,"I don't want you guys to vote."
695,"00:24:24","00:24:25",DM,"But yeah,"
696,"00:24:25","00:24:27",DM,"I'm gonna for now everyone gets one."
697,"00:24:27","00:24:27",DM,"Okay,"
698,"00:24:27","00:24:27",DM,"cool."
699,"00:24:28","00:24:29",DM,"Maybe three categories."
700,"00:24:30","00:24:31",DM,"I was gonna say,"
701,"00:24:31","00:24:31",DM,"if there's four,"
702,"00:24:32","00:24:33",DM,"I'm just gonna make sure everyone gets one."
703,"00:24:34","00:24:36",DM,"Before we resolve the damage,"
704,"00:24:37","00:24:38",Speaker 1,"one moment."
705,"00:24:39","00:24:40",Speaker 1,"Um..."
706,"00:24:40","00:24:43",DM,"Solange is still kneeling at the circle's edge where you last are."
707,"00:24:43","00:24:46",DM,"She said one word into the chamber,"
708,"00:24:46","00:24:47",DM,"Agni,"
709,"00:24:47","00:24:49",DM,"and the ceiling lit up."
710,"00:24:50","00:24:54",DM,"A seam of orange opens across thirty feet of stone above the summoning platform,"
711,"00:24:55","00:24:58",DM,"and the sound arrives a half-beat behind the light."
712,"00:24:58","00:25:01",DM,"You're all exactly where the last breath left you,"
713,"00:25:01","00:25:03",DM,"the platform is circle ahead of you,"
714,"00:25:03","00:25:06",DM,"scaffolding standing twenty feet back along every wall."
715,"00:25:06","00:25:07",DM,"trap,"
716,"00:25:07","00:25:08",DM,"um,"
717,"00:25:08","00:25:09",DM,"um,"
718,"00:25:09","00:25:11",DM,"and nothing between,"
719,"00:25:11","00:25:12",DM,"uh,"
720,"00:25:12","00:25:12",Speaker 1,"the,"
721,"00:25:13","00:25:15",DM,"then the whole of it comes down at once."
722,"00:25:17","00:25:18",Speaker 1,"Alright,"
723,"00:25:18","00:25:22",DM,"the fire doesn't move like fire should."
724,"00:25:22","00:25:25",DM,"It hangs on its own leading edge,"
725,"00:25:26","00:25:29",DM,"slowly creeping along the ceiling,"
726,"00:25:29","00:25:33",DM,"and you notice everything's moving a little slowly."
727,"00:25:34","00:25:37",DM,"Everything past your own held breath goes silent."
728,"00:25:38","00:25:40",DM,"Your knees buckle first,"
729,"00:25:41","00:25:43",DM,"and the chamber tips back and away,"
730,"00:25:44","00:25:45",DM,"and behind your eyes,"
731,"00:25:45","00:25:48",DM,"something vast turns to look at you instead."
732,"00:25:49","00:25:52",DM,"Cold water closes over you all at once,"
733,"00:25:53","00:25:54",DM,"black in total,"
734,"00:25:55","00:25:57",DM,"pressure flat against your chest like a hand."
735,"00:25:58","00:26:00",DM,"Something old moves through the dark and shows you this,"
736,"00:26:01","00:26:04",DM,"a shell of ice grown outward from bone."
737,"00:26:04","00:26:34",DM,"thin as a help raft hard enough to turn a blade and colder than any blade could ever be it burns whoever bites into it the water is gone you see the fire before you growing slowly moving towards you and you feel this pull this push to lift your hands up and as if you could stop the fire from moving I'd love you to roll a Christmas egg for me."
738,"00:26:36","00:26:37",Speaker 1,"Very cool."
739,"00:26:38","00:26:39",DM,"Ooh,"
740,"00:26:39","00:26:40",DM,"it's a nat 17."
741,"00:26:40","00:26:41",DM,"You need a 15?"
742,"00:26:42","00:26:43",DM,"Plus my 5."
743,"00:26:43","00:26:44",Speaker 1,"As you..."
744,"00:26:45","00:26:46",DM,"I'm not a bardic inspiration."
745,"00:26:48","00:26:48",DM,"Well,"
746,"00:26:48","00:26:49",DM,"we'll get into the action."
747,"00:26:49","00:26:49",DM,"Oh,"
748,"00:26:49","00:26:49",DM,"yeah,"
749,"00:26:49","00:26:49",DM,"yeah,"
750,"00:26:49","00:26:50",DM,"yeah."
751,"00:26:50","00:26:51",DM,"For this save."
752,"00:26:52","00:26:52",DM,"As you reach your hand..."
753,"00:26:52","00:26:53",DM,"If I can,"
754,"00:26:53","00:26:53",DM,"absolutely."
755,"00:26:54","00:26:56",DM,"As you reach your hand up towards the fire,"
756,"00:26:56","00:26:58",DM,"I'm still moving so slow."
757,"00:26:58","00:27:08",DM,"You see frost starting to collect around your fingers and spread out before spiderwebs across your vision,"
758,"00:27:09","00:27:12",DM,"forming this barrier of ice,"
759,"00:27:13","00:27:16",DM,"your hand holding up against the ceiling,"
760,"00:27:16","00:27:28",DM,"the fire blooming behind it before time returns to normal and the explosion above you rockets down,"
761,"00:27:28","00:27:29",DM,"hits the wall of ice,"
762,"00:27:30","00:27:32",DM,"the steam melts,"
763,"00:27:32","00:27:51",DM,"the ice above you turns into a fine mist before the fire above comes down and everyone takes 10 damage off any damage they take from the extra damage to Perrin shielding you with armor."
764,"00:27:51","00:27:52",Jean-Claude,"Nick,"
765,"00:27:52","00:27:56",Jean-Claude,"is it possible for Perrin to provide me with a fresh bardic inspiration?"
766,"00:27:58","00:27:58",Jean-Claude,"Please say yes."
767,"00:27:59","00:28:02",DM,"Do you have bardic?"
768,"00:28:02","00:28:02",Speaker 1,"Oh,"
769,"00:28:03","00:28:03",DM,"you've got a lot."
770,"00:28:04","00:28:04",DM,"Yeah,"
771,"00:28:04","00:28:05",DM,"I know."
772,"00:28:05","00:28:05",DM,"Totally refreshed."
773,"00:28:06","00:28:08",Delmar,"I am happy to give you my heroic."
774,"00:28:08","00:28:09",Delmar,"I already used heroic."
775,"00:28:09","00:28:10",Delmar,"And I still do."
776,"00:28:10","00:28:11",Delmar,"Oh."
777,"00:28:11","00:28:11",Delmar,"Wait,"
778,"00:28:11","00:28:13",Delmar,"we can't even go on a turn?"
779,"00:28:15","00:28:16",DM,"We're not supposed to be able to."
780,"00:28:16","00:28:17",DM,"Oh,"
781,"00:28:17","00:28:17",DM,"okay."
782,"00:28:18","00:28:18",DM,"Fair enough."
783,"00:28:18","00:28:19",DM,"The rule was written."
784,"00:28:20","00:28:20",DM,"Nick's just a nice guy."
785,"00:28:21","00:28:22",DM,"I would say that..."
786,"00:28:22","00:28:22",DM,"First,"
787,"00:28:22","00:28:24",DM,"I want to see if we can do the bardic."
788,"00:28:24","00:28:24",DM,"No,"
789,"00:28:24","00:28:24",DM,"no."
790,"00:28:24","00:28:26",DM,"Because it's a more plentiful resource."
791,"00:28:27","00:28:28",DM,"I don't think you have the time."
792,"00:28:28","00:29:00",DM,"yeah well actually if you can flavor it how do you inspire him in a single moment um let's see you are right next to me uh and what's we've just heard the explosion uh and it's in the no this is to save for the explosion right so it could be kind of like before that yeah it's literally like when it's happening like you see it start going off basically I get panicked and look around and go,"
793,"00:29:00","00:29:00",DM,"oh,"
794,"00:29:00","00:29:01",DM,"what was the rat do?"
795,"00:29:01","00:29:03",DM,"The explosion is delayed slightly,"
796,"00:29:03","00:29:05",DM,"and it's like a frosted glass effect."
797,"00:29:06","00:29:07",DM,"It hits the ice wall,"
798,"00:29:07","00:29:08",DM,"melts,"
799,"00:29:08","00:29:10",DM,"and then it's like a split second."
800,"00:29:11","00:29:12",DM,"I have an idea."
801,"00:29:13","00:29:16",DM,"I could see that Jean-Claude is kind of like,"
802,"00:29:16","00:29:17",DM,"oh shit,"
803,"00:29:17","00:29:18",DM,"what's going on?"
804,"00:29:18","00:29:19",DM,"What was the rat do?"
805,"00:29:20","00:29:23",DM,"And I will take my drum off my back and place it on the floor,"
806,"00:29:23","00:29:24",DM,"put my hand on it,"
807,"00:29:24","00:29:27",DM,"and kind of look at him to be like,"
808,"00:29:27","00:29:28",DM,"put your hand on this drum."
809,"00:29:29","00:29:31",DM,"And so I'm not going to touch you,"
810,"00:29:31","00:29:35",DM,"but you're going to touch the drum making a sound that's going to give you bardic inspiration."
811,"00:29:35","00:29:36",DM,"Sweet."
812,"00:29:36","00:29:37",DM,"Did that make sense?"
813,"00:29:37","00:29:37",DM,"Yeah,"
814,"00:29:37","00:29:38",DM,"it was."
815,"00:29:38","00:29:38",DM,"Okay."
816,"00:29:39","00:29:39",DM,"All right."
817,"00:29:40","00:29:41",DM,"Let's see if it's worth it."
818,"00:29:41","00:29:41",DM,"Yeah."
819,"00:29:42","00:29:43",DM,"Oh,"
820,"00:29:43","00:29:43",DM,"my God."
821,"00:29:43","00:29:43",DM,"Oh,"
822,"00:29:43","00:29:44",DM,"fuck,"
823,"00:29:44","00:29:44",DM,"it's a two."
824,"00:29:45","00:29:45",DM,"Yeah,"
825,"00:29:45","00:29:46",DM,"I needed a three."
826,"00:29:47","00:29:48",DM,"What did you roll?"
827,"00:29:48","00:29:49",DM,"I rolled a five."
828,"00:29:50","00:29:53",DM,"It wasn't a great drum solo."
829,"00:29:53","00:29:53",DM,"Yeah,"
830,"00:29:53","00:29:55",DM,"you're not familiar with the drum."
831,"00:29:55","00:29:56",DM,"You didn't do it with any of it."
832,"00:30:00","00:30:02",Catarina,"Quick pressure drum lessons."
833,"00:30:03","00:30:04",Delmar,"Don't go terribly quick."
834,"00:30:04","00:30:04",Delmar,"Yeah,"
835,"00:30:04","00:30:05",Delmar,"very quick."
836,"00:30:06","00:30:07",Delmar,"It's like,"
837,"00:30:07","00:30:07",Delmar,"but this is his hand."
838,"00:30:08","00:30:08",Delmar,"Now what?"
839,"00:30:09","00:30:09",Delmar,"Oh,"
840,"00:30:09","00:30:09",Delmar,"shit."
841,"00:30:11","00:30:11",Speaker 4,"Help."
842,"00:30:13","00:30:14",DM,"Dispatch is run clear."
843,"00:30:15","00:30:19",DM,"So it was going to be 14 damage everyone took for that explosion."
844,"00:30:19","00:30:22",DM,"But due to the ice wall dealing with 10 of it,"
845,"00:30:22","00:30:23",DM,"it's only four each."
846,"00:30:23","00:30:23",DM,"Sweet."
847,"00:30:23","00:30:24",DM,"I'm glad you didn't have to fail."
848,"00:30:25","00:30:26",Crissdalynn,"Glad you didn't have to get the next save."
849,"00:30:26","00:30:27",Crissdalynn,"attack."
850,"00:30:27","00:30:28",Crissdalynn,"So I have to take 2 damage."
851,"00:30:28","00:30:29",Crissdalynn,"It was 15 to me."
852,"00:30:29","00:30:30",Delmar,"I will take the 2 damage."
853,"00:30:31","00:30:32",Crissdalynn,"I got 15."
854,"00:30:32","00:30:35",Crissdalynn,"Do you have 15?"
855,"00:30:36","00:30:37",Speaker 1,"Oh,"
856,"00:30:37","00:30:39",Crissdalynn,"you done candy dodge before you take it."
857,"00:30:41","00:30:42",Delmar,"That's on attack?"
858,"00:30:42","00:30:43",Delmar,"Not saves."
859,"00:30:44","00:30:45",Speaker 1,"And then also..."
860,"00:30:45","00:30:47",Crissdalynn,"What's the reaction for deck saves?"
861,"00:30:47","00:30:49",Crissdalynn,"That roach get no evasion."
862,"00:30:50","00:30:51",DM,"But it's at a later level."
863,"00:30:51","00:30:51",DM,"Yeah,"
864,"00:30:51","00:30:53",DM,"I couldn't remember which one it was."
865,"00:30:53","00:30:54",DM,"Yeah,"
866,"00:30:54","00:30:58",DM,"where you take 0 damage off and half on a failed."
867,"00:31:01","00:31:01",Speaker 1,"Um,"
868,"00:31:01","00:31:02",Speaker 1,"okay."
869,"00:31:03","00:31:03",Speaker 1,"Um,"
870,"00:31:05","00:31:07",DM,"and the explosion hits."
871,"00:31:09","00:31:09",Crissdalynn,"Yeah."
872,"00:31:11","00:31:12",DM,"When you get evasion,"
873,"00:31:13","00:31:13",Crissdalynn,"you would take zero,"
874,"00:31:13","00:31:14",Crissdalynn,"but you're going to take Oh,"
875,"00:31:14","00:31:15",Speaker 1,"nice."
876,"00:31:16","00:31:17",DM,"We're not doing..."
877,"00:31:18","00:31:19",DM,"Beatboxing noises is so immersive."
878,"00:31:20","00:31:20",DM,"Beatboxing,"
879,"00:31:20","00:31:20",DM,"oh,"
880,"00:31:20","00:31:21",DM,"they're..."
881,"00:31:21","00:31:21",Speaker 1,"Oh,"
882,"00:31:21","00:31:22",Speaker 1,"man."
883,"00:31:23","00:31:24",DM,"Oh,"
884,"00:31:24","00:31:24",DM,"wow."
885,"00:31:26","00:31:27",DM,"Come on."
886,"00:31:27","00:31:28",DM,"Come on."
887,"00:31:28","00:31:29",DM,"The crowd screams."
888,"00:31:29","00:31:30",DM,"Come on."
889,"00:31:34","00:31:35",DM,"Explosion hits."
890,"00:31:37","00:31:37",DM,"Oh,"
891,"00:31:37","00:31:39",Crissdalynn,"that ringing sound in the ears."
892,"00:31:40","00:31:40",DM,"Mop."
893,"00:31:40","00:31:41",DM,"Everything mop."
894,"00:31:42","00:31:43",DM,"Mop."
895,"00:31:43","00:31:44",DM,"For a second,"
896,"00:31:44","00:31:46",DM,"I legit thought it was just me."
897,"00:31:46","00:31:47",DM,"It was every once in a while."
898,"00:31:48","00:31:49",Crissdalynn,"I have tinnitus too sometimes."
899,"00:31:49","00:31:50",Crissdalynn,"Yeah."
900,"00:31:52","00:31:55",DM,"You guys could have messed with them so well if you guys went with me."
901,"00:31:56","00:31:57",DM,"What do you mean?"
902,"00:31:58","00:32:01",DM,"Suddenly the sky opens above you."
903,"00:32:01","00:32:07",DM,"You can see the bright Calveno morning above you."
904,"00:32:13","00:32:15",DM,"What was once a lawn,"
905,"00:32:15","00:32:18",DM,"there lies something else."
906,"00:32:20","00:32:22",DM,"straightening out of its crouch to its full height."
907,"00:32:23","00:32:24",DM,"Red hide cracked,"
908,"00:32:25","00:32:27",DM,"weeping down both flanks,"
909,"00:32:27","00:32:30",DM,"easily twelve feet tall at the shoulder."
910,"00:32:31","00:32:34",DM,"Loose stones still sifts off its backing sheets,"
911,"00:32:35","00:32:37",DM,"and the thirty-foot crater under it groans,"
912,"00:32:38","00:32:38",DM,"a slow,"
913,"00:32:38","00:32:40",DM,"grinding settle that hasn't finished yet."
914,"00:32:41","00:32:42",DM,"Its wet,"
915,"00:32:42","00:32:42",DM,"sick,"
916,"00:32:42","00:32:46",DM,"sweet fog rolls low across the rubble in every direction,"
917,"00:32:47","00:32:49",DM,"already thick enough to blur anything past ten feet."
918,"00:32:50","00:32:55",DM,"two trapped town folk are visible to the north,"
919,"00:32:55","00:32:57",DM,"one still shouting in the debris,"
920,"00:32:57","00:33:21",DM,"half buried under a Collapsed market stall 20 feet off the five of you are scattered across the great and broken ring wherever the blast lasts through you is something solid between any of you in it so I would just say basically everyone kind of knocking their butts I do that fancy to tip up."
921,"00:33:21","00:33:21",Speaker 1,"Yeah,"
922,"00:33:21","00:33:22",Speaker 1,"yeah,"
923,"00:33:22","00:33:22",Speaker 1,"yeah."
924,"00:33:24","00:33:25",Delmar,"I've always wanted to be able to do that."
925,"00:33:26","00:33:30",Delmar,"Jelmar picks himself up out of the pile of chairs he landed into."
926,"00:33:34","00:33:35",DM,"Your throne of thrones."
927,"00:33:38","00:33:39",DM,"So the way the joke works,"
928,"00:33:40","00:33:40",DM,"Fred."
929,"00:33:41","00:33:42",DM,"Let me explain."
930,"00:33:44","00:33:49",DM,"You did something in the last session that I wanted to bring up that I don't know if it stays on the table for everyone."
931,"00:33:49","00:33:52",DM,"one is fatal?"
932,"00:33:54","00:33:54",DM,"Also,"
933,"00:33:54","00:33:57",DM,"that and rolling stuff into existence."
934,"00:33:59","00:33:59",DM,"Delmar,"
935,"00:34:00","00:34:09",DM,"it was a perfect example of kind of the amount of creativity and freedom I want you guys to have."
936,"00:34:09","00:34:11",DM,"Where Delmar,"
937,"00:34:11","00:34:12",DM,"if he wanted to find a chair,"
938,"00:34:13","00:34:14",DM,"and he looked and rolled high enough,"
939,"00:34:14","00:34:15",DM,"there's a chair there."
940,"00:34:16","00:34:17",DM,"Yeah,"
941,"00:34:17","00:34:17",DM,"yeah."
942,"00:34:17","00:34:18",DM,"So,"
943,"00:34:18","00:34:19",DM,"if you guys want something,"
944,"00:34:20","00:34:22",DM,"all you have to do is roll for it."
945,"00:34:23","00:34:23",DM,"And that's it."
946,"00:34:24","00:34:24",DM,"I mean,"
947,"00:34:24","00:34:26",DM,"for example,"
948,"00:34:27","00:34:28",DM,"help in this fight?"
949,"00:34:30","00:34:31",DM,"Maybe just,"
950,"00:34:31","00:34:31",DM,"yeah."
951,"00:34:32","00:34:35",DM,"It's called dynamic swathbuckling."
952,"00:34:35","00:34:41",DM,"I want there to be a chandelier there that I can Collapse and fall down."
953,"00:34:41","00:34:41",DM,"Well,"
954,"00:34:41","00:34:42",DM,"then there is."
955,"00:34:45","00:34:47",DM,"The Collapse didn't just bring down stone."
956,"00:34:48","00:34:49",DM,"You see,"
957,"00:34:49","00:34:56",DM,"five little shapes claw loose from the rubble before we were standing,"
958,"00:34:56","00:34:57",DM,"low and quick,"
959,"00:34:59","00:35:02",DM,"high the same color as the towering,"
960,"00:35:02","00:35:08",DM,"tolking red figure before we scatter and move into the crowd."
961,"00:35:09","00:35:09",DM,"We'll leech."
962,"00:35:13","00:35:15",DM,"Like tiny being like how big?"
963,"00:35:16","00:35:16",Delmar,"Oh,"
964,"00:35:16","00:35:18",Delmar,"so they won't be like In here they're out in the town now."
965,"00:35:19","00:35:19",Delmar,"Basically."
966,"00:35:19","00:35:19",Delmar,"Yeah,"
967,"00:35:19","00:35:20",Delmar,"you guys are in a crater."
968,"00:35:20","00:35:22",DM,"The town is open."
969,"00:35:22","00:35:25",DM,"Yeah You can fly I can fly."
970,"00:35:25","00:35:26",DM,"Yeah,"
971,"00:35:26","00:35:38",DM,"you got tons of room to fly There's debris everywhere like it's it's all it's it's almost unanimously bad terrain at least Outside of the crater."
972,"00:35:38","00:35:48",DM,"I'll say like up here is the normal The city streets So,"
973,"00:35:48","00:35:49",DM,"freighter,"
974,"00:35:49","00:35:52",DM,"city streets Yeah One second,"
975,"00:35:52","00:36:04",Speaker 4,"I'll be right back That guy's all up It's still on the stand It's on his computer Don't steal it,"
976,"00:36:04","00:36:06",DM,"change it AC,"
977,"00:36:06","00:36:08",DM,"bye Actually,"
978,"00:36:08","00:36:15",DM,"negative two And in the next scene Perrin becomes invincible Where did the dog go?"
979,"00:36:15","00:36:16",Catarina,"into Superman."
980,"00:36:17","00:36:17",Catarina,"The frog?"
981,"00:36:18","00:36:21",Catarina,"I brought belly bolt just to..."
982,"00:36:22","00:36:22",DM,"Wait,"
983,"00:36:22","00:36:23",DM,"there's a frog?"
984,"00:36:24","00:36:25",DM,"Or was it one of these gray ones?"
985,"00:36:27","00:36:32",Delmar,"I didn't see anything that looked like a frog out of either this bag or in here."
986,"00:36:33","00:36:34",Speaker 1,"Good point."
987,"00:36:38","00:36:40",DM,"I'll join ya."
988,"00:36:41","00:36:42",DM,"I'm about to joke and you say,"
989,"00:36:42","00:36:42",DM,"Fred,"
990,"00:36:43","00:36:45",DM,"you want to pass out with Cove on the couch?"
991,"00:36:48","00:36:49",Speaker 1,"That's a great time."
992,"00:37:23","00:37:44",DM,"turn off the spooky catacombs for a second people like listening to Halloween spooky songs it's very relaxing where'd it all go Oh,"
993,"00:37:45","00:37:46",Speaker 4,"they're outside."
994,"00:38:13","00:38:13",Speaker 1,"Thank you."
995,"00:39:02","00:39:19",Speaker 6,"I'm just scaring So it's very challenging."
996,"00:39:19","00:39:20",Catarina,"So the flooring,"
997,"00:39:20","00:39:21",Catarina,"the cave-in,"
998,"00:39:21","00:39:21",Speaker 1,"and then..."
999,"00:39:26","00:39:26",Speaker 1,"Yeah."
1000,"00:39:34","00:39:34",Speaker 1,"Um..."
1001,"00:39:35","00:39:35",Speaker 1,"Okay."
1002,"00:39:35","00:39:36",Speaker 1,"All right."
1003,"00:39:36","00:39:37",Speaker 1,"Okay."
1004,"00:39:37","00:39:41",Speaker 6,"I think I just got a message from a friend of mine."
1005,"00:40:20","00:40:20",Speaker 1,"Hey,"
1006,"00:40:21","00:40:22",Speaker 1,"Kaden."
1007,"00:40:22","00:40:23",DM,"Did I leave any of my beer here?"
1008,"00:40:25","00:40:26",DM,"Looks a little sour,"
1009,"00:40:26","00:40:26",DM,"still play."
1010,"00:40:27","00:40:28",DM,"I'm talking about a brand new case,"
1011,"00:40:28","00:40:29",DM,"and they're really tasty."
1012,"00:40:30","00:40:31",Crissdalynn,"This popped up in my memories,"
1013,"00:40:32","00:40:33",Crissdalynn,"and it's going to melt your heart."
1014,"00:40:33","00:40:35",DM,"I have a whiskey coke here on."
1015,"00:40:36","00:40:37",DM,"I'm good."
1016,"00:40:37","00:40:39",DM,"I'm good."
1017,"00:40:39","00:40:40",DM,"You can have an IPA."
1018,"00:40:41","00:40:42",Speaker 1,"I have to drink."
1019,"00:40:46","00:40:47",DM,"Get inebriated,"
1020,"00:40:47","00:40:47",DM,"Nick."
1021,"00:40:47","00:40:48",DM,"We need the fucking edge."
1022,"00:40:49","00:40:49",DM,"No,"
1023,"00:40:49","00:40:49",DM,"no,"
1024,"00:40:49","00:40:49",DM,"no."
1025,"00:40:50","00:40:51",DM,"You guys made your bed,"
1026,"00:40:51","00:40:52",DM,"now lie in it."
1027,"00:40:53","00:40:54",Speaker 1,"Okay."
1028,"00:41:03","00:41:05",DM,"Are we re-rolling initiative?"
1029,"00:41:05","00:41:07",DM,"Or are we keeping the same that we had before?"
1030,"00:41:07","00:41:09",DM,"I don't even remember what ours was before."
1031,"00:41:10","00:41:10",DM,"Fair."
1032,"00:41:10","00:41:14",Crissdalynn,"I know that this one went first."
1033,"00:41:15","00:41:16",DM,"That's what she did."
1034,"00:41:16","00:41:17",DM,"In order."
1035,"00:41:17","00:41:18",Crissdalynn,"That's what she did."
1036,"00:41:19","00:41:19",Crissdalynn,"You're rolling."
1037,"00:41:20","00:41:20",DM,"Yeah,"
1038,"00:41:20","00:41:21",DM,"that's what I'm rolling."
1039,"00:41:21","00:41:23",DM,"I'm going to grab a little..."
1040,"00:41:23","00:41:23",DM,"Dude,"
1041,"00:41:23","00:41:24",DM,"because I rolled shit last time."
1042,"00:41:26","00:41:26",Speaker 1,"Yeah."
1043,"00:41:27","00:41:27",DM,"Oh,"
1044,"00:41:27","00:41:28",DM,"I don't have my scratch pad."
1045,"00:41:28","00:41:29",DM,"Do you want a piece of paper?"
1046,"00:41:30","00:41:31",Delmar,"I've got some paper."
1047,"00:41:32","00:41:33",Speaker 1,"Or does anyone want a Dr."
1048,"00:41:33","00:41:33",Speaker 1,"Pepper?"
1049,"00:41:34","00:41:34",DM,"I'm good,"
1050,"00:41:34","00:41:34",DM,"thank you."
1051,"00:41:35","00:41:36",DM,"I'm going to give it to you."
1052,"00:41:37","00:41:37",Speaker 1,"Yeah."
1053,"00:41:39","00:41:39",DM,"Actually,"
1054,"00:41:40","00:41:40",DM,"no,"
1055,"00:41:40","00:41:40",DM,"I don't..."
1056,"00:41:40","00:41:42",Catarina,"I also have a score thing ready."
1057,"00:41:42","00:41:44",Catarina,"I'll check with you."
1058,"00:41:44","00:41:45",Catarina,"Oh."
1059,"00:41:50","00:41:53",DM,"You're a very brave man to cut something towards your penis."
1060,"00:41:54","00:41:54",Speaker 1,"What?"
1061,"00:41:55","00:41:56",Speaker 1,"What?"
1062,"00:41:58","00:41:59",DM,"These pants are like..."
1063,"00:42:00","00:42:02",DM,"This is a really sharp knife,"
1064,"00:42:02","00:42:02",DM,"Nick."
1065,"00:42:02","00:42:03",DM,"Oh,"
1066,"00:42:03","00:42:04",DM,"is it a sharp knife?"
1067,"00:42:05","00:42:05",DM,"Um,"
1068,"00:42:05","00:42:05",DM,"no,"
1069,"00:42:05","00:42:06",DM,"it's,"
1070,"00:42:06","00:42:06",DM,"it's canvas,"
1071,"00:42:06","00:42:06",DM,"like,"
1072,"00:42:06","00:42:07",DM,"um,"
1073,"00:42:07","00:42:07",DM,"duck,"
1074,"00:42:07","00:42:08",DM,"duck canvas."
1075,"00:42:08","00:42:09",DM,"I think it's called."
1076,"00:42:10","00:42:10",DM,"Um,"
1077,"00:42:10","00:42:10",DM,"but yeah,"
1078,"00:42:10","00:42:11",DM,"like."
1079,"00:42:12","00:42:13",DM,"His fans are,"
1080,"00:42:13","00:42:13",DM,"are,"
1081,"00:42:13","00:42:13",DM,"uh,"
1082,"00:42:13","00:42:14",DM,"trust me."
1083,"00:42:15","00:42:16",Crissdalynn,"I sent it to Sophie."
1084,"00:42:19","00:42:20",Delmar,"She's either like,"
1085,"00:42:20","00:42:21",Delmar,"I have my own language,"
1086,"00:42:21","00:42:22",Delmar,"or she's going to be like,"
1087,"00:42:22","00:42:23",Delmar,"I'm not sure."
1088,"00:42:25","00:42:26",Speaker 7,"I just got a,"
1089,"00:42:27","00:42:27",Speaker 7,"like,"
1090,"00:42:28","00:42:29",Speaker 1,"five of them."
1091,"00:42:29","00:42:29",Speaker 1,"I don't know."
1092,"00:42:33","00:42:34",Crissdalynn,"You would have been too young to remember that."
1093,"00:42:36","00:42:36",DM,"Oh,"
1094,"00:42:36","00:42:36",DM,"yeah,"
1095,"00:42:36","00:42:36",DM,"way too young."
1096,"00:42:40","00:42:40",Speaker 1,"Okay."
1097,"00:42:41","00:42:43",Speaker 7,"Let me just roll some initiatives here."
1098,"00:42:50","00:42:51",Speaker 4,"Thank you."
1099,"00:42:59","00:43:00",Speaker 1,"Well done."
1100,"00:43:01","00:43:01",Speaker 1,"I'm impressed."
1101,"00:43:07","00:43:31",DM,"man wait perfect timing we rolled five initiatives oh six six initiatives oh god just a second maybe some of this maybe some of this is some are the civilians maybe some are civilians Nick."
1102,"00:43:32","00:43:33",Speaker 1,"Oh,"
1103,"00:43:33","00:43:34",Speaker 7,"excuse me."
1104,"00:43:34","00:43:35",Speaker 7,"I think..."
1105,"00:43:41","00:43:41",Speaker 1,"Wow,"
1106,"00:43:43","00:43:44",DM,"it is stormy out there."
1107,"00:43:44","00:43:46",DM,"That is perfect timing."
1108,"00:43:47","00:43:49",Speaker 1,"We got ambiance today."
1109,"00:43:50","00:43:50",Catarina,"I know."
1110,"00:43:50","00:43:51",Catarina,"This is excellent."
1111,"00:43:51","00:43:52",Catarina,"Yeah."
1112,"00:43:52","00:43:53",Speaker 1,"Let's go."
1113,"00:43:53","00:43:54",Speaker 1,"I'm pumped."
1114,"00:43:57","00:43:59",DM,"This is a little in advance,"
1115,"00:43:59","00:44:29",DM,"but the weekend of August 8th so August 9th if we could start a little later because yeah I'm going to a metal show the night before and it starts at 9.30 so I'm not going to be home until like 1 or 2 well you're good to go probably a bit hungover August 9th is my dad's birthday it's my dad's birthday that's it."
1116,"00:44:29","00:44:29",DM,"Oh,"
1117,"00:44:29","00:44:30",DM,"okay."
1118,"00:44:30","00:44:30",DM,"Then yeah,"
1119,"00:44:30","00:44:30",DM,"yeah,"
1120,"00:44:30","00:44:30",DM,"yeah."
1121,"00:44:31","00:44:42",Delmar,"That I was going to say but then also Courtney and I basically talked and it's like we will be able to do D&D but like every fourth Sunday we're not going to be able to do D&D."
1122,"00:44:42","00:44:47",Delmar,"We want to do we haven't been spending a lot of time with our kids because of that."
1123,"00:44:47","00:44:47",Delmar,"That's important."
1124,"00:44:47","00:44:48",Delmar,"Work schedules,"
1125,"00:44:48","00:44:52",Delmar,"life schedules and everything and it's like it's the summer we're going to do more with them kind of thing."
1126,"00:44:52","00:44:59",Delmar,"So it's like Sunday is like literally the only day we have off together and we love doing it here but it's just we need to spend time Yeah,"
1127,"00:44:59","00:45:00",Delmar,"yeah."
1128,"00:45:00","00:45:00",Delmar,"That makes sense."
1129,"00:45:01","00:45:02",Delmar,"We went to Spice Jam with our kids."
1130,"00:45:03","00:45:03",Delmar,"Yeah."
1131,"00:45:04","00:45:04",DM,"What?"
1132,"00:45:05","00:45:06",DM,"Yeah,"
1133,"00:45:06","00:45:06",DM,"that's you."
1134,"00:45:08","00:45:08",DM,"Wow,"
1135,"00:45:08","00:45:09",DM,"that changes things."
1136,"00:45:09","00:45:10",DM,"Nick and Caitlin,"
1137,"00:45:10","00:45:11",DM,"so on the 9th,"
1138,"00:45:11","00:45:12",DM,"if you don't,"
1139,"00:45:12","00:45:13",DM,"like,"
1140,"00:45:13","00:45:15",DM,"if I don't text you back by 1130,"
1141,"00:45:15","00:45:18",DM,"just come over and walk in and wake me up."
1142,"00:45:19","00:45:19",DM,"For what?"
1143,"00:45:19","00:45:20",DM,"On August 9th."
1144,"00:45:21","00:45:22",DM,"What's happening on August 9th?"
1145,"00:45:22","00:45:26",DM,"I'm going to a metal show with my sister the night before,"
1146,"00:45:26","00:45:27",DM,"and it's a late one,"
1147,"00:45:27","00:45:27",DM,"so,"
1148,"00:45:27","00:45:28",DM,"yeah."
1149,"00:45:34","00:46:14",Delmar,"initiative order who's what we got 20 to 25 nice wow 26 oh I rolled well I rolled out I've never rolled yeah I rolled a 19 I've never rolled high on initiative it's okay I'm a support character at least not like this 25 and that's probably going to be my best roll of the night wow it almost went full circle what was it again?"
1150,"00:46:15","00:46:17",DM,"sorry yours was 16 right?"
1151,"00:46:17","00:46:21",DM,"yes and yours was?"
1152,"00:46:21","00:46:57",DM,"pen there's more in the blue one thank you I was like 25 oh nevermind sorry that's what I felt like exactly sorry check out a website penislands.com think about the spelling just picture it in your head It's like being part of the Pen15 club."
1153,"00:46:57","00:46:58",DM,"Yeah."
1154,"00:46:58","00:46:59",DM,"Funny thing is,"
1155,"00:46:59","00:47:00",DM,"they actually sell pens."
1156,"00:47:01","00:47:01",DM,"Like,"
1157,"00:47:01","00:47:03",DM,"really high-end,"
1158,"00:47:03","00:47:03",DM,"beautifully,"
1159,"00:47:04","00:47:04",DM,"like,"
1160,"00:47:04","00:47:05",DM,"handcrafted pens."
1161,"00:47:07","00:47:08",DM,"I love shit like that."
1162,"00:47:08","00:47:08",DM,"It's like,"
1163,"00:47:08","00:47:09",DM,"look at me."
1164,"00:47:09","00:47:10",DM,"Look up."
1165,"00:47:10","00:47:10",DM,"Yeah."
1166,"00:47:10","00:47:11",DM,"Oh,"
1167,"00:47:11","00:47:11",DM,"awesome."
1168,"00:47:11","00:47:11",DM,"I was like,"
1169,"00:47:11","00:47:12",DM,"look up."
1170,"00:47:12","00:47:13",DM,"And I was like,"
1171,"00:47:13","00:47:13",DM,"not like,"
1172,"00:47:13","00:47:14",DM,"Venusland."
1173,"00:47:14","00:47:14",DM,"No."
1174,"00:47:15","00:47:16",Crissdalynn,"Volkswagen Italia."
1175,"00:47:17","00:47:20",Crissdalynn,"Look up Volkswagen Italia on Instagram."
1176,"00:47:21","00:47:21",DM,"Like,"
1177,"00:47:21","00:47:21",DM,"right now?"
1178,"00:47:21","00:47:21",DM,"Yes."
1179,"00:47:22","00:47:23",Speaker 1,"Do it."
1180,"00:47:24","00:47:25",Crissdalynn,"I believe it's Volkswagen."
1181,"00:47:25","00:47:26",Crissdalynn,"do it now."
1182,"00:47:27","00:47:28",Speaker 1,"Kill him."
1183,"00:47:30","00:47:30",Crissdalynn,"Yes,"
1184,"00:47:30","00:47:31",Crissdalynn,"Karen."
1185,"00:47:33","00:47:34",Catarina,"I had a,"
1186,"00:47:34","00:47:35",Catarina,"in my last session,"
1187,"00:47:35","00:47:36",Catarina,"I was playing very much."
1188,"00:47:36","00:47:37",Crissdalynn,"I nearly killed him."
1189,"00:47:37","00:47:37",Crissdalynn,"Yes,"
1190,"00:47:38","00:47:38",Crissdalynn,"it is."
1191,"00:47:38","00:47:39",Crissdalynn,"Volkswagen Italia."
1192,"00:47:39","00:47:39",Crissdalynn,"And,"
1193,"00:47:39","00:47:40",Crissdalynn,"um,"
1194,"00:47:40","00:47:41",Catarina,"felt very sick."
1195,"00:47:42","00:47:42",Catarina,"I was like,"
1196,"00:47:42","00:47:42",Speaker 1,"Lord,"
1197,"00:47:43","00:47:44",Crissdalynn,"acrobat action."
1198,"00:47:48","00:47:51",Crissdalynn,"I killed their beloved bear and felt guilty about it."
1199,"00:47:52","00:47:52",Crissdalynn,"Volkswagen Italia."
1200,"00:47:54","00:47:55",Speaker 1,"Like it was spelling."
1201,"00:47:55","00:47:55",Speaker 1,"Volkswagen."
1202,"00:47:56","00:47:57",DM,"Volkswagen."
1203,"00:47:59","00:48:00",DM,"Genitalia."
1204,"00:48:02","00:48:03",Crissdalynn,"And they never changed it!"
1205,"00:48:03","00:48:04",Crissdalynn,"That's a legit one."
1206,"00:48:05","00:48:06",Crissdalynn,"That is the real one."
1207,"00:48:07","00:48:08",Crissdalynn,"I mean,"
1208,"00:48:08","00:48:09",Crissdalynn,"that's quite remarkable."
1209,"00:48:09","00:48:11",Crissdalynn,"Volkswagen genitalia."
1210,"00:48:12","00:48:12",Crissdalynn,"Volkswagen."
1211,"00:48:14","00:48:15",Crissdalynn,"Volkswagen Italia."
1212,"00:48:18","00:48:19",Delmar,"Genitalia."
1213,"00:48:20","00:48:23",DM,"The picture you get in your head doesn't really work."
1214,"00:48:23","00:48:23",DM,"Yeah,"
1215,"00:48:23","00:48:23",DM,"yeah."
1216,"00:48:24","00:48:26",DM,"It sounds good."
1217,"00:48:26","00:48:27",Speaker 1,"It doesn't look good."
1218,"00:48:28","00:48:29",Crissdalynn,"What am I going to tell you?"
1219,"00:48:29","00:48:30",Crissdalynn,"I don't see that screen."
1220,"00:48:30","00:48:36",Crissdalynn,"It is the actual checkmarked one and everything."
1221,"00:48:36","00:48:38",Crissdalynn,"That's the funniest part to me."
1222,"00:48:39","00:48:39",DM,"Yeah,"
1223,"00:48:39","00:48:40",DM,"the verified one."
1224,"00:48:40","00:48:40",DM,"Honestly,"
1225,"00:48:40","00:48:43",DM,"businesses and stuff that have clever,"
1226,"00:48:43","00:48:44",DM,"funny names like that."
1227,"00:48:44","00:48:44",DM,"They do well."
1228,"00:48:45","00:48:45",DM,"Yeah,"
1229,"00:48:45","00:48:48",DM,"and I'm so much more inclined to give them my business."
1230,"00:48:49","00:48:49",DM,"It's fun."
1231,"00:48:50","00:48:51",DM,"That was clever of you."
1232,"00:48:51","00:48:52",DM,"Good job."
1233,"00:48:52","00:48:53",DM,"Take my money."
1234,"00:48:53","00:48:53",DM,"Yes."
1235,"00:48:54","00:48:57",Crissdalynn,"that's why I like Wendy's so much have you seen their shit on Twitter?"
1236,"00:48:57","00:49:23",DM,"I've seen some of it they're just like bashing the other businesses and just like doing crazy shit being zany and wild I haven't seen a lot of it they're like Geico commercials like we don't have it up here but if we did oh yeah I'd go with Geico for sure sorry I've got like fucking 13 things on this and it's like,"
1237,"00:49:23","00:49:24",DM,"oh dude,"
1238,"00:49:24","00:49:25",DM,"I don't want to have them."
1239,"00:49:25","00:49:26",Catarina,"I mean,"
1240,"00:49:26","00:49:28",Catarina,"you could just like take some of them off."
1241,"00:49:28","00:49:28",Catarina,"Yeah,"
1242,"00:49:28","00:49:29",Catarina,"yeah."
1243,"00:49:29","00:49:30",Catarina,"We could have less."
1244,"00:49:31","00:49:31",DM,"Nah,"
1245,"00:49:31","00:49:32",DM,"I'm good."
1246,"00:49:35","00:49:35",Speaker 1,"I'm good."
1247,"00:49:38","00:49:39",DM,"Okay,"
1248,"00:49:39","00:49:40",DM,"and then who's up after that?"
1249,"00:49:41","00:49:41",DM,"Fucking hell,"
1250,"00:49:41","00:49:42",DM,"that's way too many."
1251,"00:49:49","00:49:51",DM,"That one was number two."
1252,"00:49:51","00:49:52",DM,"That one's done."
1253,"00:49:52","00:49:52",DM,"Okay."
1254,"00:49:55","00:49:56",Speaker 1,"So 17's looking nice."
1255,"00:49:58","00:49:59",Delmar,"McDonald's tweets."
1256,"00:49:59","00:50:01",Delmar,"Today we announced that by mid-2018,"
1257,"00:50:02","00:50:05",Delmar,"all Quarter Pounder burgers at the majority of our restaurants will be cooked with fresh beef."
1258,"00:50:06","00:50:07",Delmar,"Wendy's at McDonald's."
1259,"00:50:07","00:50:11",Delmar,"So you still use frozen beef in most of your burgers in all of your restaurants."
1260,"00:50:12","00:50:12",Delmar,"Asking for a friend."
1261,"00:50:14","00:50:14",DM,"Asking for a friend."
1262,"00:50:16","00:50:17",Delmar,"Yeah,"
1263,"00:50:17","00:50:17",Delmar,"right?"
1264,"00:50:17","00:50:21",DM,"They're just taken off the glove and slapped on the head."
1265,"00:50:22","00:50:23",DM,"Fucking McDonald's."
1266,"00:50:23","00:50:29",DM,"They have a made with 100% at their fucking brand."
1267,"00:50:29","00:50:30",DM,"Yep."
1268,"00:50:32","00:50:33",DM,"That's a bastard move."
1269,"00:50:33","00:50:34",DM,"I mean,"
1270,"00:50:35","00:50:39",DM,"whatever marketing genius thought that up probably got the biggest bonus."
1271,"00:50:39","00:50:39",DM,"Oh,"
1272,"00:50:39","00:50:39",DM,"yeah."
1273,"00:50:41","00:50:42",DM,"He's probably still earning those."
1274,"00:50:43","00:50:44",Delmar,"Someone tweets,"
1275,"00:50:45","00:50:46",Delmar,"I want Wendy's,"
1276,"00:50:46","00:50:48",Delmar,"but my girlfriend wants once McDonald's,"
1277,"00:50:48","00:50:48",Delmar,"what do I do?"
1278,"00:50:48","00:50:49",Delmar,"Wendy's replies,"
1279,"00:50:49","00:50:50",Delmar,"there are plenty of fish in the sea."
1280,"00:50:52","00:50:53",Speaker 1,"Get rid of her."
1281,"00:50:56","00:50:57",Speaker 1,"So,"
1282,"00:50:57","00:50:58",Speaker 1,"Shelmar,"
1283,"00:50:58","00:50:59",Speaker 1,"you're up first."
1284,"00:51:01","00:51:01",Delmar,"Alright,"
1285,"00:51:02","00:51:03",Delmar,"so,"
1286,"00:51:03","00:51:03",Delmar,"you just hear,"
1287,"00:51:03","00:51:03",Delmar,"like,"
1288,"00:51:05","00:51:06",Delmar,"the clattering of just,"
1289,"00:51:06","00:51:07",Delmar,"of chairs,"
1290,"00:51:08","00:51:08",Delmar,"as I'm,"
1291,"00:51:08","00:51:09",Delmar,"like,"
1292,"00:51:09","00:51:10",Delmar,"pushing myself out of,"
1293,"00:51:10","00:51:10",Delmar,"like,"
1294,"00:51:10","00:51:13",Delmar,"the chairs that I landed in."
1295,"00:51:14","00:51:15",Delmar,"And he kind of props up,"
1296,"00:51:15","00:51:15",Delmar,"and he looks,"
1297,"00:51:15","00:51:16",Delmar,"I mean,"
1298,"00:51:16","00:51:18",Delmar,"seeing it's like spread out."
1299,"00:51:19","00:51:20",Delmar,"I do have a thought for this."
1300,"00:51:21","00:51:21",Delmar,"These,"
1301,"00:51:21","00:51:22",Delmar,"um,"
1302,"00:51:24","00:51:24",Delmar,"what the,"
1303,"00:51:24","00:51:25",Delmar,"uh,"
1304,"00:51:25","00:51:27",Delmar,"the young grung has transformed into."
1305,"00:51:28","00:51:28",Speaker 1,"Uh,"
1306,"00:51:28","00:51:32",DM,"and the 12-foot-tall abomination,"
1307,"00:51:32","00:51:34",DM,"it looks like a giant red toad."
1308,"00:51:35","00:51:35",DM,"Like a,"
1309,"00:51:35","00:51:36",DM,"like a,"
1310,"00:51:36","00:51:38",DM,"a cane toad from hell."
1311,"00:51:39","00:51:39",DM,"Oh,"
1312,"00:51:39","00:51:39",DM,"okay."
1313,"00:51:39","00:51:40",DM,"A cane toad."
1314,"00:51:41","00:51:42",Speaker 1,"Um,"
1315,"00:51:43","00:51:43",DM,"I got the,"
1316,"00:51:43","00:51:44",DM,"I got the chains."
1317,"00:51:46","00:52:15",DM,"I got a new product yeah this is the song for it because it's literally named after it so in here is regular terrain everything out here it's bad terrain all the way in here um here is regular yeah basically like off the edge of the map off the edge of the map and everywhere else."
1318,"00:52:15","00:52:16",DM,"Here's difficult,"
1319,"00:52:16","00:52:16",DM,"here's difficult,"
1320,"00:52:17","00:52:17",DM,"here's difficult,"
1321,"00:52:18","00:52:18",DM,"here's difficult."
1322,"00:52:18","00:52:20",Crissdalynn,"I imagine this is where they're like,"
1323,"00:52:21","00:52:21",Speaker 1,"rah!"
1324,"00:52:22","00:52:22",Speaker 1,"Basically,"
1325,"00:52:22","00:52:22",Speaker 1,"yeah."
1326,"00:52:23","00:52:25",Crissdalynn,"I can picture it."
1327,"00:52:25","00:52:26",Crissdalynn,"You can picture it in a lot of books."
1328,"00:52:26","00:52:26",Crissdalynn,"Like a giant,"
1329,"00:52:26","00:52:27",Speaker 1,"like,"
1330,"00:52:28","00:52:28",DM,"rawr!"
1331,"00:52:29","00:52:30",DM,"It's like hellish."
1332,"00:52:31","00:52:31",DM,"It's not."
1333,"00:52:31","00:52:31",DM,"Yeah,"
1334,"00:52:31","00:52:32",DM,"no,"
1335,"00:52:32","00:52:32",DM,"it's coming out of this,"
1336,"00:52:33","00:52:35",DM,"my MacBook ones for some reason,"
1337,"00:52:35","00:52:35",DM,"but fuck it."
1338,"00:52:37","00:52:37",DM,"Actually,"
1339,"00:52:37","00:52:38",DM,"I do have a picture."
1340,"00:52:41","00:52:42",Speaker 1,"That's what you're going to be on."
1341,"00:52:43","00:53:21",Delmar,"oh all right spooky yeah spooky i think i got an extra attack now it's a cool image yeah yeah get on up close to him kind of don't want to know you should i have inky black tendrils that will punch for me yep so i don't have to i promise not to grapple it guys i mean go ahead you can try i'm not gonna learn my lesson you're up well it's probably pretty you realize something what with the pistols that you gave me yeah um oh wait no that's musket that's i'm really gonna sort this out with you on my"
1342,"00:53:21","00:53:40",Delmar,"weapons and what does what because i have one pistol that's like has all the custom stuff on it i keep forgetting those rules um because it's like oh right i keep forgetting to do school with the musket then i'm like wait no that's right that's what i started with but it's like we were using that just as like a placeholder but now it's like they're pistols so i'm just like i keep about things."
1343,"00:53:40","00:53:41",DM,"That would be the official one on D&D Beyond."
1344,"00:53:42","00:53:43",DM,"We should probably just consolidate that."
1345,"00:53:43","00:53:43",DM,"Yeah."
1346,"00:53:45","00:53:46",Speaker 1,"Oh my god,"
1347,"00:53:46","00:53:46",Speaker 1,"I got an extra one."
1348,"00:53:46","00:53:47",Speaker 1,"Where did your dad go?"
1349,"00:53:48","00:53:50",Speaker 1,"I think my mother's chatting to him."
1350,"00:53:50","00:53:50",Delmar,"Oh,"
1351,"00:53:50","00:53:50",Delmar,"okay."
1352,"00:53:51","00:53:51",Delmar,"Well,"
1353,"00:53:51","00:53:52",Delmar,"bathroom and then..."
1354,"00:53:52","00:53:52",Delmar,"Yeah,"
1355,"00:53:52","00:53:54",DM,"he's not up for a while."
1356,"00:53:55","00:53:55",DM,"Yeah,"
1357,"00:53:55","00:53:56",DM,"he's not up for like..."
1358,"00:53:56","00:53:58",DM,"He's going to be like an hour total."
1359,"00:53:58","00:54:02",Catarina,"He was very stoked to be up more in the..."
1360,"00:54:03","00:54:03",Speaker 1,"initiative."
1361,"00:54:06","00:54:08",Delmar,"So everyone's on difficult terrain kind of thing."
1362,"00:54:08","00:54:35",Delmar,"um all right uh i'm going i'm going to uh uh well i'm not going to deal with the difficult terrain so like i'll kind of pick myself up realize there's going to be like no quick way to do this and i'll kind of like you know just like a tap tap tap tap or whatever it is and you'll see don't like you know your heels together More like a,"
1363,"00:54:35","00:54:38",Delmar,"you know kind of like the Spanish swordsman where they do like,"
1364,"00:54:38","00:54:38",Delmar,"it's almost like a dance,"
1365,"00:54:39","00:54:40",Delmar,"like they keep a rhythm with their feet,"
1366,"00:54:40","00:54:42",Delmar,"kind of like a tap tap tap tap tap tap tap."
1367,"00:54:42","00:54:42",Delmar,"You know,"
1368,"00:54:42","00:54:43",Delmar,"something like that,"
1369,"00:54:43","00:54:44",Delmar,"and it's like almost,"
1370,"00:54:44","00:54:46",Delmar,"almost like trying to mimic like a horse gallop or whatever,"
1371,"00:54:46","00:54:51",Delmar,"and all of a sudden it's like the wings will peel out from the sides of my boots and Delmar will now be in the air."
1372,"00:54:51","00:54:52",Delmar,"There you go."
1373,"00:54:52","00:54:52",Delmar,"Oh!"
1374,"00:54:53","00:54:54",Delmar,"Using the flying boots."
1375,"00:54:57","00:54:58",DM,"You can have a dice if you want to."
1376,"00:54:59","00:54:59",Speaker 1,"That's cool."
1377,"00:55:02","00:55:02",Speaker 1,"Okay."
1378,"00:55:04","00:55:45",Delmar,"Nice So we'll do that And then I'm not dealing with a difficult terrain So I'm going to move Everyone else is still down right Well no we all had a chance to get up Because like you were saying You did like the flip I don't think we're up yet But I will flip up and fly So we're all prone Alright then I I mean I still have to use half my movement just to get up and then activate the boots that puts me in the air and then can I fly over and actually grab either one of them well hold on actually so"
1379,"00:55:45","00:55:54",Delmar,"these are like so half my movement so I have 30 movements I believe my movement speed is 30 so I have 15 left so can I 5,"
1380,"00:55:54","00:55:55",Delmar,"10,"
1381,"00:55:55","00:56:02",Delmar,"15 but I'm not I don't know if you count that right next to them or not I know the figurines are down,"
1382,"00:56:02","00:56:06",Delmar,"but I don't know if that counts as close enough for me to grab and pull them up."
1383,"00:56:07","00:56:11",DM,"I would say it is close enough to grab them."
1384,"00:56:11","00:56:11",DM,"However,"
1385,"00:56:11","00:56:13",DM,"you are also close enough to enter Otar's range."
1386,"00:56:14","00:56:14",DM,"How close is that?"
1387,"00:56:15","00:56:16",DM,"He is here,"
1388,"00:56:17","00:56:17",DM,"so that is..."
1389,"00:56:17","00:56:18",DM,"That's a hell of a range."
1390,"00:56:18","00:56:19",DM,"Oh,"
1391,"00:56:19","00:56:19",DM,"no,"
1392,"00:56:19","00:56:20",DM,"you're out of it."
1393,"00:56:20","00:56:20",DM,"Never mind."
1394,"00:56:21","00:56:22",DM,"Alright."
1395,"00:56:22","00:56:22",DM,"Woo!"
1396,"00:56:22","00:56:22",DM,"Okay."
1397,"00:56:23","00:56:23",DM,"That's good."
1398,"00:56:23","00:56:24",DM,"I said anything."
1399,"00:56:26","00:56:28",DM,"Do you still have your action and your bonus action?"
1400,"00:56:28","00:56:29",DM,"Uh,"
1401,"00:56:29","00:56:29",DM,"yeah."
1402,"00:56:30","00:56:30",DM,"So,"
1403,"00:56:30","00:56:36",DM,"wait,"
1404,"00:56:36","00:56:37",Delmar,"everything's reset."
1405,"00:56:38","00:56:38",Delmar,"Yeah."
1406,"00:56:39","00:56:39",Delmar,"Okay."
1407,"00:56:39","00:56:41",Delmar,"Then I'm going to,"
1408,"00:56:41","00:56:44",Delmar,"can I use my action?"
1409,"00:56:45","00:56:46",Delmar,"I don't know how you want to do this."
1410,"00:56:47","00:56:49",Delmar,"Can I help pick one person up,"
1411,"00:56:49","00:56:50",Delmar,"or could I grab two of them,"
1412,"00:56:51","00:56:52",Delmar,"and with my boots,"
1413,"00:56:52","00:56:55",Delmar,"I'm flying and pulling them both up to their feet quicker?"
1414,"00:56:55","00:56:58",DM,"If you give me a strength check and you pass it,"
1415,"00:56:58","00:56:59",DM,"Just need ten,"
1416,"00:56:59","00:56:59",DM,"you can get both."
1417,"00:57:00","00:57:00",DM,"Otherwise,"
1418,"00:57:00","00:57:01",DM,"you only get one."
1419,"00:57:01","00:57:02",Speaker 1,"Literally ten."
1420,"00:57:02","00:57:03",DM,"There you go."
1421,"00:57:03","00:57:03",DM,"Yeah,"
1422,"00:57:03","00:57:06",DM,"you can start trying to pull both up."
1423,"00:57:06","00:57:07",Delmar,"Yeah."
1424,"00:57:07","00:57:07",Delmar,"All right."
1425,"00:57:07","00:57:10",Delmar,"So I'll pull both of these two up since I'm right next to both of them."
1426,"00:57:11","00:57:14",Delmar,"So Perrin and Pistolin,"
1427,"00:57:14","00:57:16",Delmar,"you don't have to spend half your movement getting up."
1428,"00:57:16","00:57:16",Perrin,"Certainly."
1429,"00:57:17","00:57:19",Delmar,"And then I'm going to bonus action,"
1430,"00:57:19","00:57:21",Delmar,"whip out a pistol,"
1431,"00:57:21","00:57:22",Delmar,"and just..."
1432,"00:57:25","00:57:25",Speaker 1,"And,"
1433,"00:57:25","00:57:26",Delmar,"you know,"
1434,"00:57:26","00:57:27",Delmar,"I don't even think I say anything."
1435,"00:57:27","00:57:30",Delmar,"I think it's just kind of like a No,"
1436,"00:57:30","00:57:30",Delmar,"yeah,"
1437,"00:57:31","00:57:31",Delmar,"no,"
1438,"00:57:31","00:57:37",Delmar,"I do Um Wait,"
1439,"00:57:37","00:57:38",Delmar,"what am I doing?"
1440,"00:57:38","00:57:42",Delmar,"I have it right here There you go Velmar,"
1441,"00:57:42","00:57:55",Delmar,"pull out the pistol Aim and Uh What's that?"
1442,"00:57:56","00:57:57",Delmar,"Bis per mer!"
1443,"00:57:57","00:57:58",Delmar,"And fire."
1444,"00:57:59","00:58:00",Delmar,"Which is Latin for strength through the sea."
1445,"00:58:01","00:58:01",DM,"Nice."
1446,"00:58:02","00:58:02",DM,"Nice."
1447,"00:58:03","00:58:05",Delmar,"Appreciate some Latin."
1448,"00:58:05","00:58:06",Delmar,"Um,"
1449,"00:58:06","00:58:07",Delmar,"and yeah,"
1450,"00:58:07","00:58:09",Delmar,"so because that's really all I have."
1451,"00:58:10","00:58:10",Delmar,"All I have?"
1452,"00:58:12","00:58:12",Delmar,"My pistol,"
1453,"00:58:13","00:58:13",Delmar,"some of that."
1454,"00:58:16","00:58:18",Delmar,"And then the pistol is..."
1455,"00:58:20","00:58:21",Speaker 1,"Uh,"
1456,"00:58:22","00:58:23",Delmar,"19 to hit."
1457,"00:58:24","00:58:24",Delmar,"19 hits."
1458,"00:58:24","00:58:25",Delmar,"Okay."
1459,"00:58:25","00:58:27",Crissdalynn,"I read something in my tattoo I hadn't been utilizing."
1460,"00:58:28","00:58:28",Crissdalynn,"Oh?"
1461,"00:58:28","00:58:30",Crissdalynn,"It makes my punches plus ones."
1462,"00:58:31","00:58:31",Speaker 1,"Can you not then?"
1463,"00:58:31","00:58:32",Speaker 1,"Nope."
1464,"00:58:32","00:58:32",Crissdalynn,"Wow."
1465,"00:58:32","00:58:34",Crissdalynn,"I just thought it gave you the 1d6,"
1466,"00:58:34","00:58:35",Crissdalynn,"and I just realized now that,"
1467,"00:58:36","00:58:36",Crissdalynn,"no,"
1468,"00:58:36","00:58:38",Crissdalynn,"I get an additional plus one bonus to attack and attack controls with it."
1469,"00:58:40","00:58:40",Speaker 1,"Lumps."
1470,"00:58:42","00:58:43",Speaker 1,"Nope."
1471,"00:58:43","00:58:44",Speaker 1,"Of course you do."
1472,"00:58:46","00:58:46",DM,"Like a bird,"
1473,"00:58:47","00:58:47",DM,"right?"
1474,"00:58:49","00:58:49",DM,"So,"
1475,"00:58:49","00:58:50",DM,"how much damage are you doing?"
1476,"00:58:51","00:58:52",DM,"I need a d10."
1477,"00:58:53","00:58:55",DM,"And how much are you pissing off this thing?"
1478,"00:59:02","00:59:03",Speaker 1,"Okay,"
1479,"00:59:03","00:59:04",Delmar,"so I'm in feet Alright,"
1480,"00:59:04","00:59:20",Delmar,"sweet That's not bad So that's 1d10 So that's 7 plus 5 Is 12 And then I'm going to sneak attack I can still sneak attack You're going to bonus action attack,"
1481,"00:59:21","00:59:21",Delmar,"right?"
1482,"00:59:23","00:59:26",DM,"You don't get sneak attack You wouldn't get sneak attack for this."
1483,"00:59:26","00:59:26",DM,"I have."
1484,"00:59:27","00:59:28",DM,"Are you flanking?"
1485,"00:59:29","00:59:30",DM,"You're flanking,"
1486,"00:59:30","00:59:31",DM,"but it's not..."
1487,"00:59:32","00:59:37",DM,"Flanking is when you and the enemy are targeting something."
1488,"00:59:37","00:59:38",DM,"Gotcha."
1489,"00:59:38","00:59:39",DM,"Like formation."
1490,"00:59:40","00:59:42",Delmar,"So no sneak attack damage?"
1491,"00:59:42","00:59:43",Delmar,"No,"
1492,"00:59:43","00:59:44",DM,"you're plainly visible,"
1493,"00:59:44","00:59:47",DM,"so it totally sees you."
1494,"00:59:48","00:59:49",DM,"I'm a swashbuckler,"
1495,"00:59:49","00:59:49",DM,"though."
1496,"00:59:49","00:59:50",DM,"I'm a swashbuckler,"
1497,"00:59:50","00:59:50",DM,"though."
1498,"00:59:51","00:59:51",DM,"But you,"
1499,"00:59:51","00:59:51",DM,"uh,"
1500,"00:59:52","00:59:52",DM,"this..."
1501,"00:59:53","00:59:54",DM,"You're not in melee range."
1502,"00:59:54","00:59:54",DM,"Yeah,"
1503,"00:59:55","00:59:55",DM,"that's only in melee."
1504,"00:59:56","00:59:57",Delmar,"Oh,"
1505,"00:59:57","00:59:57",Delmar,"okay."
1506,"00:59:57","00:59:59",Delmar,"I shoot him for seven,"
1507,"00:59:59","01:00:02",Delmar,"and I don't think I can do anything else with the pistol."
1508,"01:00:02","01:00:03",Delmar,"Yeah,"
1509,"01:00:03","01:00:03",Delmar,"okay."
1510,"01:00:04","01:00:05",Delmar,"Unless it's..."
1511,"01:00:05","01:00:06",Delmar,"I'm gonna double-check your thing,"
1512,"01:00:06","01:00:08",Delmar,"but I don't think you had any added effects."
1513,"01:00:09","01:00:10",Speaker 1,"Um..."
1514,"01:00:10","01:00:12",Delmar,"I do not remember what the problem is."
1515,"01:00:16","01:00:16",Delmar,"Oh,"
1516,"01:00:16","01:00:16",Delmar,"Vex!"
1517,"01:00:17","01:00:17",Delmar,"Oh!"
1518,"01:00:17","01:00:20",Delmar,"If you hit a creature with this weapon and deal damage to the creature,"
1519,"01:00:20","01:00:23",Delmar,"you have advantage in your next attack roll against the creature group or the end of your next turn."
1520,"01:00:24","01:00:24",Delmar,"So,"
1521,"01:00:26","01:00:27",Delmar,"I'm assuming that only affects me,"
1522,"01:00:27","01:00:27",Delmar,"so yeah."
1523,"01:00:28","01:00:30",Delmar,"I have advantage on attack rolls next turn."
1524,"01:00:30","01:00:30",Delmar,"Okay,"
1525,"01:00:31","01:00:32",Delmar,"and six damage?"
1526,"01:00:33","01:00:34",Speaker 1,"No,"
1527,"01:00:34","01:00:34",Speaker 1,"12."
1528,"01:00:34","01:00:34",Speaker 1,"12."
1529,"01:00:37","01:00:37",DM,"12?"
1530,"01:00:37","01:00:38",DM,"Alright."
1531,"01:00:39","01:00:40",DM,"Yeah."
1532,"01:00:41","01:00:42",DM,"Who's that one knocked down right there in front?"
1533,"01:00:43","01:00:44",DM,"That would be..."
1534,"01:00:46","01:00:46",DM,"You're in range."
1535,"01:00:47","01:00:49",DM,"We'll get that when you get to your turn."
1536,"01:00:49","01:00:50",DM,"Um,"
1537,"01:00:50","01:00:50",Speaker 1,"alright."
1538,"01:00:51","01:00:52",Speaker 1,"Um,"
1539,"01:00:52","01:00:56",DM,"O-Tar's gonna use a legendary action as you fly by."
1540,"01:00:56","01:00:57",DM,"Is that it for your turn?"
1541,"01:00:58","01:00:58",Delmar,"Yes,"
1542,"01:00:58","01:00:59",Delmar,"that's it."
1543,"01:00:59","01:00:59",Delmar,"That's my movement,"
1544,"01:00:59","01:00:59",Delmar,"action,"
1545,"01:01:00","01:01:00",Delmar,"bonus action."
1546,"01:01:00","01:01:04",DM,"It's gonna use a legendary action after your turn to do a,"
1547,"01:01:04","01:01:05",DM,"uh,"
1548,"01:01:05","01:01:06",DM,"tongue lash towards you."
1549,"01:01:07","01:01:07",DM,"Because,"
1550,"01:01:07","01:01:07",DM,"uh,"
1551,"01:01:07","01:01:08",DM,"you shot at it."
1552,"01:01:09","01:01:09",Speaker 1,"Um."
1553,"01:01:14","01:01:15",Speaker 1,"Stuck in here."
1554,"01:01:16","01:01:17",DM,"Dirty 20 hit."
1555,"01:01:17","01:01:18",DM,"Yes."
1556,"01:01:18","01:01:18",DM,"Yeah."
1557,"01:01:19","01:01:19",DM,"All right."
1558,"01:01:21","01:01:21",DM,"Eleven."
1559,"01:01:21","01:01:21",DM,"Yeah."
1560,"01:01:22","01:01:23",DM,"Eleven bludgeoning damage."
1561,"01:01:24","01:01:24",DM,"Oof."
1562,"01:01:24","01:01:32",DM,"And you must succeed on DC 16 strength save or be pulled 35 feet towards Otar and grapple."
1563,"01:01:32","01:01:36",Delmar,"So this is my first chance I will ever get to say and use Uncanny Dodge."
1564,"01:01:37","01:01:38",Delmar,"How does that work?"
1565,"01:01:39","01:01:40",Delmar,"Because it is an attack."
1566,"01:01:40","01:01:44",DM,"So you use your reaction and you take half damage."
1567,"01:01:44","01:01:45",DM,"It's automatic."
1568,"01:01:45","01:01:45",DM,"Okay."
1569,"01:01:46","01:01:46",DM,"You can only use it once."
1570,"01:01:46","01:01:47",DM,"Mm-hmm."
1571,"01:01:51","01:01:52",DM,"Uncanny Dodge again?"
1572,"01:01:52","01:01:54",Crissdalynn,"Uncanny Dodge is you just take half damage."
1573,"01:01:54","01:01:55",DM,"It auto-haves."
1574,"01:01:56","01:01:58",DM,"But is it on deck saves?"
1575,"01:01:59","01:02:00",DM,"It's on physical damage from attacks."
1576,"01:02:01","01:02:01",DM,"Oh,"
1577,"01:02:01","01:02:01",DM,"perfect."
1578,"01:02:02","01:02:04",DM,"And it costs the reaction."
1579,"01:02:04","01:02:06",DM,"And does it have any effect on being grappled?"
1580,"01:02:07","01:02:07",Speaker 1,"No."
1581,"01:02:07","01:02:08",Delmar,"It almost."
1582,"01:02:08","01:02:08",Delmar,"Okay."
1583,"01:02:09","01:02:11",Delmar,"It was a deck save,"
1584,"01:02:11","01:02:12",Delmar,"so that's 13."
1585,"01:02:12","01:02:13",Delmar,"Oh my god,"
1586,"01:02:13","01:02:13",Delmar,"it's up to 8 now."
1587,"01:02:14","01:02:15",Delmar,"So you don't take half damage,"
1588,"01:02:15","01:02:18",DM,"but you do still have to make the save."
1589,"01:02:18","01:02:19",DM,"Is it dex or strength?"
1590,"01:02:20","01:02:20",DM,"It is strength."
1591,"01:02:21","01:02:21",Speaker 1,"Oh."
1592,"01:02:22","01:02:22",DM,"For grapple,"
1593,"01:02:22","01:02:23",DM,"you can use acrobatics."
1594,"01:02:23","01:02:23",DM,"Actually,"
1595,"01:02:23","01:02:24",DM,"I would generally have supposed to,"
1596,"01:02:24","01:02:25",DM,"yeah,"
1597,"01:02:25","01:02:26",DM,"strength or dex."
1598,"01:02:26","01:02:26",DM,"Yeah,"
1599,"01:02:26","01:02:28",DM,"I'll let you use both on here."
1600,"01:02:28","01:02:29",DM,"I have it written down as strength,"
1601,"01:02:29","01:02:30",DM,"but that's,"
1602,"01:02:30","01:02:30",DM,"yeah,"
1603,"01:02:30","01:02:30",DM,"totally."
1604,"01:02:31","01:02:31",DM,"Oh,"
1605,"01:02:31","01:02:31",DM,"I could use dex?"
1606,"01:02:32","01:02:32",Speaker 1,"Yeah."
1607,"01:02:32","01:02:32",Speaker 1,"Oh,"
1608,"01:02:32","01:02:33",Delmar,"then I'd definitely make it."
1609,"01:02:34","01:02:35",Delmar,"That's 14 plus 8."
1610,"01:02:36","01:02:37",Delmar,"Or wait,"
1611,"01:02:37","01:02:37",Delmar,"no."
1612,"01:02:37","01:02:37",Delmar,"Yeah,"
1613,"01:02:37","01:02:37",DM,"yeah,"
1614,"01:02:37","01:02:38",DM,"use this one."
1615,"01:02:38","01:02:38",DM,"Yeah,"
1616,"01:02:38","01:02:39",DM,"14 plus 8."
1617,"01:02:39","01:02:40",DM,"Okay,"
1618,"01:02:40","01:02:40",DM,"yeah."
1619,"01:02:40","01:02:41",DM,"So,"
1620,"01:02:41","01:02:41",DM,"yeah,"
1621,"01:02:41","01:02:43",DM,"you're able to dodge past the tongue."
1622,"01:02:44","01:02:45",DM,"I did hit you,"
1623,"01:02:45","01:02:46",DM,"but you are not grappled."
1624,"01:02:46","01:02:46",DM,"Yeah,"
1625,"01:02:46","01:02:48",DM,"the tongue hits you,"
1626,"01:02:48","01:02:51",DM,"and you're able to pull it off at the last moment before it pulls you in."
1627,"01:02:52","01:02:52",DM,"Thank goodness."
1628,"01:02:53","01:02:54",Speaker 1,"That's a legendary action."
1629,"01:02:55","01:02:57",Delmar,"So that would have been 11,"
1630,"01:02:57","01:02:58",Delmar,"but I have it."
1631,"01:02:59","01:03:00",Crissdalynn,"It rounds up."
1632,"01:03:01","01:03:01",Delmar,"Right."
1633,"01:03:01","01:03:02",Delmar,"So it would have been six."
1634,"01:03:03","01:03:05",Delmar,"But then the Uncanny Dodge takes that down to three."
1635,"01:03:06","01:03:07",Crissdalynn,"No,"
1636,"01:03:07","01:03:08",Crissdalynn,"it's half damage."
1637,"01:03:08","01:03:09",Delmar,"It's just half damage."
1638,"01:03:09","01:03:09",Delmar,"Okay."
1639,"01:03:09","01:03:10",Delmar,"The deck save did..."
1640,"01:03:10","01:03:10",Delmar,"Oh,"
1641,"01:03:10","01:03:12",Delmar,"the deck save was just for the grapple."
1642,"01:03:12","01:03:12",Delmar,"All right,"
1643,"01:03:13","01:03:13",Delmar,"I got you."
1644,"01:03:13","01:03:13",Delmar,"All right,"
1645,"01:03:13","01:03:14",Delmar,"so I take six."
1646,"01:03:14","01:03:14",Delmar,"Thank you."
1647,"01:03:15","01:03:15",DM,"Catarina,"
1648,"01:03:15","01:03:16",DM,"you're up."
1649,"01:03:16","01:03:17",DM,"And then..."
1650,"01:03:18","01:03:18",DM,"Okay."
1651,"01:03:20","01:03:21",Speaker 1,"Ready?"
1652,"01:03:21","01:03:21",Speaker 1,"Yep."
1653,"01:03:22","01:03:22",Catarina,"So,"
1654,"01:03:23","01:03:23",Catarina,"after seeing that,"
1655,"01:03:23","01:03:24",Catarina,"do I have an..."
1656,"01:03:24","01:03:25",Catarina,"I know I'm prone."
1657,"01:03:26","01:03:29",Catarina,"Would I have an advantage if he has got his attention on..."
1658,"01:03:30","01:03:30",Speaker 1,"Where are you going?"
1659,"01:03:31","01:03:32",Catarina,"I'm directly behind him."
1660,"01:03:32","01:03:33",DM,"Oh,"
1661,"01:03:33","01:03:33",DM,"yeah."
1662,"01:03:33","01:03:33",DM,"Yeah."
1663,"01:03:33","01:03:34",DM,"He has no idea you're there,"
1664,"01:03:34","01:03:35",DM,"I would say."
1665,"01:03:35","01:03:35",DM,"Okay."
1666,"01:03:36","01:03:36",DM,"So,"
1667,"01:03:36","01:03:36",DM,"I'm going to..."
1668,"01:03:36","01:03:36",DM,"Oh,"
1669,"01:03:36","01:03:37",DM,"however,"
1670,"01:03:37","01:03:40",DM,"you are within range."
1671,"01:03:41","01:03:41",DM,"So,"
1672,"01:03:41","01:03:42",DM,"unfortunately..."
1673,"01:03:42","01:03:42",DM,"Okay."
1674,"01:03:43","01:03:49",DM,"There is a 10-foot radius of noxious fumes leaking off O-Tar."
1675,"01:03:49","01:03:50",DM,"Every leaking,"
1676,"01:03:50","01:03:58",DM,"open sore and wound on his body seems to be off-gassing this yellowish-green miasma."
1677,"01:03:59","01:03:59",DM,"Okay."
1678,"01:03:59","01:04:03",DM,"Anyone who starts their turn within 10 feet of him..."
1679,"01:04:04","01:04:07",Speaker 1,"I do know what I'm saying."
1680,"01:04:07","01:04:08",DM,"...by poison damage."
1681,"01:04:08","01:04:09",Speaker 1,"Just automatic?"
1682,"01:04:09","01:04:14",Crissdalynn,"Can wind blow it away?"
1683,"01:04:16","01:04:16",Speaker 1,"Maybe."
1684,"01:04:18","01:04:18",Speaker 1,"I mean,"
1685,"01:04:18","01:04:19",Speaker 1,"it's just gas."
1686,"01:04:20","01:04:21",DM,"Not gas."
1687,"01:04:24","01:04:25",DM,"And now it's Rupert."
1688,"01:04:26","01:04:30",Catarina,"So I'm going to see him and mutter out of my mouth,"
1689,"01:04:30","01:04:31",Catarina,"Tito,"
1690,"01:04:31","01:04:31",Catarina,"attention,"
1691,"01:04:32","01:04:32",Catarina,"attention!"
1692,"01:04:33","01:04:35",Catarina,"Kind of like seeing some of these things scurrying."
1693,"01:04:36","01:04:37",Catarina,"Anyone that's up top,"
1694,"01:04:37","01:04:39",Catarina,"I don't know how much of the skyline that we see,"
1695,"01:04:39","01:05:12",Catarina,"the streets uh but katerina's immediately uh uh try not to show a level of panic but she is immediately drawn to uh her her town and and the dangers of that life from that she's going she i imagine she's kind of just like after she she tried to grab this thing before it reached the thing and that's just how it happened she's back on her feet and as she's seeing and assessing all this in the awful smell she's going to take a little contraption that is on her gauntlet on the side it has a bit of a"
1696,"01:05:12","01:05:31",Catarina,"stativeness to it um and she's going to i'm holding my the continuum time it's just me reminding myself what it is i want to say sorry i should have said take this and uh you just see her kind of just jam something into the ground uh in front of her not really having to get up from her position."
1697,"01:05:33","01:05:33",Catarina,"She's going to do that,"
1698,"01:05:34","01:05:37",Catarina,"and it's going to be a casting thunder wave."
1699,"01:05:37","01:05:37",Speaker 1,"Nice."
1700,"01:05:38","01:05:42",Catarina,"With that as my bonus action,"
1701,"01:05:42","01:05:53",Catarina,"I'm going to use my boots of winding and go 15 feet back to a point that I have been at."
1702,"01:05:54","01:05:55",Delmar,"I know I was around here."
1703,"01:05:55","01:05:56",Delmar,"I don't remember where you were."
1704,"01:05:56","01:05:57",Catarina,"I've been around here."
1705,"01:05:58","01:05:58",Catarina,"So back there,"
1706,"01:05:58","01:06:00",Delmar,"I'm going to wedge the corner and then work your way towards the other."
1707,"01:06:01","01:06:04",Catarina,"I guess it would take technically movement speed,"
1708,"01:06:04","01:06:06",Catarina,"but I'm using 15 feet of my boots to get me up."
1709,"01:06:06","01:06:07",Catarina,"Oh,"
1710,"01:06:07","01:06:07",Speaker 1,"we don't know yet."
1711,"01:06:08","01:06:10",DM,"They're going to put all the loose things."
1712,"01:06:11","01:06:12",Catarina,"I don't know."
1713,"01:06:12","01:06:13",Catarina,"This was,"
1714,"01:06:13","01:06:16",Catarina,"were they described that they were crawling out?"
1715,"01:06:16","01:06:16",Speaker 1,"Yeah."
1716,"01:06:16","01:06:17",Catarina,"Like on the,"
1717,"01:06:17","01:06:19",Catarina,"where they're crawling out of the rubble,"
1718,"01:06:19","01:06:21",DM,"they're crawling towards the people."
1719,"01:06:22","01:06:22",Catarina,"They're up top."
1720,"01:06:23","01:06:24",Catarina,"They're not where we are right now."
1721,"01:06:24","01:06:24",Catarina,"So those are just,"
1722,"01:06:25","01:06:26",Catarina,"they're not actually there."
1723,"01:06:26","01:06:26",DM,"Yeah,"
1724,"01:06:26","01:06:27",DM,"they're out there."
1725,"01:06:27","01:06:28",DM,"There are just one or about,"
1726,"01:06:28","01:06:28",DM,"yeah."
1727,"01:06:29","01:06:29",DM,"Cool."
1728,"01:06:30","01:06:31",Speaker 1,"Or five of them."
1729,"01:06:33","01:06:33",DM,"Five?"
1730,"01:06:33","01:06:33",DM,"Oh."
1731,"01:06:34","01:06:34",DM,"Yeah."
1732,"01:06:34","01:06:34",DM,"Oh,"
1733,"01:06:34","01:06:34",DM,"that's fine."
1734,"01:06:34","01:06:35",DM,"So you can just see,"
1735,"01:06:35","01:06:35",DM,"like,"
