ID,Start,End,Speaker,Text
1,"00:00:03","00:00:05",DM,"Last time on the Shattered Sea."
2,"00:00:06","00:00:10",DM,"The party's raid on the grung sewer magazines came apart at the last moment."
3,"00:00:11","00:00:12",DM,"Vashu the Weeping Veil fell,"
4,"00:00:12","00:00:14",DM,"then Ozzeth the Twice-Born."
5,"00:00:15","00:00:18",DM,"And the way to Solange Barret was finally clear."
6,"00:00:19","00:00:20",DM,"She was struck down,"
7,"00:00:20","00:00:20",DM,"near death,"
8,"00:00:21","00:00:24",DM,"and with one last titanic final effort,"
9,"00:00:24","00:00:26",DM,"brought the ceiling down upon herself."
10,"00:00:27","00:00:28",DM,"completed the ritual,"
11,"00:00:28","00:00:30",DM,"betting her life on its success."
12,"00:00:31","00:00:36",DM,"We left off at the last fraction of a moment before the calamity occurred,"
13,"00:00:36","00:00:38",DM,"light and flame frozen in time,"
14,"00:00:39","00:00:41",DM,"just beginning to blossom across the ceiling."
15,"00:00:42","00:00:45",DM,"Tonight starts three nights earlier."
16,"00:00:45","00:00:47",DM,"At The Uncertainty's rail,"
17,"00:00:47","00:00:49",DM,"with the rest of the crew long asleep,"
18,"00:00:50","00:00:54",DM,"Thunk is pushed to extreme measures on today's episode of What's Up with Thunk."
19,"00:00:55","00:00:56",Speaker 1,"Yay!"
20,"00:00:59","00:01:25",DM,"We need a theme song for it Yeah you guys know how this works now There's gonna be some slight changes I got rid of that whole Two rolls and then you're done Thing that I hated that so it's a big group skill check Everyone rolls So it's just a collective A high collective DC Basically,"
21,"00:01:26","00:01:28",DM,"some of them are a high DC."
22,"00:01:28","00:01:29",DM,"Some of them,"
23,"00:01:29","00:01:30",DM,"there's multiple roles."
24,"00:01:31","00:01:34",DM,"So you guys can allocate them or play it by ear,"
25,"00:01:34","00:01:35",DM,"basically."
26,"00:01:35","00:01:36",DM,"It's a group skill check."
27,"00:01:36","00:01:39",DM,"I have some ideas for what kind of roles I'm looking for."
28,"00:01:40","00:01:40",DM,"But suggest."
29,"00:01:41","00:01:43",DM,"If you guys want to improvise,"
30,"00:01:44","00:01:44",DM,"totally cool with that."
31,"00:01:46","00:01:46",DM,"All right."
32,"00:01:46","00:01:46",DM,"All right."
33,"00:01:49","00:01:50",DM,"The hour is late."
34,"00:01:51","00:01:54",DM,"And The Uncertainty rides quiet at her moorin',"
35,"00:01:54","00:01:55",DM,"her deck empty,"
36,"00:01:56","00:01:59",DM,"but for the two of you and the harbor working away in the dark."
37,"00:02:00","00:02:05",DM,"You've spent the last day flinching at the sound of Rattkin footsteps on the weather deck above you."
38,"00:02:05","00:02:07",DM,"A thousand gold on the ship's credit,"
39,"00:02:07","00:02:10",DM,"two long nines and two short thirty-twos,"
40,"00:02:10","00:02:14",DM,"ordered in hand you don't remember signing until you saw it on the paper."
41,"00:02:15","00:02:18",DM,"Nona Black-Jaw hasn't said one word about it yet,"
42,"00:02:18","00:02:21",DM,"far too busy plotting your imminent and painful demise,"
43,"00:02:22","00:02:22",DM,"you imagine."
44,"00:02:23","00:02:25",DM,"You've crossed the deck twice tonight already,"
45,"00:02:25","00:02:28",DM,"once for the arithmetic and once for the nerve,"
46,"00:02:28","00:02:31",DM,"and both times you end up at the same rail."
47,"00:02:32","00:02:33",DM,"Old Faas,"
48,"00:02:33","00:02:34",DM,"sitting there,"
49,"00:02:34","00:02:36",DM,"splicing a line that could mend blind,"
50,"00:02:36","00:02:37",DM,"salt an old tar,"
51,"00:02:37","00:02:38",DM,"riding off the rope,"
52,"00:02:38","00:02:39",DM,"sharp enough to taste."
53,"00:02:41","00:02:41",Speaker 1,"Yeah,"
54,"00:02:41","00:02:41",Speaker 1,"boys."
55,"00:02:43","00:02:44",DM,"How do you make money fast?"
56,"00:02:45","00:02:46",Speaker 1,"He says."
57,"00:02:47","00:02:47",Speaker 1,"Damn,"
58,"00:02:47","00:02:47",Speaker 1,"Len!"
59,"00:02:48","00:02:49",DM,"He says wholeheartedly,"
60,"00:02:49","00:02:50",DM,"recommending it."
61,"00:02:51","00:02:52",DM,"And by the way of answer,"
62,"00:02:52","00:02:55",DM,"sets the rope down long enough to teach you the game right there on the deck."
63,"00:02:55","00:02:56",Speaker 1,"An hour in,"
64,"00:02:57","00:02:59",DM,"down every hand he's dealt you,"
65,"00:02:59","00:03:06",DM,"Faas catches you mouthing a count on your breath as the cards fall."
66,"00:03:06","00:03:08",DM,"His frown breaks into a wide grin."
67,"00:03:09","00:03:11",DM,"There's a game he goes most weeks,"
68,"00:03:11","00:03:11",DM,"he says."
69,"00:03:12","00:03:13",DM,"behind the butchers on Tallow Row."
70,"00:03:14","00:03:15",DM,"And with a mouth like yours for numbers,"
71,"00:03:16","00:03:17",DM,"they won't know what hit them."
72,"00:03:18","00:03:20",DM,"Then he picks the rope back up and waits on you."
73,"00:03:25","00:03:25",Speaker 1,"Short while later,"
74,"00:03:26","00:03:28",DM,"the walk down to Tallow Row is short."
75,"00:03:29","00:03:33",DM,"The alley behind the butchers narrow enough that the two of you go single file."
76,"00:03:33","00:03:36",DM,"It smells of old blood and cold fats."
77,"00:03:36","00:03:38",DM,"Halfway along it pours."
78,"00:03:38","00:03:40",DM,"Crate sacks one way,"
79,"00:03:40","00:03:41",DM,"an open gutter along the other."
80,"00:03:41","00:03:47",DM,"Faas keeps walking and knocks twice on the door at the end of the alley Friends of mine in here,"
81,"00:03:47","00:03:50",DM,"he says to you Fifteen years,"
82,"00:03:50","00:03:52",DM,"lose the first hour,"
83,"00:03:52","00:03:55",DM,"we count the second He presses a coin in your palm,"
84,"00:03:55","00:04:02",DM,"folds your fingers shut over it And does not explain The window at the door's end,"
85,"00:04:02","00:04:12",DM,"hardly bigger than the eyes peering through it as it opens studies the two of you for a long count before a voice asks in Draconic,"
86,"00:04:12","00:04:13",DM,"does anyone here speak Draconic?"
87,"00:04:14","00:04:15",Speaker 1,"No."
88,"00:04:16","00:04:18",DM,"Ash-nash-wind-a-pool."
89,"00:04:18","00:04:20",DM,"Ash-nash-wind-a-pool."
90,"00:04:21","00:04:22",DM,"Fast response."
91,"00:04:23","00:04:24",DM,"Imperfect Draconic."
92,"00:04:25","00:04:27",DM,"Ash-nash-thal-ka-to."
93,"00:04:27","00:04:28",DM,"Ash-brush-ee-hoo-ka-to."
94,"00:04:29","00:04:30",DM,"The door swings open,"
95,"00:04:32","00:04:34",DM,"revealing an ogre built like a fortress."
96,"00:04:35","00:04:35",DM,"Tusks,"
97,"00:04:35","00:04:36",DM,"yellowed and deliberate,"
98,"00:04:36","00:04:40",DM,"wearing more holstered steel than the two of you have ever seen in your life."
99,"00:04:41","00:04:42",DM,"He looks you up and down,"
100,"00:04:43","00:04:43",DM,"grunts,"
101,"00:04:43","00:04:45",DM,"claps Faas on the back,"
102,"00:04:45","00:04:47",DM,"and says one flat,"
103,"00:04:47","00:04:49",DM,"Draconic word about you over Faas's shoulder,"
104,"00:04:50","00:04:52",DM,"and laughs in a deep baritone while he holds the door."
105,"00:04:56","00:04:56",Speaker 1,"So,"
106,"00:04:56","00:04:57",DM,"this is basically,"
107,"00:04:58","00:05:00",DM,"I would love if everyone would roll a d20 for me."
108,"00:05:03","00:05:06",DM,"I need a wish ticker."
109,"00:05:07","00:05:08",Speaker 1,"Depends on what it is."
110,"00:05:09","00:05:10",Speaker 1,"We got two 20s."
111,"00:05:11","00:05:11",Crissdalynn,"Wait,"
112,"00:05:11","00:05:12",Crissdalynn,"did you roll already?"
113,"00:05:13","00:05:13",DM,"No."
114,"00:05:13","00:05:13",DM,"Oh,"
115,"00:05:13","00:05:13",DM,"never mind."
116,"00:05:14","00:05:15",DM,"17,"
117,"00:05:15","00:05:15",DM,"though."
118,"00:05:15","00:05:16",DM,"Pretty good."
119,"00:05:16","00:05:17",Crissdalynn,"I got a 20."
120,"00:05:17","00:05:18",DM,"Me too."
121,"00:05:18","00:05:18",DM,"Wow."
122,"00:05:19","00:05:21",DM,"I got a four."
123,"00:05:23","00:05:24",DM,"Wow."
124,"00:05:24","00:05:24",DM,"All right."
125,"00:05:25","00:05:28",Delmar,"We got both sides of what we want to do on this."
126,"00:05:28","00:05:28",Delmar,"Yeah."
127,"00:05:29","00:05:29",DM,"Okay."
128,"00:05:29","00:05:29",DM,"So,"
129,"00:05:29","00:05:30",DM,"I mean,"
130,"00:05:30","00:05:32",DM,"that's a pass across the board."
131,"00:05:32","00:05:35",DM,"I was looking for perception and insight and intimidation."
132,"00:05:38","00:05:38",Speaker 1,"Fuck."
133,"00:05:41","00:05:42",DM,"Okay."
134,"00:05:42","00:05:43",DM,"So with that,"
135,"00:05:43","00:05:44",DM,"across the board."
136,"00:05:49","00:05:49",Speaker 1,"First,"
137,"00:05:49","00:05:50",DM,"as you walk in,"
138,"00:05:50","00:05:51",DM,"you notice the way is out."
139,"00:05:52","00:05:56",DM,"You got a pretty good idea of how you can get back out of this back alley area."
140,"00:05:57","00:05:57",DM,"Two."
141,"00:06:00","00:06:01",Speaker 4,"Let's see here."
142,"00:06:01","00:06:34",DM,"um um I need uh fuck shit I don't know where okay so yeah we're just gonna do this as a group skill check so as long as everyone passes um it lets you uh they let you in um The ogre,"
143,"00:06:34","00:06:34",DM,"Krukan,"
144,"00:06:34","00:06:36",DM,"weighs the two of you a moment longer,"
145,"00:06:36","00:06:38",DM,"then steps aside without a word,"
146,"00:06:38","00:06:41",DM,"and the alley's cold stays outside with him."
147,"00:06:43","00:06:44",DM,"Rugs three inches deep,"
148,"00:06:44","00:06:46",DM,"whale oil in the lamps,"
149,"00:06:46","00:06:52",DM,"the four of the most obvious criminals in Calveno at a green felt table with two chairs still open."
150,"00:06:53","00:06:55",DM,"They cheer as Faas comes through the doorway,"
151,"00:06:55","00:06:56",DM,"glasses up,"
152,"00:06:56","00:06:58",DM,"an old friend back from sea."
153,"00:06:59","00:07:00",DM,"the bar's far end,"
154,"00:07:00","00:07:02",DM,"a second door stands half-ridden,"
155,"00:07:03","00:07:07",DM,"hidden behind a rack of hanging clothes,"
156,"00:07:07","00:07:09",DM,"and the drop under it is moving the hands."
157,"00:07:10","00:07:11",DM,"Across the felt,"
158,"00:07:12","00:07:12",DM,"a minotaur,"
159,"00:07:13","00:07:18",DM,"one field-born split by a knife's scar beside him."
160,"00:07:18","00:07:20",DM,"Lizardfolk woman,"
161,"00:07:20","00:07:21",DM,"long and lean,"
162,"00:07:21","00:07:22",DM,"built like a dog's-eye crane,"
163,"00:07:23","00:07:26",DM,"her tongue pacing there between hands."
164,"00:07:27","00:07:27",DM,"Third,"
165,"00:07:27","00:07:28",DM,"next to her,"
166,"00:07:28","00:07:30",DM,"a gnome kneeling on two cushions,"
167,"00:07:31","00:07:39",DM,"ink telling the table what became a crew he once had that held that anchor a whole season before the table erupts in laughter."
168,"00:07:40","00:07:43",DM,"The chair at the head of the table has no cards in front and no stack either."
169,"00:07:46","00:07:50",DM,"A human woman sits there with a liqueur box to the side of a Bible at her elbow."
170,"00:07:51","00:07:52",DM,"She rises when she sees you,"
171,"00:07:52","00:07:53",DM,"takes her face in both hands."
172,"00:07:59","00:08:24",DM,"you know this is um fuck we're in a market this is great okay so back alley poker game okay back alley not saloon Alley Poker Game."
173,"00:08:25","00:08:25",DM,"Yeah."
174,"00:08:25","00:08:27",DM,"Is this appropriate?"
175,"00:08:28","00:08:28",DM,"Yeah,"
176,"00:08:28","00:08:29",DM,"this is great."
177,"00:08:30","00:08:33",Delmar,"We hear chips being dropped and exchanged."
178,"00:08:33","00:08:33",Delmar,"Like,"
179,"00:08:33","00:08:33",Delmar,"no,"
180,"00:08:33","00:08:34",Delmar,"like..."
181,"00:08:35","00:08:36",Delmar,"It might be Back Alley,"
182,"00:08:36","00:08:37",Delmar,"but everyone..."
183,"00:08:37","00:08:37",Delmar,"Yeah."
184,"00:08:37","00:08:39",Crissdalynn,"Music from outside with open doors."
185,"00:08:39","00:08:39",Delmar,"Yeah,"
186,"00:08:39","00:08:43",Delmar,"this is one of those places where it's like they can do it out in the open even though it's still quote,"
187,"00:08:43","00:08:43",Delmar,"Back Alley."
188,"00:08:44","00:08:46",Crissdalynn,"I'm trying to picture the miniature of,"
189,"00:08:46","00:08:47",Crissdalynn,"like..."
190,"00:08:47","00:08:48",Speaker 1,"I don't know."
191,"00:08:53","00:08:54",Delmar,"Just..."
192,"00:08:54","00:08:57",Delmar,"Like some of the fucking Looney Tunes."
193,"00:08:58","00:08:59",Delmar,"But he's immaculate,"
194,"00:08:59","00:08:59",Delmar,"you know,"
195,"00:08:59","00:09:02",Delmar,"like never misses the note."
196,"00:09:02","00:09:04",Crissdalynn,"He really is one of those self-playing pianos,"
197,"00:09:04","00:09:05",Crissdalynn,"and he's just like..."
198,"00:09:06","00:09:07",DM,"He's fooling everyone."
199,"00:09:08","00:09:09",DM,"You're making the right money here."
200,"00:09:13","00:09:13",Speaker 1,"Yeah,"
201,"00:09:13","00:09:14",Speaker 1,"basically."
202,"00:09:15","00:09:15",Delmar,"Yep."
203,"00:09:19","00:09:20",DM,"How we're going to do this,"
204,"00:09:21","00:09:21",DM,"then,"
205,"00:09:21","00:09:24",DM,"Because I'm realizing that this isn't quite going to work the way I planned it."
206,"00:09:24","00:09:26",DM,"So we're going to do this group skill check."
207,"00:09:26","00:09:27",DM,"All right."
208,"00:09:27","00:09:32",DM,"So I need a perceptions."
209,"00:09:33","00:09:34",DM,"Basically,"
210,"00:09:34","00:09:35",DM,"how this is going to work,"
211,"00:09:35","00:09:35",DM,"everyone rolls."
212,"00:09:37","00:09:38",DM,"And you're essentially going to,"
213,"00:09:38","00:09:42",DM,"as long as more than half of you pass,"
214,"00:09:45","00:09:46",DM,"we're going to do,"
215,"00:09:46","00:09:46",DM,"yeah."
216,"00:09:49","00:10:19",DM,"basically passing rolls yeah basically and I'm just figuring I didn't set this up right for myself here but we're just going to do the god rolls it's using thunk's perception not our ass what would thunk do right now it's all you have to put your mind in yeah I'm sorry I'm just kind of blanking here if he fails in perception can it please be because the dwarven woman is in the tavern."
217,"00:10:19","00:10:24",Delmar,"The poor woman he puked on?"
218,"00:10:24","00:10:25",DM,"Almost puked on."
219,"00:10:25","00:10:26",DM,"He puked on the sheets."
220,"00:10:27","00:10:30",DM,"I need a perception roll to watch the other players."
221,"00:10:31","00:10:32",DM,"Look for bluffing,"
222,"00:10:33","00:10:33",DM,"fair tells,"
223,"00:10:34","00:10:40",DM,"and a slight of for any cheating you might want to do."
224,"00:10:40","00:10:40",DM,"Basically,"
225,"00:10:40","00:10:41",DM,"you guys are playing a stunt."
226,"00:10:42","00:10:42",DM,"It's a roll two."
227,"00:10:44","00:10:45",DM,"Sorry,"
228,"00:10:45","00:10:48",DM,"everyone rolls and we're going to combine them."
229,"00:10:48","00:10:48",DM,"So,"
230,"00:10:48","00:10:49",DM,"um..."
231,"00:10:50","00:10:52",DM,"I got an 11."
232,"00:10:53","00:10:53",Speaker 1,"9."
233,"00:10:53","00:10:54",Speaker 1,"15."
234,"00:10:54","00:10:55",Speaker 1,"5."
235,"00:10:57","00:10:57",DM,"Wow."
236,"00:10:58","00:10:58",DM,"Sorry,"
237,"00:10:58","00:11:00",DM,"the two high ones were a 15 and a..."
238,"00:11:00","00:11:00",DM,"11."
239,"00:11:01","00:11:02",DM,"15 and 11."
240,"00:11:03","00:11:04",DM,"You lose the first..."
241,"00:11:04","00:11:07",DM,"You lose the first hand,"
242,"00:11:07","00:11:07",DM,"unfortunately."
243,"00:11:08","00:11:09",DM,"You're out,"
244,"00:11:09","00:11:11",DM,"but you do notice they are..."
245,"00:11:17","00:11:18",DM,"Um..."
246,"00:11:18","00:11:18",DM,"potentially."
247,"00:11:19","00:11:19",DM,"In fact,"
248,"00:11:19","00:11:22",DM,"another exit point through here."
249,"00:11:24","00:11:31",DM,"And I would say that you also do notice that the lizard-poked person is really deep pocket."
250,"00:11:31","00:11:33",DM,"She's got some very valuables on her."
251,"00:11:35","00:11:37",DM,"The next round of..."
252,"00:11:38","00:11:39",Speaker 1,"Sorry."
253,"00:11:40","00:11:40",DM,"Yeah,"
254,"00:11:40","00:11:41",DM,"the next hand."
255,"00:11:42","00:11:47",DM,"Faas settles in beside you and lets you lose the first hour of often to you,"
256,"00:11:47","00:11:49",DM,"the way he told you to in the alley."
257,"00:11:49","00:11:51",DM,"The room files you under harmless."
258,"00:11:52","00:11:53",DM,"Then the deck runs thinner,"
259,"00:11:54","00:11:54",DM,"hand over hand,"
260,"00:11:55","00:11:57",DM,"and so does the arithmetic behind your eyes."
261,"00:11:58","00:11:59",DM,"High card's gone."
262,"00:11:59","00:12:00",DM,"Low card's gone."
263,"00:12:00","00:12:03",DM,"What's left adding up to whether you mean it or not?"
264,"00:12:05","00:12:08",DM,"The minotaur's easy smile starts arriving half a second late."
265,"00:12:09","00:12:10",DM,"He deals the next hand himself,"
266,"00:12:11","00:12:12",DM,"cards snapping them crisp and even,"
267,"00:12:12","00:12:16",DM,"and the pile in front of him stops shrinking in the wind."
268,"00:12:16","00:12:18",DM,"across from the lizard boat."
269,"00:12:19","00:12:22",DM,"Hasn't touched her own cards in three hands."
270,"00:12:22","00:12:23",DM,"She's watching yours land."
271,"00:12:26","00:12:27",DM,"You know,"
272,"00:12:27","00:12:31",DM,"I am realizing I have made a mistake with this."
273,"00:12:33","00:12:33",Speaker 1,"So,"
274,"00:12:33","00:12:34",Speaker 1,"um,"
275,"00:12:35","00:12:35",Speaker 1,"yeah."
276,"00:12:39","00:12:41",DM,"I'm just going to improvise this right now."
277,"00:12:42","00:12:43",Speaker 1,"Yeah."
278,"00:12:44","00:12:45",DM,"We'll just find out what Thunk does."
279,"00:12:46","00:12:46",DM,"Doing what?"
280,"00:12:46","00:12:46",DM,"Yeah."
281,"00:12:47","00:12:47",DM,"So,"
282,"00:12:47","00:12:48",DM,"you've been counting cards."
283,"00:12:49","00:12:50",DM,"Yeah."
284,"00:12:50","00:12:51",DM,"That's the thing."
285,"00:12:51","00:12:52",DM,"Now I figured it out."
286,"00:12:52","00:12:54",DM,"Faas has figured out that Thunk can count cards."
287,"00:12:54","00:12:55",DM,"He doesn't even know how to play poker,"
288,"00:12:55","00:12:57",DM,"but apparently he can count cards."
289,"00:12:57","00:12:58",DM,"Right?"
290,"00:12:58","00:13:00",DM,"His friend has been able to thunk the idiot Savants."
291,"00:13:00","00:13:00",DM,"Yeah,"
292,"00:13:00","00:13:00",DM,"yeah,"
293,"00:13:00","00:13:00",DM,"yeah."
294,"00:13:01","00:13:01",DM,"So,"
295,"00:13:01","00:13:04",DM,"that's the game you're running right now."
296,"00:13:04","00:13:05",DM,"He's trying to rip off the criminals."
297,"00:13:06","00:13:06",DM,"Whatever."
298,"00:13:06","00:13:08",DM,"Guns and cannons are his train."
299,"00:13:09","00:13:09",DM,"His trains."
300,"00:13:09","00:13:12",DM,"The current pot is 300 gold."
301,"00:13:14","00:13:17",DM,"Of Thunk is intending to take that and pay off his debt."
302,"00:13:18","00:13:18",DM,"Which,"
303,"00:13:18","00:13:19",DM,"by the way,"
304,"00:13:19","00:13:20",DM,"is also your debt."
305,"00:13:21","00:13:21",DM,"Yeah."
306,"00:13:22","00:13:22",DM,"So,"
307,"00:13:22","00:13:25",DM,"how we're going to do this,"
308,"00:13:25","00:13:25",DM,"then,"
309,"00:13:25","00:13:26",DM,"is..."
310,"00:13:29","00:13:30",DM,"There's five of you,"
311,"00:13:30","00:13:31",DM,"and I'm trying to figure out some way to make this actually,"
312,"00:13:31","00:13:32",DM,"like..."
313,"00:13:32","00:13:33",Speaker 1,"Yeah."
314,"00:13:36","00:13:37",DM,"Take the two best rolls?"
315,"00:13:37","00:13:38",DM,"I'm going to roll an advantage,"
316,"00:13:38","00:13:39",DM,"and everyone rolls,"
317,"00:13:39","00:13:40",DM,"and it'll be a contested roll."
318,"00:13:42","00:13:42",DM,"You guys,"
319,"00:13:42","00:13:45",DM,"just one of you needs to beat me."
320,"00:13:46","00:13:51",DM,"That is each roll of I was going to say."
321,"00:13:51","00:13:53",DM,"I got an 8 and a 10."
322,"00:13:53","00:13:54",DM,"I got 19."
323,"00:13:56","00:13:57",DM,"That beats them."
324,"00:13:59","00:14:01",DM,"I would love one more now."
325,"00:14:02","00:14:04",DM,"This is for them noticing."
326,"00:14:04","00:14:08",DM,"They scored another 50 gold of them counting that."
327,"00:14:09","00:14:09",DM,"Oh,"
328,"00:14:09","00:14:10",DM,"and they are picking up on that."
329,"00:14:10","00:14:11",DM,"That's a 16."
330,"00:14:12","00:14:13",DM,"17."
331,"00:14:14","00:14:15",DM,"17?"
332,"00:14:15","00:14:15",DM,"What is that?"
333,"00:14:16","00:14:16",DM,"I got a 16."
334,"00:14:16","00:14:17",DM,"Yeah,"
335,"00:14:17","00:14:18",DM,"that does it."
336,"00:14:19","00:14:21",Delmar,"I'm literally swapping dice each time."
337,"00:14:22","00:14:23",Delmar,"That's not how that works,"
338,"00:14:23","00:14:24",Delmar,"but my brain's going,"
339,"00:14:24","00:14:24",Delmar,"nope,"
340,"00:14:24","00:14:25",Delmar,"it's going to work."
341,"00:14:25","00:14:26",Delmar,"Each time."
342,"00:14:26","00:14:26",Delmar,"Sorry."
343,"00:14:26","00:14:28",Delmar,"It might not be manifested."
344,"00:14:28","00:14:29",DM,"It happens."
345,"00:14:30","00:14:31",DM,"They're getting a little suspicious,"
346,"00:14:31","00:14:34",DM,"but they're still not picking up on it,"
347,"00:14:34","00:14:36",DM,"and they put in next hand,"
348,"00:14:37","00:14:40",DM,"another 100 gold is in the pot."
349,"00:14:42","00:14:45",DM,"They're all watching you very closely right now."
350,"00:14:47","00:14:48",DM,"For this,"
351,"00:14:48","00:14:49",DM,"to win this hand,"
352,"00:14:50","00:14:51",DM,"you don't only need a 12,"
353,"00:14:51","00:14:54",DM,"but to avoid suspicion,"
354,"00:14:54","00:14:55",DM,"you need an 18."
355,"00:14:57","00:14:58",Catarina,"This is my way in."
356,"00:14:59","00:14:59",DM,"Yeah,"
357,"00:14:59","00:15:00",DM,"I've been rolling horribly."
358,"00:15:00","00:15:01",Speaker 1,"Five."
359,"00:15:01","00:15:02",Delmar,"Not an 18 here?"
360,"00:15:03","00:15:03",Delmar,"14."
361,"00:15:03","00:15:04",Delmar,"No."
362,"00:15:04","00:15:04",Delmar,"Unless,"
363,"00:15:04","00:15:05",Delmar,"well,"
364,"00:15:05","00:15:07",Delmar,"what does Thunk give us?"
365,"00:15:07","00:15:09",Delmar,"Per not a positive one."
366,"00:15:09","00:15:10",DM,"Okay,"
367,"00:15:10","00:15:10",DM,"okay,"
368,"00:15:10","00:15:10",DM,"yeah,"
369,"00:15:10","00:15:10",DM,"yeah,"
370,"00:15:10","00:15:11",DM,"yeah."
371,"00:15:11","00:15:11",DM,"14,"
372,"00:15:11","00:15:11",DM,"14."
373,"00:15:12","00:15:12",DM,"Okay."
374,"00:15:13","00:15:13",DM,"So,"
375,"00:15:13","00:15:13",DM,"yeah,"
376,"00:15:13","00:15:14",DM,"you win the hand."
377,"00:15:14","00:15:16",DM,"They are now suspicious."
378,"00:15:17","00:15:18",DM,"We are no longer labeled as harmless."
379,"00:15:20","00:15:21",DM,"At this point."
380,"00:15:21","00:15:21",DM,"Yeah."
381,"00:15:23","00:15:24",DM,"The minutes are,"
382,"00:15:24","00:15:28",DM,"shove the whole table past 600 in one movement."
383,"00:15:28","00:15:29",DM,"Watching your hands,"
384,"00:15:29","00:15:30",DM,"not your face."
385,"00:15:31","00:15:32",DM,"Faas folds the hand he should have won,"
386,"00:15:32","00:15:33",DM,"says nothing."
387,"00:15:35","00:15:37",DM,"The Minotaur isn't smiling at all anymore,"
388,"00:15:37","00:15:38",DM,"hands folded,"
389,"00:15:38","00:15:39",DM,"watching the doors."
390,"00:15:39","00:15:40",DM,"The deck sits empty,"
391,"00:15:40","00:15:42",DM,"nobody moves to reshuffle it."
392,"00:15:45","00:15:49",DM,"Krukan fills the front doorway entirely,"
393,"00:15:50","00:15:51",DM,"close enough that you can hear and breathe."
394,"00:15:52","00:15:56",DM,"The barred door behind the coats sits 30 feet the other way,"
395,"00:15:57","00:16:00",DM,"cold air still moving under it and nobody standing near it."
396,"00:16:02","00:16:02",DM,"the table,"
397,"00:16:02","00:16:03",DM,"fastest boot,"
398,"00:16:03","00:16:04",DM,"finds your angle."
399,"00:16:04","00:16:04",DM,"One tap."
400,"00:16:05","00:16:05",DM,"Deliberate."
401,"00:16:07","00:16:08",DM,"You've been lucky a great many times."
402,"00:16:09","00:16:09",DM,"I resign."
403,"00:16:10","00:16:11",DM,"The decks run thin."
404,"00:16:12","00:16:13",DM,"You bet like you already knew."
405,"00:16:15","00:16:19",DM,"I need a persuasion to convince them you are not spamming them."
406,"00:16:20","00:16:21",DM,"17."
407,"00:16:21","00:16:22",DM,"Ooh."
408,"00:16:23","00:16:24",DM,"I wanted it."
409,"00:16:25","00:16:25",DM,"19."
410,"00:16:26","00:16:27",Speaker 1,"Nice."
411,"00:16:29","00:16:31",Catarina,"Finally got a 19."
412,"00:16:32","00:17:03",DM,"a zero two whoa what the heck was that that one's yeah I'm sorry to say it was a twenty oh no no um um I mean with the oh it's just highest rolls yeah um so looks pretty good in a fist fight right fortunately you guys did notice that I would love uh I need someone to roll a dex acrobatics probably and I need a um a stealth for faking out the direction you're going."
413,"00:17:04","00:17:04",DM,"Wait,"
414,"00:17:04","00:17:05",DM,"I need soft ice."
415,"00:17:07","00:17:08",DM,"That wasn't much better."
416,"00:17:08","00:17:10",DM,"I need 13 for deaths,"
417,"00:17:11","00:17:11",DM,"and for stealth,"
418,"00:17:11","00:17:12",DM,"I need a 15."
419,"00:17:14","00:17:14",DM,"No?"
420,"00:17:14","00:17:15",DM,"Nope."
421,"00:17:15","00:17:16",DM,"How about 11?"
422,"00:17:16","00:17:16",DM,"Oh,"
423,"00:17:16","00:17:17",DM,"blank."
424,"00:17:17","00:17:17",DM,"11."
425,"00:17:18","00:17:19",DM,"We're each rolling twice."
426,"00:17:19","00:17:20",DM,"Yeah."
427,"00:17:20","00:17:20",Speaker 1,"Oh,"
428,"00:17:20","00:17:21",Speaker 1,"okay."
429,"00:17:21","00:17:22",Crissdalynn,"Oh,"
430,"00:17:22","00:17:23",Crissdalynn,"we're rolling second."
431,"00:17:23","00:17:23",Crissdalynn,"Oh,"
432,"00:17:23","00:17:23",Crissdalynn,"okay."
433,"00:17:23","00:17:24",Speaker 1,"Oh,"
434,"00:17:24","00:17:24",Speaker 1,"16."
435,"00:17:25","00:17:25",Speaker 1,"Yeah."
436,"00:17:26","00:17:26",Speaker 1,"Six."
437,"00:17:27","00:17:27",Crissdalynn,"Also six."
438,"00:17:28","00:17:28",Crissdalynn,"We're just getting there."
439,"00:17:28","00:17:28",Delmar,"Okay,"
440,"00:17:28","00:17:29",Delmar,"yeah."
441,"00:17:29","00:17:29",Delmar,"No,"
442,"00:17:29","00:17:30",Delmar,"um..."
443,"00:17:30","00:17:30",Speaker 1,"Thank you for the second roll."
444,"00:17:31","00:17:32",DM,"That was a lot better than the first one."
445,"00:17:32","00:17:34",DM,"So you guys failed one of them,"
446,"00:17:34","00:17:36",DM,"but I'll let you decide which one."
447,"00:17:38","00:17:39",DM,"They're either following you,"
448,"00:17:39","00:17:40",DM,"or they caught you."
449,"00:17:41","00:17:42",DM,"They know which way you're going,"
450,"00:17:42","00:17:44",DM,"or they caught you going that way."
451,"00:17:44","00:17:44",Delmar,"Oh,"
452,"00:17:44","00:17:44",Speaker 1,"following."
453,"00:17:44","00:17:45",Delmar,"They're following us."
454,"00:17:45","00:17:46",Delmar,"Are you kidding me?"
455,"00:17:46","00:17:46",Delmar,"All right."
456,"00:17:46","00:17:48",Delmar,"We have a whole crew waiting for them."
457,"00:17:48","00:17:48",Delmar,"Yeah,"
458,"00:17:48","00:17:49",Delmar,"all right."
459,"00:17:49","00:17:50",Delmar,"We're moving closer to Thunk's guns."
460,"00:17:51","00:17:51",Delmar,"Oh,"
461,"00:17:51","00:17:51",Delmar,"no."
462,"00:17:51","00:17:52",Delmar,"What will he do?"
463,"00:17:55","00:17:55",DM,"So,"
464,"00:17:55","00:17:56",DM,"yeah,"
465,"00:17:56","00:17:57",DM,"I just need a..."
466,"00:17:58","00:17:58",DM,"Yeah,"
467,"00:17:58","00:17:59",DM,"basically."
468,"00:18:00","00:18:33",DM,"You just see him holding a cannon over his shoulder And just You run out the alley With silver spilling out of your arms and your coat And out of one boot in your case Laughing the whole way Now the image makes sense Okay Faas stays exactly as flat as ever No laugh in him tonight Not yet said one word He moves fast for a man on two peg legs Faster than anyone his age has any right to You know the peg-legged dude from Family Guy?"
469,"00:18:37","00:18:38",DM,"Three nights later,"
470,"00:18:38","00:18:39",DM,"across the city,"
471,"00:18:39","00:18:40",DM,"the crater of..."
472,"00:18:42","00:18:43",DM,"She rose in the dark."
473,"00:18:44","00:18:44",DM,"Nay,"
474,"00:18:44","00:18:45",DM,"me father was a tree."
475,"00:18:48","00:18:49",Speaker 1,"So,"
476,"00:18:49","00:18:52",DM,"that was one that didn't work,"
477,"00:18:52","00:18:54",DM,"as I intended it to."
478,"00:18:54","00:18:54",DM,"Hey,"
479,"00:18:54","00:18:55",DM,"it worked out,"
480,"00:18:55","00:18:55",DM,"though."
481,"00:18:55","00:18:55",DM,"we..."
482,"00:18:55","00:18:57",DM,"Let's get into the O-Tar fight."
483,"00:18:57","00:18:58",Speaker 1,"Fuck it."
484,"00:18:58","00:18:59",Speaker 1,"Alright."
485,"00:19:01","00:19:02",Delmar,"Okay,"
486,"00:19:02","00:19:02",Delmar,"so..."
487,"00:19:03","00:19:03",Delmar,"I leveled."
488,"00:19:03","00:19:04",Delmar,"Yes."
489,"00:19:04","00:19:05",Delmar,"I'm at full health,"
490,"00:19:05","00:19:08",Delmar,"but I was the only one not in cover."
491,"00:19:09","00:19:09",Delmar,"Well,"
492,"00:19:09","00:19:10",Delmar,"I was in cover,"
493,"00:19:11","00:19:14",Delmar,"but I was the only one who has to deal with the blast."
494,"00:19:15","00:19:15",Speaker 1,"Oh,"
495,"00:19:15","00:19:15",Speaker 1,"yes,"
496,"00:19:15","00:19:16",Speaker 1,"it is."
497,"00:19:16","00:19:17",Speaker 1,"And you'll be okay."
498,"00:19:17","00:19:17",Speaker 1,"Um,"
499,"00:19:18","00:19:18",DM,"yeah."
500,"00:19:19","00:19:19",DM,"Oh,"
501,"00:19:19","00:19:19",DM,"yeah."
502,"00:19:20","00:19:22",DM,"Do we have a where everyone was?"
503,"00:19:22","00:19:22",DM,"Yes."
504,"00:19:23","00:19:24",DM,"I got a photo of that."
505,"00:19:24","00:19:24",DM,"We'll have to fix."
506,"00:19:26","00:19:26",Speaker 1,"Um,"
507,"00:19:26","00:19:27",DM,"oh yeah,"
508,"00:19:27","00:19:27",DM,"so,"
509,"00:19:27","00:19:27",DM,"yeah."
510,"00:19:28","00:19:28",DM,"So,"
511,"00:19:28","00:19:29",DM,"we got rings."
512,"00:19:30","00:19:30",DM,"First,"
513,"00:19:30","00:19:33",DM,"I love everyone making their own stuff in one room."
514,"00:19:33","00:19:34",DM,"I saw them all there."
515,"00:19:34","00:19:35",DM,"And if you can find that photo,"
516,"00:19:36","00:19:37",Catarina,"it's close to the thing."
517,"00:19:38","00:19:39",Catarina,"Do you want me to make one?"
518,"00:19:39","00:19:41",Catarina,"I wasn' underneath the thing that they put."
519,"00:19:42","00:19:42",DM,"I have a picture."
520,"00:19:43","00:19:43",DM,"Yep."
521,"00:19:44","00:19:44",DM,"Oh,"
522,"00:19:44","00:19:44",DM,"right."
523,"00:19:45","00:19:46",DM,"I can't imagine everyone else does too,"
524,"00:19:47","00:19:47",DM,"so."
525,"00:19:47","00:19:47",DM,"Yeah,"
526,"00:19:47","00:19:47",DM,"well,"
527,"00:19:47","00:19:48",DM,"I can't find mine at the moment."
528,"00:19:49","00:19:49",Speaker 1,"Um,"
529,"00:19:50","00:19:50",Speaker 1,"where'd it go?"
530,"00:19:51","00:19:51",Speaker 1,"Okay,"
531,"00:19:51","00:19:51",Speaker 1,"uh,"
532,"00:19:52","00:19:52",DM,"Oh,"
533,"00:19:52","00:19:54",DM,"that must be..."
534,"00:19:54","00:19:55",DM,"I think it's over there."
535,"00:19:56","00:19:58",Delmar,"The chair was here."
536,"00:19:59","00:19:59",Speaker 1,"That's the important part."
537,"00:20:02","00:20:03",Delmar,"I don't know where the rest of these were,"
538,"00:20:03","00:20:04",Delmar,"but..."
539,"00:20:04","00:20:05",DM,"Oh,"
540,"00:20:05","00:20:05",DM,"there it is."
541,"00:20:05","00:20:05",DM,"All right,"
542,"00:20:06","00:20:06",DM,"I found it."
543,"00:20:07","00:20:07",DM,"Get him."
544,"00:20:07","00:20:08",DM,"Get him."
545,"00:20:10","00:20:11",DM,"That was over here."
546,"00:20:11","00:20:12",DM,"Here."
547,"00:20:12","00:20:13",DM,"Here."
548,"00:20:16","00:20:17",DM,"I don't care what character you did,"
549,"00:20:17","00:20:18",DM,"but I heard you just want,"
550,"00:20:19","00:20:19",DM,"like,"
551,"00:20:19","00:20:20",DM,"a person with a beard."
552,"00:20:20","00:20:21",DM,"You were..."
553,"00:20:21","00:20:24",DM,"You were a grey one last time."
554,"00:20:24","00:20:24",Speaker 1,"Yeah,"
555,"00:20:24","00:20:25",Speaker 1,"I kind of shifted."
556,"00:20:25","00:20:26",DM,"I had some."
557,"00:20:28","00:20:28",DM,"Oh,"
558,"00:20:28","00:20:29",DM,"okay."
559,"00:20:29","00:20:29",DM,"Hold on."
560,"00:20:32","00:20:34",DM,"I thought you were over here."
561,"00:20:34","00:20:34",DM,"I was,"
562,"00:20:34","00:20:34",DM,"yeah."
563,"00:20:36","00:20:37",Catarina,"We'll just play it as that."
564,"00:20:37","00:20:39",Catarina,"I was the one that it jumped to."
565,"00:20:40","00:20:40",Crissdalynn,"Out."
566,"00:20:40","00:20:41",Crissdalynn,"Ooh,"
567,"00:20:41","00:20:43",Crissdalynn,"and my attack will move from a D6 to a D8."
568,"00:20:43","00:20:44",Crissdalynn,"What?"
569,"00:20:45","00:20:45",Speaker 1,"That's so funny."
570,"00:20:45","00:20:46",Delmar,"Wait,"
571,"00:20:46","00:20:47",Delmar,"was this who you were using?"
572,"00:20:47","00:20:47",Delmar,"Oh,"
573,"00:20:47","00:20:47",Delmar,"was that me?"
574,"00:20:47","00:20:47",Delmar,"Yeah."
575,"00:20:48","00:20:49",Delmar,"Because you were not..."
576,"00:20:49","00:20:50",Delmar,"No."
577,"00:20:50","00:20:50",Delmar,"No,"
578,"00:20:51","00:20:52",Delmar,"your character was just there."
579,"00:20:52","00:20:52",Delmar,"Yeah,"
580,"00:20:52","00:20:52",Delmar,"yeah,"
581,"00:20:52","00:20:52",Delmar,"yeah."
582,"00:20:54","00:20:57",Catarina,"It was doing the thing that was trying to get back into the..."
583,"00:20:57","00:21:02",Delmar,"That was the one that was running,"
584,"00:21:02","00:21:02",Delmar,"I believe."
585,"00:21:03","00:21:04",Delmar,"This was the one that was running."
586,"00:21:05","00:21:05",DM,"I think..."
587,"00:21:06","00:21:07",DM,"Oh,"
588,"00:21:07","00:21:07",DM,"no,"
589,"00:21:07","00:21:07",DM,"you're right,"
590,"00:21:07","00:21:08",DM,"you're right."
591,"00:21:08","00:21:08",DM,"Yeah,"
592,"00:21:08","00:21:08",DM,"it's like..."
593,"00:21:09","00:21:10",DM,"14 on average."
594,"00:21:10","00:21:10",DM,"Yeah,"
595,"00:21:10","00:21:11",DM,"um..."
596,"00:21:12","00:21:14",DM,"Let's see if that looks..."
597,"00:21:14","00:21:16",DM,"Ducky is right here."
598,"00:21:16","00:21:17",DM,"Yeah,"
599,"00:21:17","00:21:18",DM,"right in front of the..."
600,"00:21:19","00:21:21",DM,"This was the guy that was running because the owl went out."
601,"00:21:21","00:21:25",DM,"I don't know who the fuck this is."
602,"00:21:25","00:21:26",DM,"I don't think..."
603,"00:21:26","00:21:29",DM,"I'm left worried about killing you guys."
604,"00:21:29","00:21:29",DM,"The rest were all dead."
605,"00:21:30","00:21:31",DM,"I was a little bit worried about that last night."
606,"00:21:33","00:21:34",DM,"Hey,"
607,"00:21:34","00:21:34",DM,"Nick."
608,"00:21:34","00:21:36",DM,"We have one unresolved issue here."
609,"00:21:36","00:21:40",DM,"There's a character that we think is not actually supposed to be there."
610,"00:21:41","00:21:42",DM,"It was..."
611,"00:21:42","00:21:43",DM,"Everyone was dead except for one,"
612,"00:21:43","00:21:43",DM,"right?"
613,"00:21:44","00:21:45",DM,"So I don't think it was..."
614,"00:21:45","00:21:46",DM,"You know what I mean?"
615,"00:21:46","00:21:46",DM,"Yeah,"
616,"00:21:47","00:21:49",DM,"it's an accident."
617,"00:21:50","00:21:51",Delmar,"And your spider was still over here."
618,"00:21:51","00:21:52",Delmar,"It wasn't on you."
619,"00:21:53","00:21:54",Delmar,"That's right."
620,"00:21:54","00:21:55",Delmar,"Spider was,"
621,"00:21:55","00:21:55",Crissdalynn,"like,"
622,"00:21:55","00:21:56",Crissdalynn,"crawled up dead."
623,"00:21:56","00:21:57",DM,"Yeah,"
624,"00:21:57","00:21:57",DM,"I was going to say."
625,"00:21:58","00:21:59",Crissdalynn,"Regnito was normal."
626,"00:22:00","00:22:01",DM,"Closing the barn door."
627,"00:22:01","00:22:01",DM,"Or,"
628,"00:22:01","00:22:01",DM,"you know,"
629,"00:22:02","00:22:02",DM,"closing the barn door."
630,"00:22:04","00:22:05",DM,"Words are hard."
631,"00:22:05","00:22:06",Speaker 1,"Those are words."
632,"00:22:07","00:22:08",DM,"Before we get,"
633,"00:22:08","00:22:08",DM,"like,"
634,"00:22:08","00:22:09",DM,"rolling here,"
635,"00:22:09","00:22:12",DM,"did everybody level up their racial shit?"
636,"00:22:14","00:22:16",DM,"Because Reese is getting an additional ability at level 5."
637,"00:22:17","00:22:17",Speaker 1,"Huh?"
638,"00:22:18","00:22:19",DM,"What would have been?"
639,"00:22:19","00:22:22",DM,"If you're D&D Beyond,"
640,"00:22:22","00:22:23",DM,"it should have done it for you already."
641,"00:22:24","00:22:26",DM,"There's no level 5 rat camp."
642,"00:22:26","00:22:27",DM,"I think there is,"
643,"00:22:27","00:22:28",DM,"actually."
644,"00:22:28","00:22:30",Crissdalynn,"What's the level 5 Eric ability?"
645,"00:22:30","00:22:33",DM,"You might not have one because you are very friendly."
646,"00:22:34","00:22:35",DM,"You might not have one because you..."
647,"00:22:35","00:22:36",Crissdalynn,"I'm already strong,"
648,"00:22:36","00:22:37",Crissdalynn,"like Barry."
649,"00:22:37","00:22:39",Crissdalynn,"Eric comes in looking at us."
650,"00:22:40","00:22:42",DM,"And the homebrews might not happen."
651,"00:22:42","00:22:42",Crissdalynn,"Well,"
652,"00:22:42","00:22:43",Crissdalynn,"Eric comes on homebrews."
653,"00:22:43","00:22:43",Crissdalynn,"I do not."
654,"00:22:44","00:22:46",DM,"I'm just a regular old human."
655,"00:22:46","00:22:46",DM,"Yeah,"
656,"00:22:46","00:22:47",DM,"yeah."
657,"00:22:48","00:22:48",Speaker 1,"Oh,"
658,"00:22:48","00:22:48",Speaker 1,"man."
659,"00:22:51","00:22:52",Delmar,"But you know what?"
660,"00:22:52","00:22:53",Delmar,"I have voices in my head."
661,"00:22:54","00:22:55",Delmar,"You guys don't."
662,"00:22:55","00:22:55",Delmar,"Yeah,"
663,"00:22:55","00:22:57",Delmar,"you're more of a regular old human."
664,"00:22:58","00:23:00",Delmar,"And I also have a fucking super shotgun now."
665,"00:23:01","00:23:01",Delmar,"Oh,"
666,"00:23:02","00:23:02",Delmar,"yeah."
667,"00:23:02","00:23:03",Delmar,"Hooray!"
668,"00:23:10","00:23:11",DM,"I don't think the rat can have one,"
669,"00:23:11","00:23:12",DM,"though."
670,"00:23:12","00:23:44",DM,"I think I had everything written down about Rampkin that was not all of the races humans don't orcs don't bardic inspiration is a d8 now oh fucking sweet nice that is good before we do anything else we're still frozen in time last thing starting can I get everyone to roll a dexterity for the ceiling coming down."
671,"00:23:44","00:23:46",DM,"I'm looking for that 15."
672,"00:23:46","00:23:47",Crissdalynn,"In that area?"
673,"00:23:47","00:23:49",Crissdalynn,"Because I was away from that."
674,"00:23:49","00:23:51",Crissdalynn,"Where it was caving out?"
675,"00:23:51","00:23:52",Crissdalynn,"I was on that part here."
676,"00:23:52","00:23:53",Crissdalynn,"The entire ceiling."
677,"00:23:56","00:23:56",Crissdalynn,"Clarifying."
678,"00:23:57","00:23:57",Crissdalynn,"Actually 15."
679,"00:23:57","00:23:58",Crissdalynn,"I don't know,"
680,"00:23:58","00:23:58",Crissdalynn,"15 as well."
681,"00:23:59","00:24:00",Crissdalynn,"I put six,"
682,"00:24:00","00:24:01",Crissdalynn,"you said?"
683,"00:24:01","00:24:01",Crissdalynn,"15,"
684,"00:24:01","00:24:01",Crissdalynn,"buddy."
685,"00:24:02","00:24:02",Crissdalynn,"11."
686,"00:24:03","00:24:04",Delmar,"14 plus 5,"
687,"00:24:04","00:24:05",Delmar,"I got 19."
688,"00:24:06","00:24:07",Crissdalynn,"But add 7 to that."
689,"00:24:07","00:24:09",Crissdalynn,"I've got a pretty high deck."
690,"00:24:10","00:24:14",DM,"Did everybody get inspiration at the end of last episode?"
691,"00:24:14","00:24:15",DM,"We never did the vote thing."
692,"00:24:16","00:24:16",DM,"But anytime we vote,"
693,"00:24:16","00:24:23",DM,"it seems we all just I'm gonna like reduce the categories because I'm like,"
694,"00:24:23","00:24:24",DM,"I don't want you guys to vote."
695,"00:24:24","00:24:25",DM,"But yeah,"
696,"00:24:25","00:24:27",DM,"I'm gonna for now everyone gets one."
697,"00:24:27","00:24:27",DM,"Okay,"
698,"00:24:27","00:24:27",DM,"cool."
699,"00:24:28","00:24:29",DM,"Maybe three categories."
700,"00:24:30","00:24:31",DM,"I was gonna say,"
701,"00:24:31","00:24:31",DM,"if there's four,"
702,"00:24:32","00:24:33",DM,"I'm just gonna make sure everyone gets one."
703,"00:24:34","00:24:36",DM,"Before we resolve the damage,"
704,"00:24:37","00:24:38",Speaker 1,"one moment."
705,"00:24:39","00:24:40",Speaker 1,"Um..."
706,"00:24:40","00:24:43",DM,"Solange is still kneeling at the circle's edge where you last are."
707,"00:24:43","00:24:46",DM,"She said one word into the chamber,"
708,"00:24:46","00:24:47",DM,"Agni,"
709,"00:24:47","00:24:49",DM,"and the ceiling lit up."
710,"00:24:50","00:24:54",DM,"A seam of orange opens across thirty feet of stone above the summoning platform,"
711,"00:24:55","00:24:58",DM,"and the sound arrives a half-beat behind the light."
712,"00:24:58","00:25:01",DM,"You're all exactly where the last breath left you,"
713,"00:25:01","00:25:03",DM,"the platform is circle ahead of you,"
714,"00:25:03","00:25:06",DM,"scaffolding standing twenty feet back along every wall."
715,"00:25:06","00:25:07",DM,"trap,"
716,"00:25:07","00:25:08",DM,"um,"
717,"00:25:08","00:25:09",DM,"um,"
718,"00:25:09","00:25:11",DM,"and nothing between,"
719,"00:25:11","00:25:12",DM,"uh,"
720,"00:25:12","00:25:12",Speaker 1,"the,"
721,"00:25:13","00:25:15",DM,"then the whole of it comes down at once."
722,"00:25:17","00:25:18",Speaker 1,"Alright,"
723,"00:25:18","00:25:22",DM,"the fire doesn't move like fire should."
724,"00:25:22","00:25:25",DM,"It hangs on its own leading edge,"
725,"00:25:26","00:25:29",DM,"slowly creeping along the ceiling,"
726,"00:25:29","00:25:33",DM,"and you notice everything's moving a little slowly."
727,"00:25:34","00:25:37",DM,"Everything past your own held breath goes silent."
728,"00:25:38","00:25:40",DM,"Your knees buckle first,"
729,"00:25:41","00:25:43",DM,"and the chamber tips back and away,"
730,"00:25:44","00:25:45",DM,"and behind your eyes,"
731,"00:25:45","00:25:48",DM,"something vast turns to look at you instead."
732,"00:25:49","00:25:52",DM,"Cold water closes over you all at once,"
733,"00:25:53","00:25:54",DM,"black in total,"
734,"00:25:55","00:25:57",DM,"pressure flat against your chest like a hand."
735,"00:25:58","00:26:00",DM,"Something old moves through the dark and shows you this,"
736,"00:26:01","00:26:04",DM,"a shell of ice grown outward from bone."
737,"00:26:04","00:26:34",DM,"thin as a help raft hard enough to turn a blade and colder than any blade could ever be it burns whoever bites into it the water is gone you see the fire before you growing slowly moving towards you and you feel this pull this push to lift your hands up and as if you could stop the fire from moving I'd love you to roll a Christmas egg for me."
738,"00:26:36","00:26:37",Speaker 1,"Very cool."
739,"00:26:38","00:26:39",DM,"Ooh,"
740,"00:26:39","00:26:40",DM,"it's a nat 17."
741,"00:26:40","00:26:41",DM,"You need a 15?"
742,"00:26:42","00:26:43",DM,"Plus my 5."
743,"00:26:43","00:26:44",Speaker 1,"As you..."
744,"00:26:45","00:26:46",DM,"I'm not a bardic inspiration."
745,"00:26:48","00:26:48",DM,"Well,"
746,"00:26:48","00:26:49",DM,"we'll get into the action."
747,"00:26:49","00:26:49",DM,"Oh,"
748,"00:26:49","00:26:49",DM,"yeah,"
749,"00:26:49","00:26:49",DM,"yeah,"
750,"00:26:49","00:26:50",DM,"yeah."
751,"00:26:50","00:26:51",DM,"For this save."
752,"00:26:52","00:26:52",DM,"As you reach your hand..."
753,"00:26:52","00:26:53",DM,"If I can,"
754,"00:26:53","00:26:53",DM,"absolutely."
755,"00:26:54","00:26:56",DM,"As you reach your hand up towards the fire,"
756,"00:26:56","00:26:58",DM,"I'm still moving so slow."
757,"00:26:58","00:27:08",DM,"You see frost starting to collect around your fingers and spread out before spiderwebs across your vision,"
758,"00:27:09","00:27:12",DM,"forming this barrier of ice,"
759,"00:27:13","00:27:16",DM,"your hand holding up against the ceiling,"
760,"00:27:16","00:27:28",DM,"the fire blooming behind it before time returns to normal and the explosion above you rockets down,"
761,"00:27:28","00:27:29",DM,"hits the wall of ice,"
762,"00:27:30","00:27:32",DM,"the steam melts,"
763,"00:27:32","00:27:51",DM,"the ice above you turns into a fine mist before the fire above comes down and everyone takes 10 damage off any damage they take from the extra damage to Perrin shielding you with armor."
764,"00:27:51","00:27:52",Jean-Claude,"Nick,"
765,"00:27:52","00:27:56",Jean-Claude,"is it possible for Perrin to provide me with a fresh bardic inspiration?"
766,"00:27:58","00:27:58",Jean-Claude,"Please say yes."
767,"00:27:59","00:28:02",DM,"Do you have bardic?"
768,"00:28:02","00:28:02",Speaker 1,"Oh,"
769,"00:28:03","00:28:03",DM,"you've got a lot."
770,"00:28:04","00:28:04",DM,"Yeah,"
771,"00:28:04","00:28:05",DM,"I know."
772,"00:28:05","00:28:05",DM,"Totally refreshed."
773,"00:28:06","00:28:08",Delmar,"I am happy to give you my heroic."
774,"00:28:08","00:28:09",Delmar,"I already used heroic."
775,"00:28:09","00:28:10",Delmar,"And I still do."
776,"00:28:10","00:28:11",Delmar,"Oh."
777,"00:28:11","00:28:11",Delmar,"Wait,"
778,"00:28:11","00:28:13",Delmar,"we can't even go on a turn?"
779,"00:28:15","00:28:16",DM,"We're not supposed to be able to."
780,"00:28:16","00:28:17",DM,"Oh,"
781,"00:28:17","00:28:17",DM,"okay."
782,"00:28:18","00:28:18",DM,"Fair enough."
783,"00:28:18","00:28:19",DM,"The rule was written."
784,"00:28:20","00:28:20",DM,"Nick's just a nice guy."
785,"00:28:21","00:28:22",DM,"I would say that..."
786,"00:28:22","00:28:22",DM,"First,"
787,"00:28:22","00:28:24",DM,"I want to see if we can do the bardic."
788,"00:28:24","00:28:24",DM,"No,"
789,"00:28:24","00:28:24",DM,"no."
790,"00:28:24","00:28:26",DM,"Because it's a more plentiful resource."
791,"00:28:27","00:28:28",DM,"I don't think you have the time."
792,"00:28:28","00:29:00",DM,"yeah well actually if you can flavor it how do you inspire him in a single moment um let's see you are right next to me uh and what's we've just heard the explosion uh and it's in the no this is to save for the explosion right so it could be kind of like before that yeah it's literally like when it's happening like you see it start going off basically I get panicked and look around and go,"
793,"00:29:00","00:29:00",DM,"oh,"
794,"00:29:00","00:29:01",DM,"what was the rat do?"
795,"00:29:01","00:29:03",DM,"The explosion is delayed slightly,"
796,"00:29:03","00:29:05",DM,"and it's like a frosted glass effect."
797,"00:29:06","00:29:07",DM,"It hits the ice wall,"
798,"00:29:07","00:29:08",DM,"melts,"
799,"00:29:08","00:29:10",DM,"and then it's like a split second."
800,"00:29:11","00:29:12",DM,"I have an idea."
801,"00:29:13","00:29:16",DM,"I could see that Jean-Claude is kind of like,"
802,"00:29:16","00:29:17",DM,"oh shit,"
803,"00:29:17","00:29:18",DM,"what's going on?"
804,"00:29:18","00:29:19",DM,"What was the rat do?"
805,"00:29:20","00:29:23",DM,"And I will take my drum off my back and place it on the floor,"
806,"00:29:23","00:29:24",DM,"put my hand on it,"
807,"00:29:24","00:29:27",DM,"and kind of look at him to be like,"
808,"00:29:27","00:29:28",DM,"put your hand on this drum."
809,"00:29:29","00:29:31",DM,"And so I'm not going to touch you,"
810,"00:29:31","00:29:35",DM,"but you're going to touch the drum making a sound that's going to give you bardic inspiration."
811,"00:29:35","00:29:36",DM,"Sweet."
812,"00:29:36","00:29:37",DM,"Did that make sense?"
813,"00:29:37","00:29:37",DM,"Yeah,"
814,"00:29:37","00:29:38",DM,"it was."
815,"00:29:38","00:29:38",DM,"Okay."
816,"00:29:39","00:29:39",DM,"All right."
817,"00:29:40","00:29:41",DM,"Let's see if it's worth it."
818,"00:29:41","00:29:41",DM,"Yeah."
819,"00:29:42","00:29:43",DM,"Oh,"
820,"00:29:43","00:29:43",DM,"my God."
821,"00:29:43","00:29:43",DM,"Oh,"
822,"00:29:43","00:29:44",DM,"fuck,"
823,"00:29:44","00:29:44",DM,"it's a two."
824,"00:29:45","00:29:45",DM,"Yeah,"
825,"00:29:45","00:29:46",DM,"I needed a three."
826,"00:29:47","00:29:48",DM,"What did you roll?"
827,"00:29:48","00:29:49",DM,"I rolled a five."
828,"00:29:50","00:29:53",DM,"It wasn't a great drum solo."
829,"00:29:53","00:29:53",DM,"Yeah,"
830,"00:29:53","00:29:55",DM,"you're not familiar with the drum."
831,"00:29:55","00:29:56",DM,"You didn't do it with any of it."
832,"00:30:00","00:30:02",Catarina,"Quick pressure drum lessons."
833,"00:30:03","00:30:04",Delmar,"Don't go terribly quick."
834,"00:30:04","00:30:04",Delmar,"Yeah,"
835,"00:30:04","00:30:05",Delmar,"very quick."
836,"00:30:06","00:30:07",Delmar,"It's like,"
837,"00:30:07","00:30:07",Delmar,"but this is his hand."
838,"00:30:08","00:30:08",Delmar,"Now what?"
839,"00:30:09","00:30:09",Delmar,"Oh,"
840,"00:30:09","00:30:09",Delmar,"shit."
841,"00:30:11","00:30:11",Speaker 4,"Help."
842,"00:30:13","00:30:14",DM,"Dispatch is run clear."
843,"00:30:15","00:30:19",DM,"So it was going to be 14 damage everyone took for that explosion."
844,"00:30:19","00:30:22",DM,"But due to the ice wall dealing with 10 of it,"
845,"00:30:22","00:30:23",DM,"it's only four each."
846,"00:30:23","00:30:23",DM,"Sweet."
847,"00:30:23","00:30:24",DM,"I'm glad you didn't have to fail."
848,"00:30:25","00:30:26",Crissdalynn,"Glad you didn't have to get the next save."
849,"00:30:26","00:30:27",Crissdalynn,"attack."
850,"00:30:27","00:30:28",Crissdalynn,"So I have to take 2 damage."
851,"00:30:28","00:30:29",Crissdalynn,"It was 15 to me."
852,"00:30:29","00:30:30",Delmar,"I will take the 2 damage."
853,"00:30:31","00:30:32",Crissdalynn,"I got 15."
854,"00:30:32","00:30:35",Crissdalynn,"Do you have 15?"
855,"00:30:36","00:30:37",Speaker 1,"Oh,"
856,"00:30:37","00:30:39",Crissdalynn,"you done candy dodge before you take it."
857,"00:30:41","00:30:42",Delmar,"That's on attack?"
858,"00:30:42","00:30:43",Delmar,"Not saves."
859,"00:30:44","00:30:45",Speaker 1,"And then also..."
860,"00:30:45","00:30:47",Crissdalynn,"What's the reaction for deck saves?"
861,"00:30:47","00:30:49",Crissdalynn,"That roach get no evasion."
862,"00:30:50","00:30:51",DM,"But it's at a later level."
863,"00:30:51","00:30:51",DM,"Yeah,"
864,"00:30:51","00:30:53",DM,"I couldn't remember which one it was."
865,"00:30:53","00:30:54",DM,"Yeah,"
866,"00:30:54","00:30:58",DM,"where you take 0 damage off and half on a failed."
867,"00:31:01","00:31:01",Speaker 1,"Um,"
868,"00:31:01","00:31:02",Speaker 1,"okay."
869,"00:31:03","00:31:03",Speaker 1,"Um,"
870,"00:31:05","00:31:07",DM,"and the explosion hits."
871,"00:31:09","00:31:09",Crissdalynn,"Yeah."
872,"00:31:11","00:31:12",DM,"When you get evasion,"
873,"00:31:13","00:31:13",Crissdalynn,"you would take zero,"
874,"00:31:13","00:31:14",Crissdalynn,"but you're going to take Oh,"
875,"00:31:14","00:31:15",Speaker 1,"nice."
876,"00:31:16","00:31:17",DM,"We're not doing..."
877,"00:31:18","00:31:19",DM,"Beatboxing noises is so immersive."
878,"00:31:20","00:31:20",DM,"Beatboxing,"
879,"00:31:20","00:31:20",DM,"oh,"
880,"00:31:20","00:31:21",DM,"they're..."
881,"00:31:21","00:31:21",Speaker 1,"Oh,"
882,"00:31:21","00:31:22",Speaker 1,"man."
883,"00:31:23","00:31:24",DM,"Oh,"
884,"00:31:24","00:31:24",DM,"wow."
885,"00:31:26","00:31:27",DM,"Come on."
886,"00:31:27","00:31:28",DM,"Come on."
887,"00:31:28","00:31:29",DM,"The crowd screams."
888,"00:31:29","00:31:30",DM,"Come on."
889,"00:31:34","00:31:35",DM,"Explosion hits."
890,"00:31:37","00:31:37",DM,"Oh,"
891,"00:31:37","00:31:39",Crissdalynn,"that ringing sound in the ears."
892,"00:31:40","00:31:40",DM,"Mop."
893,"00:31:40","00:31:41",DM,"Everything mop."
894,"00:31:42","00:31:43",DM,"Mop."
895,"00:31:43","00:31:44",DM,"For a second,"
896,"00:31:44","00:31:46",DM,"I legit thought it was just me."
897,"00:31:46","00:31:47",DM,"It was every once in a while."
898,"00:31:48","00:31:49",Crissdalynn,"I have tinnitus too sometimes."
899,"00:31:49","00:31:50",Crissdalynn,"Yeah."
900,"00:31:52","00:31:55",DM,"You guys could have messed with them so well if you guys went with me."
901,"00:31:56","00:31:57",DM,"What do you mean?"
902,"00:31:58","00:32:01",DM,"Suddenly the sky opens above you."
903,"00:32:01","00:32:07",DM,"You can see the bright Calveno morning above you."
904,"00:32:13","00:32:15",DM,"What was once a lawn,"
905,"00:32:15","00:32:18",DM,"there lies something else."
906,"00:32:20","00:32:22",DM,"straightening out of its crouch to its full height."
907,"00:32:23","00:32:24",DM,"Red hide cracked,"
908,"00:32:25","00:32:27",DM,"weeping down both flanks,"
909,"00:32:27","00:32:30",DM,"easily twelve feet tall at the shoulder."
910,"00:32:31","00:32:34",DM,"Loose stones still sifts off its backing sheets,"
911,"00:32:35","00:32:37",DM,"and the thirty-foot crater under it groans,"
912,"00:32:38","00:32:38",DM,"a slow,"
913,"00:32:38","00:32:40",DM,"grinding settle that hasn't finished yet."
914,"00:32:41","00:32:42",DM,"Its wet,"
915,"00:32:42","00:32:42",DM,"sick,"
916,"00:32:42","00:32:46",DM,"sweet fog rolls low across the rubble in every direction,"
917,"00:32:47","00:32:49",DM,"already thick enough to blur anything past ten feet."
918,"00:32:50","00:32:55",DM,"two trapped town folk are visible to the north,"
919,"00:32:55","00:32:57",DM,"one still shouting in the debris,"
920,"00:32:57","00:33:21",DM,"half buried under a Collapsed market stall 20 feet off the five of you are scattered across the great and broken ring wherever the blast lasts through you is something solid between any of you in it so I would just say basically everyone kind of knocking their butts I do that fancy to tip up."
921,"00:33:21","00:33:21",Speaker 1,"Yeah,"
922,"00:33:21","00:33:22",Speaker 1,"yeah,"
923,"00:33:22","00:33:22",Speaker 1,"yeah."
924,"00:33:24","00:33:25",Delmar,"I've always wanted to be able to do that."
925,"00:33:26","00:33:30",Delmar,"Jelmar picks himself up out of the pile of chairs he landed into."
926,"00:33:34","00:33:35",DM,"Your throne of thrones."
927,"00:33:38","00:33:39",DM,"So the way the joke works,"
928,"00:33:40","00:33:40",DM,"Fred."
929,"00:33:41","00:33:42",DM,"Let me explain."
930,"00:33:44","00:33:49",DM,"You did something in the last session that I wanted to bring up that I don't know if it stays on the table for everyone."
931,"00:33:49","00:33:52",DM,"one is fatal?"
932,"00:33:54","00:33:54",DM,"Also,"
933,"00:33:54","00:33:57",DM,"that and rolling stuff into existence."
934,"00:33:59","00:33:59",DM,"Delmar,"
935,"00:34:00","00:34:09",DM,"it was a perfect example of kind of the amount of creativity and freedom I want you guys to have."
936,"00:34:09","00:34:11",DM,"Where Delmar,"
937,"00:34:11","00:34:12",DM,"if he wanted to find a chair,"
938,"00:34:13","00:34:14",DM,"and he looked and rolled high enough,"
939,"00:34:14","00:34:15",DM,"there's a chair there."
940,"00:34:16","00:34:17",DM,"Yeah,"
941,"00:34:17","00:34:17",DM,"yeah."
942,"00:34:17","00:34:18",DM,"So,"
943,"00:34:18","00:34:19",DM,"if you guys want something,"
944,"00:34:20","00:34:22",DM,"all you have to do is roll for it."
945,"00:34:23","00:34:23",DM,"And that's it."
946,"00:34:24","00:34:24",DM,"I mean,"
947,"00:34:24","00:34:26",DM,"for example,"
948,"00:34:27","00:34:28",DM,"help in this fight?"
949,"00:34:30","00:34:31",DM,"Maybe just,"
950,"00:34:31","00:34:31",DM,"yeah."
951,"00:34:32","00:34:35",DM,"It's called dynamic swathbuckling."
952,"00:34:35","00:34:41",DM,"I want there to be a chandelier there that I can Collapse and fall down."
953,"00:34:41","00:34:41",DM,"Well,"
954,"00:34:41","00:34:42",DM,"then there is."
955,"00:34:45","00:34:47",DM,"The Collapse didn't just bring down stone."
956,"00:34:48","00:34:49",DM,"You see,"
957,"00:34:49","00:34:56",DM,"five little shapes claw loose from the rubble before we were standing,"
958,"00:34:56","00:34:57",DM,"low and quick,"
959,"00:34:59","00:35:02",DM,"high the same color as the towering,"
960,"00:35:02","00:35:08",DM,"tolking red figure before we scatter and move into the crowd."
961,"00:35:09","00:35:09",DM,"We'll leech."
962,"00:35:13","00:35:15",DM,"Like tiny being like how big?"
963,"00:35:16","00:35:16",Delmar,"Oh,"
964,"00:35:16","00:35:18",Delmar,"so they won't be like In here they're out in the town now."
965,"00:35:19","00:35:19",Delmar,"Basically."
966,"00:35:19","00:35:19",Delmar,"Yeah,"
967,"00:35:19","00:35:20",Delmar,"you guys are in a crater."
968,"00:35:20","00:35:22",DM,"The town is open."
969,"00:35:22","00:35:25",DM,"Yeah You can fly I can fly."
970,"00:35:25","00:35:26",DM,"Yeah,"
971,"00:35:26","00:35:38",DM,"you got tons of room to fly There's debris everywhere like it's it's all it's it's almost unanimously bad terrain at least Outside of the crater."
972,"00:35:38","00:35:48",DM,"I'll say like up here is the normal The city streets So,"
973,"00:35:48","00:35:49",DM,"freighter,"
974,"00:35:49","00:35:52",DM,"city streets Yeah One second,"
975,"00:35:52","00:36:04",Speaker 4,"I'll be right back That guy's all up It's still on the stand It's on his computer Don't steal it,"
976,"00:36:04","00:36:06",DM,"change it AC,"
977,"00:36:06","00:36:08",DM,"bye Actually,"
978,"00:36:08","00:36:15",DM,"negative two And in the next scene Perrin becomes invincible Where did the dog go?"
979,"00:36:15","00:36:16",Catarina,"into Superman."
980,"00:36:17","00:36:17",Catarina,"The frog?"
981,"00:36:18","00:36:21",Catarina,"I brought belly bolt just to..."
982,"00:36:22","00:36:22",DM,"Wait,"
983,"00:36:22","00:36:23",DM,"there's a frog?"
984,"00:36:24","00:36:25",DM,"Or was it one of these gray ones?"
985,"00:36:27","00:36:32",Delmar,"I didn't see anything that looked like a frog out of either this bag or in here."
986,"00:36:33","00:36:34",Speaker 1,"Good point."
987,"00:36:38","00:36:40",DM,"I'll join ya."
988,"00:36:41","00:36:42",DM,"I'm about to joke and you say,"
989,"00:36:42","00:36:42",DM,"Fred,"
990,"00:36:43","00:36:45",DM,"you want to pass out with Cove on the couch?"
991,"00:36:48","00:36:49",Speaker 1,"That's a great time."
992,"00:37:23","00:37:44",DM,"turn off the spooky catacombs for a second people like listening to Halloween spooky songs it's very relaxing where'd it all go Oh,"
993,"00:37:45","00:37:46",Speaker 4,"they're outside."
994,"00:38:13","00:38:13",Speaker 1,"Thank you."
995,"00:39:02","00:39:19",Speaker 6,"I'm just scaring So it's very challenging."
996,"00:39:19","00:39:20",Catarina,"So the flooring,"
997,"00:39:20","00:39:21",Catarina,"the cave-in,"
998,"00:39:21","00:39:21",Speaker 1,"and then..."
999,"00:39:26","00:39:26",Speaker 1,"Yeah."
1000,"00:39:34","00:39:34",Speaker 1,"Um..."
1001,"00:39:35","00:39:35",Speaker 1,"Okay."
1002,"00:39:35","00:39:36",Speaker 1,"All right."
1003,"00:39:36","00:39:37",Speaker 1,"Okay."
1004,"00:39:37","00:39:41",Speaker 6,"I think I just got a message from a friend of mine."
1005,"00:40:20","00:40:20",Speaker 1,"Hey,"
1006,"00:40:21","00:40:22",Speaker 1,"Kaden."
1007,"00:40:22","00:40:23",DM,"Did I leave any of my beer here?"
1008,"00:40:25","00:40:26",DM,"Looks a little sour,"
1009,"00:40:26","00:40:26",DM,"still play."
1010,"00:40:27","00:40:28",DM,"I'm talking about a brand new case,"
1011,"00:40:28","00:40:29",DM,"and they're really tasty."
1012,"00:40:30","00:40:31",Crissdalynn,"This popped up in my memories,"
1013,"00:40:32","00:40:33",Crissdalynn,"and it's going to melt your heart."
1014,"00:40:33","00:40:35",DM,"I have a whiskey coke here on."
1015,"00:40:36","00:40:37",DM,"I'm good."
1016,"00:40:37","00:40:39",DM,"I'm good."
1017,"00:40:39","00:40:40",DM,"You can have an IPA."
1018,"00:40:41","00:40:42",Speaker 1,"I have to drink."
1019,"00:40:46","00:40:47",DM,"Get inebriated,"
1020,"00:40:47","00:40:47",DM,"Nick."
1021,"00:40:47","00:40:48",DM,"We need the fucking edge."
1022,"00:40:49","00:40:49",DM,"No,"
1023,"00:40:49","00:40:49",DM,"no,"
1024,"00:40:49","00:40:49",DM,"no."
1025,"00:40:50","00:40:51",DM,"You guys made your bed,"
1026,"00:40:51","00:40:52",DM,"now lie in it."
1027,"00:40:53","00:40:54",Speaker 1,"Okay."
1028,"00:41:03","00:41:05",DM,"Are we re-rolling initiative?"
1029,"00:41:05","00:41:07",DM,"Or are we keeping the same that we had before?"
1030,"00:41:07","00:41:09",DM,"I don't even remember what ours was before."
1031,"00:41:10","00:41:10",DM,"Fair."
1032,"00:41:10","00:41:14",Crissdalynn,"I know that this one went first."
1033,"00:41:15","00:41:16",DM,"That's what she did."
1034,"00:41:16","00:41:17",DM,"In order."
1035,"00:41:17","00:41:18",Crissdalynn,"That's what she did."
1036,"00:41:19","00:41:19",Crissdalynn,"You're rolling."
1037,"00:41:20","00:41:20",DM,"Yeah,"
1038,"00:41:20","00:41:21",DM,"that's what I'm rolling."
1039,"00:41:21","00:41:23",DM,"I'm going to grab a little..."
1040,"00:41:23","00:41:23",DM,"Dude,"
1041,"00:41:23","00:41:24",DM,"because I rolled shit last time."
1042,"00:41:26","00:41:26",Speaker 1,"Yeah."
1043,"00:41:27","00:41:27",DM,"Oh,"
1044,"00:41:27","00:41:28",DM,"I don't have my scratch pad."
1045,"00:41:28","00:41:29",DM,"Do you want a piece of paper?"
1046,"00:41:30","00:41:31",Delmar,"I've got some paper."
1047,"00:41:32","00:41:33",Speaker 1,"Or does anyone want a Dr."
1048,"00:41:33","00:41:33",Speaker 1,"Pepper?"
1049,"00:41:34","00:41:34",DM,"I'm good,"
1050,"00:41:34","00:41:34",DM,"thank you."
1051,"00:41:35","00:41:36",DM,"I'm going to give it to you."
1052,"00:41:37","00:41:37",Speaker 1,"Yeah."
1053,"00:41:39","00:41:39",DM,"Actually,"
1054,"00:41:40","00:41:40",DM,"no,"
1055,"00:41:40","00:41:40",DM,"I don't..."
1056,"00:41:40","00:41:42",Catarina,"I also have a score thing ready."
1057,"00:41:42","00:41:44",Catarina,"I'll check with you."
1058,"00:41:44","00:41:45",Catarina,"Oh."
1059,"00:41:50","00:41:53",DM,"You're a very brave man to cut something towards your penis."
1060,"00:41:54","00:41:54",Speaker 1,"What?"
1061,"00:41:55","00:41:56",Speaker 1,"What?"
1062,"00:41:58","00:41:59",DM,"These pants are like..."
1063,"00:42:00","00:42:02",DM,"This is a really sharp knife,"
1064,"00:42:02","00:42:02",DM,"Nick."
1065,"00:42:02","00:42:03",DM,"Oh,"
1066,"00:42:03","00:42:04",DM,"is it a sharp knife?"
1067,"00:42:05","00:42:05",DM,"Um,"
1068,"00:42:05","00:42:05",DM,"no,"
1069,"00:42:05","00:42:06",DM,"it's,"
1070,"00:42:06","00:42:06",DM,"it's canvas,"
1071,"00:42:06","00:42:06",DM,"like,"
1072,"00:42:06","00:42:07",DM,"um,"
1073,"00:42:07","00:42:07",DM,"duck,"
1074,"00:42:07","00:42:08",DM,"duck canvas."
1075,"00:42:08","00:42:09",DM,"I think it's called."
1076,"00:42:10","00:42:10",DM,"Um,"
1077,"00:42:10","00:42:10",DM,"but yeah,"
1078,"00:42:10","00:42:11",DM,"like."
1079,"00:42:12","00:42:13",DM,"His fans are,"
1080,"00:42:13","00:42:13",DM,"are,"
1081,"00:42:13","00:42:13",DM,"uh,"
1082,"00:42:13","00:42:14",DM,"trust me."
1083,"00:42:15","00:42:16",Crissdalynn,"I sent it to Sophie."
1084,"00:42:19","00:42:20",Delmar,"She's either like,"
1085,"00:42:20","00:42:21",Delmar,"I have my own language,"
1086,"00:42:21","00:42:22",Delmar,"or she's going to be like,"
1087,"00:42:22","00:42:23",Delmar,"I'm not sure."
1088,"00:42:25","00:42:26",Speaker 7,"I just got a,"
1089,"00:42:27","00:42:27",Speaker 7,"like,"
1090,"00:42:28","00:42:29",Speaker 1,"five of them."
1091,"00:42:29","00:42:29",Speaker 1,"I don't know."
1092,"00:42:33","00:42:34",Crissdalynn,"You would have been too young to remember that."
1093,"00:42:36","00:42:36",DM,"Oh,"
1094,"00:42:36","00:42:36",DM,"yeah,"
1095,"00:42:36","00:42:36",DM,"way too young."
1096,"00:42:40","00:42:40",Speaker 1,"Okay."
1097,"00:42:41","00:42:43",Speaker 7,"Let me just roll some initiatives here."
1098,"00:42:50","00:42:51",Speaker 4,"Thank you."
1099,"00:42:59","00:43:00",Speaker 1,"Well done."
1100,"00:43:01","00:43:01",Speaker 1,"I'm impressed."
1101,"00:43:07","00:43:31",DM,"man wait perfect timing we rolled five initiatives oh six six initiatives oh god just a second maybe some of this maybe some of this is some are the civilians maybe some are civilians Nick."
1102,"00:43:32","00:43:33",Speaker 1,"Oh,"
1103,"00:43:33","00:43:34",Speaker 7,"excuse me."
1104,"00:43:34","00:43:35",Speaker 7,"I think..."
1105,"00:43:41","00:43:41",Speaker 1,"Wow,"
1106,"00:43:43","00:43:44",DM,"it is stormy out there."
1107,"00:43:44","00:43:46",DM,"That is perfect timing."
1108,"00:43:47","00:43:49",Speaker 1,"We got ambiance today."
1109,"00:43:50","00:43:50",Catarina,"I know."
1110,"00:43:50","00:43:51",Catarina,"This is excellent."
1111,"00:43:51","00:43:52",Catarina,"Yeah."
1112,"00:43:52","00:43:53",Speaker 1,"Let's go."
1113,"00:43:53","00:43:54",Speaker 1,"I'm pumped."
1114,"00:43:57","00:43:59",DM,"This is a little in advance,"
1115,"00:43:59","00:44:29",DM,"but the weekend of August 8th so August 9th if we could start a little later because yeah I'm going to a metal show the night before and it starts at 9.30 so I'm not going to be home until like 1 or 2 well you're good to go probably a bit hungover August 9th is my dad's birthday it's my dad's birthday that's it."
1116,"00:44:29","00:44:29",DM,"Oh,"
1117,"00:44:29","00:44:30",DM,"okay."
1118,"00:44:30","00:44:30",DM,"Then yeah,"
1119,"00:44:30","00:44:30",DM,"yeah,"
1120,"00:44:30","00:44:30",DM,"yeah."
1121,"00:44:31","00:44:42",Delmar,"That I was going to say but then also Courtney and I basically talked and it's like we will be able to do D&D but like every fourth Sunday we're not going to be able to do D&D."
1122,"00:44:42","00:44:47",Delmar,"We want to do we haven't been spending a lot of time with our kids because of that."
1123,"00:44:47","00:44:47",Delmar,"That's important."
1124,"00:44:47","00:44:48",Delmar,"Work schedules,"
1125,"00:44:48","00:44:52",Delmar,"life schedules and everything and it's like it's the summer we're going to do more with them kind of thing."
1126,"00:44:52","00:44:59",Delmar,"So it's like Sunday is like literally the only day we have off together and we love doing it here but it's just we need to spend time Yeah,"
1127,"00:44:59","00:45:00",Delmar,"yeah."
1128,"00:45:00","00:45:00",Delmar,"That makes sense."
1129,"00:45:01","00:45:02",Delmar,"We went to Spice Jam with our kids."
1130,"00:45:03","00:45:03",Delmar,"Yeah."
1131,"00:45:04","00:45:04",DM,"What?"
1132,"00:45:05","00:45:06",DM,"Yeah,"
1133,"00:45:06","00:45:06",DM,"that's you."
1134,"00:45:08","00:45:08",DM,"Wow,"
1135,"00:45:08","00:45:09",DM,"that changes things."
1136,"00:45:09","00:45:10",DM,"Nick and Caitlin,"
1137,"00:45:10","00:45:11",DM,"so on the 9th,"
1138,"00:45:11","00:45:12",DM,"if you don't,"
1139,"00:45:12","00:45:13",DM,"like,"
1140,"00:45:13","00:45:15",DM,"if I don't text you back by 1130,"
1141,"00:45:15","00:45:18",DM,"just come over and walk in and wake me up."
1142,"00:45:19","00:45:19",DM,"For what?"
1143,"00:45:19","00:45:20",DM,"On August 9th."
1144,"00:45:21","00:45:22",DM,"What's happening on August 9th?"
1145,"00:45:22","00:45:26",DM,"I'm going to a metal show with my sister the night before,"
1146,"00:45:26","00:45:27",DM,"and it's a late one,"
1147,"00:45:27","00:45:27",DM,"so,"
1148,"00:45:27","00:45:28",DM,"yeah."
1149,"00:45:34","00:46:14",Delmar,"initiative order who's what we got 20 to 25 nice wow 26 oh I rolled well I rolled out I've never rolled yeah I rolled a 19 I've never rolled high on initiative it's okay I'm a support character at least not like this 25 and that's probably going to be my best roll of the night wow it almost went full circle what was it again?"
1150,"00:46:15","00:46:17",DM,"sorry yours was 16 right?"
1151,"00:46:17","00:46:21",DM,"yes and yours was?"
1152,"00:46:21","00:46:57",DM,"pen there's more in the blue one thank you I was like 25 oh nevermind sorry that's what I felt like exactly sorry check out a website penislands.com think about the spelling just picture it in your head It's like being part of the Pen15 club."
1153,"00:46:57","00:46:58",DM,"Yeah."
1154,"00:46:58","00:46:59",DM,"Funny thing is,"
1155,"00:46:59","00:47:00",DM,"they actually sell pens."
1156,"00:47:01","00:47:01",DM,"Like,"
1157,"00:47:01","00:47:03",DM,"really high-end,"
1158,"00:47:03","00:47:03",DM,"beautifully,"
1159,"00:47:04","00:47:04",DM,"like,"
1160,"00:47:04","00:47:05",DM,"handcrafted pens."
1161,"00:47:07","00:47:08",DM,"I love shit like that."
1162,"00:47:08","00:47:08",DM,"It's like,"
1163,"00:47:08","00:47:09",DM,"look at me."
1164,"00:47:09","00:47:10",DM,"Look up."
1165,"00:47:10","00:47:10",DM,"Yeah."
1166,"00:47:10","00:47:11",DM,"Oh,"
1167,"00:47:11","00:47:11",DM,"awesome."
1168,"00:47:11","00:47:11",DM,"I was like,"
1169,"00:47:11","00:47:12",DM,"look up."
1170,"00:47:12","00:47:13",DM,"And I was like,"
1171,"00:47:13","00:47:13",DM,"not like,"
1172,"00:47:13","00:47:14",DM,"Venusland."
1173,"00:47:14","00:47:14",DM,"No."
1174,"00:47:15","00:47:16",Crissdalynn,"Volkswagen Italia."
1175,"00:47:17","00:47:20",Crissdalynn,"Look up Volkswagen Italia on Instagram."
1176,"00:47:21","00:47:21",DM,"Like,"
1177,"00:47:21","00:47:21",DM,"right now?"
1178,"00:47:21","00:47:21",DM,"Yes."
1179,"00:47:22","00:47:23",Speaker 1,"Do it."
1180,"00:47:24","00:47:25",Crissdalynn,"I believe it's Volkswagen."
1181,"00:47:25","00:47:26",Crissdalynn,"do it now."
1182,"00:47:27","00:47:28",Speaker 1,"Kill him."
1183,"00:47:30","00:47:30",Crissdalynn,"Yes,"
1184,"00:47:30","00:47:31",Crissdalynn,"Karen."
1185,"00:47:33","00:47:34",Catarina,"I had a,"
1186,"00:47:34","00:47:35",Catarina,"in my last session,"
1187,"00:47:35","00:47:36",Catarina,"I was playing very much."
1188,"00:47:36","00:47:37",Crissdalynn,"I nearly killed him."
1189,"00:47:37","00:47:37",Crissdalynn,"Yes,"
1190,"00:47:38","00:47:38",Crissdalynn,"it is."
1191,"00:47:38","00:47:39",Crissdalynn,"Volkswagen Italia."
1192,"00:47:39","00:47:39",Crissdalynn,"And,"
1193,"00:47:39","00:47:40",Crissdalynn,"um,"
1194,"00:47:40","00:47:41",Catarina,"felt very sick."
1195,"00:47:42","00:47:42",Catarina,"I was like,"
1196,"00:47:42","00:47:42",Speaker 1,"Lord,"
1197,"00:47:43","00:47:44",Crissdalynn,"acrobat action."
1198,"00:47:48","00:47:51",Crissdalynn,"I killed their beloved bear and felt guilty about it."
1199,"00:47:52","00:47:52",Crissdalynn,"Volkswagen Italia."
1200,"00:47:54","00:47:55",Speaker 1,"Like it was spelling."
1201,"00:47:55","00:47:55",Speaker 1,"Volkswagen."
1202,"00:47:56","00:47:57",DM,"Volkswagen."
1203,"00:47:59","00:48:00",DM,"Genitalia."
1204,"00:48:02","00:48:03",Crissdalynn,"And they never changed it!"
1205,"00:48:03","00:48:04",Crissdalynn,"That's a legit one."
1206,"00:48:05","00:48:06",Crissdalynn,"That is the real one."
1207,"00:48:07","00:48:08",Crissdalynn,"I mean,"
1208,"00:48:08","00:48:09",Crissdalynn,"that's quite remarkable."
1209,"00:48:09","00:48:11",Crissdalynn,"Volkswagen genitalia."
1210,"00:48:12","00:48:12",Crissdalynn,"Volkswagen."
1211,"00:48:14","00:48:15",Crissdalynn,"Volkswagen Italia."
1212,"00:48:18","00:48:19",Delmar,"Genitalia."
1213,"00:48:20","00:48:23",DM,"The picture you get in your head doesn't really work."
1214,"00:48:23","00:48:23",DM,"Yeah,"
1215,"00:48:23","00:48:23",DM,"yeah."
1216,"00:48:24","00:48:26",DM,"It sounds good."
1217,"00:48:26","00:48:27",Speaker 1,"It doesn't look good."
1218,"00:48:28","00:48:29",Crissdalynn,"What am I going to tell you?"
1219,"00:48:29","00:48:30",Crissdalynn,"I don't see that screen."
1220,"00:48:30","00:48:36",Crissdalynn,"It is the actual checkmarked one and everything."
1221,"00:48:36","00:48:38",Crissdalynn,"That's the funniest part to me."
1222,"00:48:39","00:48:39",DM,"Yeah,"
1223,"00:48:39","00:48:40",DM,"the verified one."
1224,"00:48:40","00:48:40",DM,"Honestly,"
1225,"00:48:40","00:48:43",DM,"businesses and stuff that have clever,"
1226,"00:48:43","00:48:44",DM,"funny names like that."
1227,"00:48:44","00:48:44",DM,"They do well."
1228,"00:48:45","00:48:45",DM,"Yeah,"
1229,"00:48:45","00:48:48",DM,"and I'm so much more inclined to give them my business."
1230,"00:48:49","00:48:49",DM,"It's fun."
1231,"00:48:50","00:48:51",DM,"That was clever of you."
1232,"00:48:51","00:48:52",DM,"Good job."
1233,"00:48:52","00:48:53",DM,"Take my money."
1234,"00:48:53","00:48:53",DM,"Yes."
1235,"00:48:54","00:48:57",Crissdalynn,"that's why I like Wendy's so much have you seen their shit on Twitter?"
1236,"00:48:57","00:49:23",DM,"I've seen some of it they're just like bashing the other businesses and just like doing crazy shit being zany and wild I haven't seen a lot of it they're like Geico commercials like we don't have it up here but if we did oh yeah I'd go with Geico for sure sorry I've got like fucking 13 things on this and it's like,"
1237,"00:49:23","00:49:24",DM,"oh dude,"
1238,"00:49:24","00:49:25",DM,"I don't want to have them."
1239,"00:49:25","00:49:26",Catarina,"I mean,"
1240,"00:49:26","00:49:28",Catarina,"you could just like take some of them off."
1241,"00:49:28","00:49:28",Catarina,"Yeah,"
1242,"00:49:28","00:49:29",Catarina,"yeah."
1243,"00:49:29","00:49:30",Catarina,"We could have less."
1244,"00:49:31","00:49:31",DM,"Nah,"
1245,"00:49:31","00:49:32",DM,"I'm good."
1246,"00:49:35","00:49:35",Speaker 1,"I'm good."
1247,"00:49:38","00:49:39",DM,"Okay,"
1248,"00:49:39","00:49:40",DM,"and then who's up after that?"
1249,"00:49:41","00:49:41",DM,"Fucking hell,"
1250,"00:49:41","00:49:42",DM,"that's way too many."
1251,"00:49:49","00:49:51",DM,"That one was number two."
1252,"00:49:51","00:49:52",DM,"That one's done."
1253,"00:49:52","00:49:52",DM,"Okay."
1254,"00:49:55","00:49:56",Speaker 1,"So 17's looking nice."
1255,"00:49:58","00:49:59",Delmar,"McDonald's tweets."
1256,"00:49:59","00:50:01",Delmar,"Today we announced that by mid-2018,"
1257,"00:50:02","00:50:05",Delmar,"all Quarter Pounder burgers at the majority of our restaurants will be cooked with fresh beef."
1258,"00:50:06","00:50:07",Delmar,"Wendy's at McDonald's."
1259,"00:50:07","00:50:11",Delmar,"So you still use frozen beef in most of your burgers in all of your restaurants."
1260,"00:50:12","00:50:12",Delmar,"Asking for a friend."
1261,"00:50:14","00:50:14",DM,"Asking for a friend."
1262,"00:50:16","00:50:17",Delmar,"Yeah,"
1263,"00:50:17","00:50:17",Delmar,"right?"
1264,"00:50:17","00:50:21",DM,"They're just taken off the glove and slapped on the head."
1265,"00:50:22","00:50:23",DM,"Fucking McDonald's."
1266,"00:50:23","00:50:29",DM,"They have a made with 100% at their fucking brand."
1267,"00:50:29","00:50:30",DM,"Yep."
1268,"00:50:32","00:50:33",DM,"That's a bastard move."
1269,"00:50:33","00:50:34",DM,"I mean,"
1270,"00:50:35","00:50:39",DM,"whatever marketing genius thought that up probably got the biggest bonus."
1271,"00:50:39","00:50:39",DM,"Oh,"
1272,"00:50:39","00:50:39",DM,"yeah."
1273,"00:50:41","00:50:42",DM,"He's probably still earning those."
1274,"00:50:43","00:50:44",Delmar,"Someone tweets,"
1275,"00:50:45","00:50:46",Delmar,"I want Wendy's,"
1276,"00:50:46","00:50:48",Delmar,"but my girlfriend wants once McDonald's,"
1277,"00:50:48","00:50:48",Delmar,"what do I do?"
1278,"00:50:48","00:50:49",Delmar,"Wendy's replies,"
1279,"00:50:49","00:50:50",Delmar,"there are plenty of fish in the sea."
1280,"00:50:52","00:50:53",Speaker 1,"Get rid of her."
1281,"00:50:56","00:50:57",Speaker 1,"So,"
1282,"00:50:57","00:50:58",Speaker 1,"Shelmar,"
1283,"00:50:58","00:50:59",Speaker 1,"you're up first."
1284,"00:51:01","00:51:01",Delmar,"Alright,"
1285,"00:51:02","00:51:03",Delmar,"so,"
1286,"00:51:03","00:51:03",Delmar,"you just hear,"
1287,"00:51:03","00:51:03",Delmar,"like,"
1288,"00:51:05","00:51:06",Delmar,"the clattering of just,"
1289,"00:51:06","00:51:07",Delmar,"of chairs,"
1290,"00:51:08","00:51:08",Delmar,"as I'm,"
1291,"00:51:08","00:51:09",Delmar,"like,"
1292,"00:51:09","00:51:10",Delmar,"pushing myself out of,"
1293,"00:51:10","00:51:10",Delmar,"like,"
1294,"00:51:10","00:51:13",Delmar,"the chairs that I landed in."
1295,"00:51:14","00:51:15",Delmar,"And he kind of props up,"
1296,"00:51:15","00:51:15",Delmar,"and he looks,"
1297,"00:51:15","00:51:16",Delmar,"I mean,"
1298,"00:51:16","00:51:18",Delmar,"seeing it's like spread out."
1299,"00:51:19","00:51:20",Delmar,"I do have a thought for this."
1300,"00:51:21","00:51:21",Delmar,"These,"
1301,"00:51:21","00:51:22",Delmar,"um,"
1302,"00:51:24","00:51:24",Delmar,"what the,"
1303,"00:51:24","00:51:25",Delmar,"uh,"
1304,"00:51:25","00:51:27",Delmar,"the young grung has transformed into."
1305,"00:51:28","00:51:28",Speaker 1,"Uh,"
1306,"00:51:28","00:51:32",DM,"and the 12-foot-tall abomination,"
1307,"00:51:32","00:51:34",DM,"it looks like a giant red toad."
1308,"00:51:35","00:51:35",DM,"Like a,"
1309,"00:51:35","00:51:36",DM,"like a,"
1310,"00:51:36","00:51:38",DM,"a cane toad from hell."
1311,"00:51:39","00:51:39",DM,"Oh,"
1312,"00:51:39","00:51:39",DM,"okay."
1313,"00:51:39","00:51:40",DM,"A cane toad."
1314,"00:51:41","00:51:42",Speaker 1,"Um,"
1315,"00:51:43","00:51:43",DM,"I got the,"
1316,"00:51:43","00:51:44",DM,"I got the chains."
1317,"00:51:46","00:52:15",DM,"I got a new product yeah this is the song for it because it's literally named after it so in here is regular terrain everything out here it's bad terrain all the way in here um here is regular yeah basically like off the edge of the map off the edge of the map and everywhere else."
1318,"00:52:15","00:52:16",DM,"Here's difficult,"
1319,"00:52:16","00:52:16",DM,"here's difficult,"
1320,"00:52:17","00:52:17",DM,"here's difficult,"
1321,"00:52:18","00:52:18",DM,"here's difficult."
1322,"00:52:18","00:52:20",Crissdalynn,"I imagine this is where they're like,"
1323,"00:52:21","00:52:21",Speaker 1,"rah!"
1324,"00:52:22","00:52:22",Speaker 1,"Basically,"
1325,"00:52:22","00:52:22",Speaker 1,"yeah."
1326,"00:52:23","00:52:25",Crissdalynn,"I can picture it."
1327,"00:52:25","00:52:26",Crissdalynn,"You can picture it in a lot of books."
1328,"00:52:26","00:52:26",Crissdalynn,"Like a giant,"
1329,"00:52:26","00:52:27",Speaker 1,"like,"
1330,"00:52:28","00:52:28",DM,"rawr!"
1331,"00:52:29","00:52:30",DM,"It's like hellish."
1332,"00:52:31","00:52:31",DM,"It's not."
1333,"00:52:31","00:52:31",DM,"Yeah,"
1334,"00:52:31","00:52:32",DM,"no,"
1335,"00:52:32","00:52:32",DM,"it's coming out of this,"
1336,"00:52:33","00:52:35",DM,"my MacBook ones for some reason,"
1337,"00:52:35","00:52:35",DM,"but fuck it."
1338,"00:52:37","00:52:37",DM,"Actually,"
1339,"00:52:37","00:52:38",DM,"I do have a picture."
1340,"00:52:41","00:52:42",Speaker 1,"That's what you're going to be on."
1341,"00:52:43","00:53:21",Delmar,"oh all right spooky yeah spooky i think i got an extra attack now it's a cool image yeah yeah get on up close to him kind of don't want to know you should i have inky black tendrils that will punch for me yep so i don't have to i promise not to grapple it guys i mean go ahead you can try i'm not gonna learn my lesson you're up well it's probably pretty you realize something what with the pistols that you gave me yeah um oh wait no that's musket that's i'm really gonna sort this out with you on my"
1342,"00:53:21","00:53:40",Delmar,"weapons and what does what because i have one pistol that's like has all the custom stuff on it i keep forgetting those rules um because it's like oh right i keep forgetting to do school with the musket then i'm like wait no that's right that's what i started with but it's like we were using that just as like a placeholder but now it's like they're pistols so i'm just like i keep about things."
1343,"00:53:40","00:53:41",DM,"That would be the official one on D&D Beyond."
1344,"00:53:42","00:53:43",DM,"We should probably just consolidate that."
1345,"00:53:43","00:53:43",DM,"Yeah."
1346,"00:53:45","00:53:46",Speaker 1,"Oh my god,"
1347,"00:53:46","00:53:46",Speaker 1,"I got an extra one."
1348,"00:53:46","00:53:47",Speaker 1,"Where did your dad go?"
1349,"00:53:48","00:53:50",Speaker 1,"I think my mother's chatting to him."
1350,"00:53:50","00:53:50",Delmar,"Oh,"
1351,"00:53:50","00:53:50",Delmar,"okay."
1352,"00:53:51","00:53:51",Delmar,"Well,"
1353,"00:53:51","00:53:52",Delmar,"bathroom and then..."
1354,"00:53:52","00:53:52",Delmar,"Yeah,"
1355,"00:53:52","00:53:54",DM,"he's not up for a while."
1356,"00:53:55","00:53:55",DM,"Yeah,"
1357,"00:53:55","00:53:56",DM,"he's not up for like..."
1358,"00:53:56","00:53:58",DM,"He's going to be like an hour total."
1359,"00:53:58","00:54:02",Catarina,"He was very stoked to be up more in the..."
1360,"00:54:03","00:54:03",Speaker 1,"initiative."
1361,"00:54:06","00:54:08",Delmar,"So everyone's on difficult terrain kind of thing."
1362,"00:54:08","00:54:35",Delmar,"um all right uh i'm going i'm going to uh uh well i'm not going to deal with the difficult terrain so like i'll kind of pick myself up realize there's going to be like no quick way to do this and i'll kind of like you know just like a tap tap tap tap or whatever it is and you'll see don't like you know your heels together More like a,"
1363,"00:54:35","00:54:38",Delmar,"you know kind of like the Spanish swordsman where they do like,"
1364,"00:54:38","00:54:38",Delmar,"it's almost like a dance,"
1365,"00:54:39","00:54:40",Delmar,"like they keep a rhythm with their feet,"
1366,"00:54:40","00:54:42",Delmar,"kind of like a tap tap tap tap tap tap tap."
1367,"00:54:42","00:54:42",Delmar,"You know,"
1368,"00:54:42","00:54:43",Delmar,"something like that,"
1369,"00:54:43","00:54:44",Delmar,"and it's like almost,"
1370,"00:54:44","00:54:46",Delmar,"almost like trying to mimic like a horse gallop or whatever,"
1371,"00:54:46","00:54:51",Delmar,"and all of a sudden it's like the wings will peel out from the sides of my boots and Delmar will now be in the air."
1372,"00:54:51","00:54:52",Delmar,"There you go."
1373,"00:54:52","00:54:52",Delmar,"Oh!"
1374,"00:54:53","00:54:54",Delmar,"Using the flying boots."
1375,"00:54:57","00:54:58",DM,"You can have a dice if you want to."
1376,"00:54:59","00:54:59",Speaker 1,"That's cool."
1377,"00:55:02","00:55:02",Speaker 1,"Okay."
1378,"00:55:04","00:55:45",Delmar,"Nice So we'll do that And then I'm not dealing with a difficult terrain So I'm going to move Everyone else is still down right Well no we all had a chance to get up Because like you were saying You did like the flip I don't think we're up yet But I will flip up and fly So we're all prone Alright then I I mean I still have to use half my movement just to get up and then activate the boots that puts me in the air and then can I fly over and actually grab either one of them well hold on actually so"
1379,"00:55:45","00:55:54",Delmar,"these are like so half my movement so I have 30 movements I believe my movement speed is 30 so I have 15 left so can I 5,"
1380,"00:55:54","00:55:55",Delmar,"10,"
1381,"00:55:55","00:56:02",Delmar,"15 but I'm not I don't know if you count that right next to them or not I know the figurines are down,"
1382,"00:56:02","00:56:06",Delmar,"but I don't know if that counts as close enough for me to grab and pull them up."
1383,"00:56:07","00:56:11",DM,"I would say it is close enough to grab them."
1384,"00:56:11","00:56:11",DM,"However,"
1385,"00:56:11","00:56:13",DM,"you are also close enough to enter Otar's range."
1386,"00:56:14","00:56:14",DM,"How close is that?"
1387,"00:56:15","00:56:16",DM,"He is here,"
1388,"00:56:17","00:56:17",DM,"so that is..."
1389,"00:56:17","00:56:18",DM,"That's a hell of a range."
1390,"00:56:18","00:56:19",DM,"Oh,"
1391,"00:56:19","00:56:19",DM,"no,"
1392,"00:56:19","00:56:20",DM,"you're out of it."
1393,"00:56:20","00:56:20",DM,"Never mind."
1394,"00:56:21","00:56:22",DM,"Alright."
1395,"00:56:22","00:56:22",DM,"Woo!"
1396,"00:56:22","00:56:22",DM,"Okay."
1397,"00:56:23","00:56:23",DM,"That's good."
1398,"00:56:23","00:56:24",DM,"I said anything."
1399,"00:56:26","00:56:28",DM,"Do you still have your action and your bonus action?"
1400,"00:56:28","00:56:29",DM,"Uh,"
1401,"00:56:29","00:56:29",DM,"yeah."
1402,"00:56:30","00:56:30",DM,"So,"
1403,"00:56:30","00:56:36",DM,"wait,"
1404,"00:56:36","00:56:37",Delmar,"everything's reset."
1405,"00:56:38","00:56:38",Delmar,"Yeah."
1406,"00:56:39","00:56:39",Delmar,"Okay."
1407,"00:56:39","00:56:41",Delmar,"Then I'm going to,"
1408,"00:56:41","00:56:44",Delmar,"can I use my action?"
1409,"00:56:45","00:56:46",Delmar,"I don't know how you want to do this."
1410,"00:56:47","00:56:49",Delmar,"Can I help pick one person up,"
1411,"00:56:49","00:56:50",Delmar,"or could I grab two of them,"
1412,"00:56:51","00:56:52",Delmar,"and with my boots,"
1413,"00:56:52","00:56:55",Delmar,"I'm flying and pulling them both up to their feet quicker?"
1414,"00:56:55","00:56:58",DM,"If you give me a strength check and you pass it,"
1415,"00:56:58","00:56:59",DM,"Just need ten,"
1416,"00:56:59","00:56:59",DM,"you can get both."
1417,"00:57:00","00:57:00",DM,"Otherwise,"
1418,"00:57:00","00:57:01",DM,"you only get one."
1419,"00:57:01","00:57:02",Speaker 1,"Literally ten."
1420,"00:57:02","00:57:03",DM,"There you go."
1421,"00:57:03","00:57:03",DM,"Yeah,"
1422,"00:57:03","00:57:06",DM,"you can start trying to pull both up."
1423,"00:57:06","00:57:07",Delmar,"Yeah."
1424,"00:57:07","00:57:07",Delmar,"All right."
1425,"00:57:07","00:57:10",Delmar,"So I'll pull both of these two up since I'm right next to both of them."
1426,"00:57:11","00:57:14",Delmar,"So Perrin and Pistolin,"
1427,"00:57:14","00:57:16",Delmar,"you don't have to spend half your movement getting up."
1428,"00:57:16","00:57:16",Perrin,"Certainly."
1429,"00:57:17","00:57:19",Delmar,"And then I'm going to bonus action,"
1430,"00:57:19","00:57:21",Delmar,"whip out a pistol,"
1431,"00:57:21","00:57:22",Delmar,"and just..."
1432,"00:57:25","00:57:25",Speaker 1,"And,"
1433,"00:57:25","00:57:26",Delmar,"you know,"
1434,"00:57:26","00:57:27",Delmar,"I don't even think I say anything."
1435,"00:57:27","00:57:30",Delmar,"I think it's just kind of like a No,"
1436,"00:57:30","00:57:30",Delmar,"yeah,"
1437,"00:57:31","00:57:31",Delmar,"no,"
1438,"00:57:31","00:57:37",Delmar,"I do Um Wait,"
1439,"00:57:37","00:57:38",Delmar,"what am I doing?"
1440,"00:57:38","00:57:42",Delmar,"I have it right here There you go Velmar,"
1441,"00:57:42","00:57:55",Delmar,"pull out the pistol Aim and Uh What's that?"
1442,"00:57:56","00:57:57",Delmar,"Bis per mer!"
1443,"00:57:57","00:57:58",Delmar,"And fire."
1444,"00:57:59","00:58:00",Delmar,"Which is Latin for strength through the sea."
1445,"00:58:01","00:58:01",DM,"Nice."
1446,"00:58:02","00:58:02",DM,"Nice."
1447,"00:58:03","00:58:05",Delmar,"Appreciate some Latin."
1448,"00:58:05","00:58:06",Delmar,"Um,"
1449,"00:58:06","00:58:07",Delmar,"and yeah,"
1450,"00:58:07","00:58:09",Delmar,"so because that's really all I have."
1451,"00:58:10","00:58:10",Delmar,"All I have?"
1452,"00:58:12","00:58:12",Delmar,"My pistol,"
1453,"00:58:13","00:58:13",Delmar,"some of that."
1454,"00:58:16","00:58:18",Delmar,"And then the pistol is..."
1455,"00:58:20","00:58:21",Speaker 1,"Uh,"
1456,"00:58:22","00:58:23",Delmar,"19 to hit."
1457,"00:58:24","00:58:24",Delmar,"19 hits."
1458,"00:58:24","00:58:25",Delmar,"Okay."
1459,"00:58:25","00:58:27",Crissdalynn,"I read something in my tattoo I hadn't been utilizing."
1460,"00:58:28","00:58:28",Crissdalynn,"Oh?"
1461,"00:58:28","00:58:30",Crissdalynn,"It makes my punches plus ones."
1462,"00:58:31","00:58:31",Speaker 1,"Can you not then?"
1463,"00:58:31","00:58:32",Speaker 1,"Nope."
1464,"00:58:32","00:58:32",Crissdalynn,"Wow."
1465,"00:58:32","00:58:34",Crissdalynn,"I just thought it gave you the 1d6,"
1466,"00:58:34","00:58:35",Crissdalynn,"and I just realized now that,"
1467,"00:58:36","00:58:36",Crissdalynn,"no,"
1468,"00:58:36","00:58:38",Crissdalynn,"I get an additional plus one bonus to attack and attack controls with it."
1469,"00:58:40","00:58:40",Speaker 1,"Lumps."
1470,"00:58:42","00:58:43",Speaker 1,"Nope."
1471,"00:58:43","00:58:44",Speaker 1,"Of course you do."
1472,"00:58:46","00:58:46",DM,"Like a bird,"
1473,"00:58:47","00:58:47",DM,"right?"
1474,"00:58:49","00:58:49",DM,"So,"
1475,"00:58:49","00:58:50",DM,"how much damage are you doing?"
1476,"00:58:51","00:58:52",DM,"I need a d10."
1477,"00:58:53","00:58:55",DM,"And how much are you pissing off this thing?"
1478,"00:59:02","00:59:03",Speaker 1,"Okay,"
1479,"00:59:03","00:59:04",Delmar,"so I'm in feet Alright,"
1480,"00:59:04","00:59:20",Delmar,"sweet That's not bad So that's 1d10 So that's 7 plus 5 Is 12 And then I'm going to sneak attack I can still sneak attack You're going to bonus action attack,"
1481,"00:59:21","00:59:21",Delmar,"right?"
1482,"00:59:23","00:59:26",DM,"You don't get sneak attack You wouldn't get sneak attack for this."
1483,"00:59:26","00:59:26",DM,"I have."
1484,"00:59:27","00:59:28",DM,"Are you flanking?"
1485,"00:59:29","00:59:30",DM,"You're flanking,"
1486,"00:59:30","00:59:31",DM,"but it's not..."
1487,"00:59:32","00:59:37",DM,"Flanking is when you and the enemy are targeting something."
1488,"00:59:37","00:59:38",DM,"Gotcha."
1489,"00:59:38","00:59:39",DM,"Like formation."
1490,"00:59:40","00:59:42",Delmar,"So no sneak attack damage?"
1491,"00:59:42","00:59:43",Delmar,"No,"
1492,"00:59:43","00:59:44",DM,"you're plainly visible,"
1493,"00:59:44","00:59:47",DM,"so it totally sees you."
1494,"00:59:48","00:59:49",DM,"I'm a swashbuckler,"
1495,"00:59:49","00:59:49",DM,"though."
1496,"00:59:49","00:59:50",DM,"I'm a swashbuckler,"
1497,"00:59:50","00:59:50",DM,"though."
1498,"00:59:51","00:59:51",DM,"But you,"
1499,"00:59:51","00:59:51",DM,"uh,"
1500,"00:59:52","00:59:52",DM,"this..."
1501,"00:59:53","00:59:54",DM,"You're not in melee range."
1502,"00:59:54","00:59:54",DM,"Yeah,"
1503,"00:59:55","00:59:55",DM,"that's only in melee."
1504,"00:59:56","00:59:57",Delmar,"Oh,"
1505,"00:59:57","00:59:57",Delmar,"okay."
1506,"00:59:57","00:59:59",Delmar,"I shoot him for seven,"
1507,"00:59:59","01:00:02",Delmar,"and I don't think I can do anything else with the pistol."
1508,"01:00:02","01:00:03",Delmar,"Yeah,"
1509,"01:00:03","01:00:03",Delmar,"okay."
1510,"01:00:04","01:00:05",Delmar,"Unless it's..."
1511,"01:00:05","01:00:06",Delmar,"I'm gonna double-check your thing,"
1512,"01:00:06","01:00:08",Delmar,"but I don't think you had any added effects."
1513,"01:00:09","01:00:10",Speaker 1,"Um..."
1514,"01:00:10","01:00:12",Delmar,"I do not remember what the problem is."
1515,"01:00:16","01:00:16",Delmar,"Oh,"
1516,"01:00:16","01:00:16",Delmar,"Vex!"
1517,"01:00:17","01:00:17",Delmar,"Oh!"
1518,"01:00:17","01:00:20",Delmar,"If you hit a creature with this weapon and deal damage to the creature,"
1519,"01:00:20","01:00:23",Delmar,"you have advantage in your next attack roll against the creature group or the end of your next turn."
1520,"01:00:24","01:00:24",Delmar,"So,"
1521,"01:00:26","01:00:27",Delmar,"I'm assuming that only affects me,"
1522,"01:00:27","01:00:27",Delmar,"so yeah."
1523,"01:00:28","01:00:30",Delmar,"I have advantage on attack rolls next turn."
1524,"01:00:30","01:00:30",Delmar,"Okay,"
1525,"01:00:31","01:00:32",Delmar,"and six damage?"
1526,"01:00:33","01:00:34",Speaker 1,"No,"
1527,"01:00:34","01:00:34",Speaker 1,"12."
1528,"01:00:34","01:00:34",Speaker 1,"12."
1529,"01:00:37","01:00:37",DM,"12?"
1530,"01:00:37","01:00:38",DM,"Alright."
1531,"01:00:39","01:00:40",DM,"Yeah."
1532,"01:00:41","01:00:42",DM,"Who's that one knocked down right there in front?"
1533,"01:00:43","01:00:44",DM,"That would be..."
1534,"01:00:46","01:00:46",DM,"You're in range."
1535,"01:00:47","01:00:49",DM,"We'll get that when you get to your turn."
1536,"01:00:49","01:00:50",DM,"Um,"
1537,"01:00:50","01:00:50",Speaker 1,"alright."
1538,"01:00:51","01:00:52",Speaker 1,"Um,"
1539,"01:00:52","01:00:56",DM,"O-Tar's gonna use a legendary action as you fly by."
1540,"01:00:56","01:00:57",DM,"Is that it for your turn?"
1541,"01:00:58","01:00:58",Delmar,"Yes,"
1542,"01:00:58","01:00:59",Delmar,"that's it."
1543,"01:00:59","01:00:59",Delmar,"That's my movement,"
1544,"01:00:59","01:00:59",Delmar,"action,"
1545,"01:01:00","01:01:00",Delmar,"bonus action."
1546,"01:01:00","01:01:04",DM,"It's gonna use a legendary action after your turn to do a,"
1547,"01:01:04","01:01:05",DM,"uh,"
1548,"01:01:05","01:01:06",DM,"tongue lash towards you."
1549,"01:01:07","01:01:07",DM,"Because,"
1550,"01:01:07","01:01:07",DM,"uh,"
1551,"01:01:07","01:01:08",DM,"you shot at it."
1552,"01:01:09","01:01:09",Speaker 1,"Um."
1553,"01:01:14","01:01:15",Speaker 1,"Stuck in here."
1554,"01:01:16","01:01:17",DM,"Dirty 20 hit."
1555,"01:01:17","01:01:18",DM,"Yes."
1556,"01:01:18","01:01:18",DM,"Yeah."
1557,"01:01:19","01:01:19",DM,"All right."
1558,"01:01:21","01:01:21",DM,"Eleven."
1559,"01:01:21","01:01:21",DM,"Yeah."
1560,"01:01:22","01:01:23",DM,"Eleven bludgeoning damage."
1561,"01:01:24","01:01:24",DM,"Oof."
1562,"01:01:24","01:01:32",DM,"And you must succeed on DC 16 strength save or be pulled 35 feet towards Otar and grapple."
1563,"01:01:32","01:01:36",Delmar,"So this is my first chance I will ever get to say and use Uncanny Dodge."
1564,"01:01:37","01:01:38",Delmar,"How does that work?"
1565,"01:01:39","01:01:40",Delmar,"Because it is an attack."
1566,"01:01:40","01:01:44",DM,"So you use your reaction and you take half damage."
1567,"01:01:44","01:01:45",DM,"It's automatic."
1568,"01:01:45","01:01:45",DM,"Okay."
1569,"01:01:46","01:01:46",DM,"You can only use it once."
1570,"01:01:46","01:01:47",DM,"Mm-hmm."
1571,"01:01:51","01:01:52",DM,"Uncanny Dodge again?"
1572,"01:01:52","01:01:54",Crissdalynn,"Uncanny Dodge is you just take half damage."
1573,"01:01:54","01:01:55",DM,"It auto-haves."
1574,"01:01:56","01:01:58",DM,"But is it on deck saves?"
1575,"01:01:59","01:02:00",DM,"It's on physical damage from attacks."
1576,"01:02:01","01:02:01",DM,"Oh,"
1577,"01:02:01","01:02:01",DM,"perfect."
1578,"01:02:02","01:02:04",DM,"And it costs the reaction."
1579,"01:02:04","01:02:06",DM,"And does it have any effect on being grappled?"
1580,"01:02:07","01:02:07",Speaker 1,"No."
1581,"01:02:07","01:02:08",Delmar,"It almost."
1582,"01:02:08","01:02:08",Delmar,"Okay."
1583,"01:02:09","01:02:11",Delmar,"It was a deck save,"
1584,"01:02:11","01:02:12",Delmar,"so that's 13."
1585,"01:02:12","01:02:13",Delmar,"Oh my god,"
1586,"01:02:13","01:02:13",Delmar,"it's up to 8 now."
1587,"01:02:14","01:02:15",Delmar,"So you don't take half damage,"
1588,"01:02:15","01:02:18",DM,"but you do still have to make the save."
1589,"01:02:18","01:02:19",DM,"Is it dex or strength?"
1590,"01:02:20","01:02:20",DM,"It is strength."
1591,"01:02:21","01:02:21",Speaker 1,"Oh."
1592,"01:02:22","01:02:22",DM,"For grapple,"
1593,"01:02:22","01:02:23",DM,"you can use acrobatics."
1594,"01:02:23","01:02:23",DM,"Actually,"
1595,"01:02:23","01:02:24",DM,"I would generally have supposed to,"
1596,"01:02:24","01:02:25",DM,"yeah,"
1597,"01:02:25","01:02:26",DM,"strength or dex."
1598,"01:02:26","01:02:26",DM,"Yeah,"
1599,"01:02:26","01:02:28",DM,"I'll let you use both on here."
1600,"01:02:28","01:02:29",DM,"I have it written down as strength,"
1601,"01:02:29","01:02:30",DM,"but that's,"
1602,"01:02:30","01:02:30",DM,"yeah,"
1603,"01:02:30","01:02:30",DM,"totally."
1604,"01:02:31","01:02:31",DM,"Oh,"
1605,"01:02:31","01:02:31",DM,"I could use dex?"
1606,"01:02:32","01:02:32",Speaker 1,"Yeah."
1607,"01:02:32","01:02:32",Speaker 1,"Oh,"
1608,"01:02:32","01:02:33",Delmar,"then I'd definitely make it."
1609,"01:02:34","01:02:35",Delmar,"That's 14 plus 8."
1610,"01:02:36","01:02:37",Delmar,"Or wait,"
1611,"01:02:37","01:02:37",Delmar,"no."
1612,"01:02:37","01:02:37",Delmar,"Yeah,"
1613,"01:02:37","01:02:37",DM,"yeah,"
1614,"01:02:37","01:02:38",DM,"use this one."
1615,"01:02:38","01:02:38",DM,"Yeah,"
1616,"01:02:38","01:02:39",DM,"14 plus 8."
1617,"01:02:39","01:02:40",DM,"Okay,"
1618,"01:02:40","01:02:40",DM,"yeah."
1619,"01:02:40","01:02:41",DM,"So,"
1620,"01:02:41","01:02:41",DM,"yeah,"
1621,"01:02:41","01:02:43",DM,"you're able to dodge past the tongue."
1622,"01:02:44","01:02:45",DM,"I did hit you,"
1623,"01:02:45","01:02:46",DM,"but you are not grappled."
1624,"01:02:46","01:02:46",DM,"Yeah,"
1625,"01:02:46","01:02:48",DM,"the tongue hits you,"
1626,"01:02:48","01:02:51",DM,"and you're able to pull it off at the last moment before it pulls you in."
1627,"01:02:52","01:02:52",DM,"Thank goodness."
1628,"01:02:53","01:02:54",Speaker 1,"That's a legendary action."
1629,"01:02:55","01:02:57",Delmar,"So that would have been 11,"
1630,"01:02:57","01:02:58",Delmar,"but I have it."
1631,"01:02:59","01:03:00",Crissdalynn,"It rounds up."
1632,"01:03:01","01:03:01",Delmar,"Right."
1633,"01:03:01","01:03:02",Delmar,"So it would have been six."
1634,"01:03:03","01:03:05",Delmar,"But then the Uncanny Dodge takes that down to three."
1635,"01:03:06","01:03:07",Crissdalynn,"No,"
1636,"01:03:07","01:03:08",Crissdalynn,"it's half damage."
1637,"01:03:08","01:03:09",Delmar,"It's just half damage."
1638,"01:03:09","01:03:09",Delmar,"Okay."
1639,"01:03:09","01:03:10",Delmar,"The deck save did..."
1640,"01:03:10","01:03:10",Delmar,"Oh,"
1641,"01:03:10","01:03:12",Delmar,"the deck save was just for the grapple."
1642,"01:03:12","01:03:12",Delmar,"All right,"
1643,"01:03:13","01:03:13",Delmar,"I got you."
1644,"01:03:13","01:03:13",Delmar,"All right,"
1645,"01:03:13","01:03:14",Delmar,"so I take six."
1646,"01:03:14","01:03:14",Delmar,"Thank you."
1647,"01:03:15","01:03:15",DM,"Catarina,"
1648,"01:03:15","01:03:16",DM,"you're up."
1649,"01:03:16","01:03:17",DM,"And then..."
1650,"01:03:18","01:03:18",DM,"Okay."
1651,"01:03:20","01:03:21",Speaker 1,"Ready?"
1652,"01:03:21","01:03:21",Speaker 1,"Yep."
1653,"01:03:22","01:03:22",Catarina,"So,"
1654,"01:03:23","01:03:23",Catarina,"after seeing that,"
1655,"01:03:23","01:03:24",Catarina,"do I have an..."
1656,"01:03:24","01:03:25",Catarina,"I know I'm prone."
1657,"01:03:26","01:03:29",Catarina,"Would I have an advantage if he has got his attention on..."
1658,"01:03:30","01:03:30",Speaker 1,"Where are you going?"
1659,"01:03:31","01:03:32",Catarina,"I'm directly behind him."
1660,"01:03:32","01:03:33",DM,"Oh,"
1661,"01:03:33","01:03:33",DM,"yeah."
1662,"01:03:33","01:03:33",DM,"Yeah."
1663,"01:03:33","01:03:34",DM,"He has no idea you're there,"
1664,"01:03:34","01:03:35",DM,"I would say."
1665,"01:03:35","01:03:35",DM,"Okay."
1666,"01:03:36","01:03:36",DM,"So,"
1667,"01:03:36","01:03:36",DM,"I'm going to..."
1668,"01:03:36","01:03:36",DM,"Oh,"
1669,"01:03:36","01:03:37",DM,"however,"
1670,"01:03:37","01:03:40",DM,"you are within range."
1671,"01:03:41","01:03:41",DM,"So,"
1672,"01:03:41","01:03:42",DM,"unfortunately..."
1673,"01:03:42","01:03:42",DM,"Okay."
1674,"01:03:43","01:03:49",DM,"There is a 10-foot radius of noxious fumes leaking off O-Tar."
1675,"01:03:49","01:03:50",DM,"Every leaking,"
1676,"01:03:50","01:03:58",DM,"open sore and wound on his body seems to be off-gassing this yellowish-green miasma."
1677,"01:03:59","01:03:59",DM,"Okay."
1678,"01:03:59","01:04:03",DM,"Anyone who starts their turn within 10 feet of him..."
1679,"01:04:04","01:04:07",Speaker 1,"I do know what I'm saying."
1680,"01:04:07","01:04:08",DM,"...by poison damage."
1681,"01:04:08","01:04:09",Speaker 1,"Just automatic?"
1682,"01:04:09","01:04:14",Crissdalynn,"Can wind blow it away?"
1683,"01:04:16","01:04:16",Speaker 1,"Maybe."
1684,"01:04:18","01:04:18",Speaker 1,"I mean,"
1685,"01:04:18","01:04:19",Speaker 1,"it's just gas."
1686,"01:04:20","01:04:21",DM,"Not gas."
1687,"01:04:24","01:04:25",DM,"And now it's Rupert."
1688,"01:04:26","01:04:30",Catarina,"So I'm going to see him and mutter out of my mouth,"
1689,"01:04:30","01:04:31",Catarina,"Tito,"
1690,"01:04:31","01:04:31",Catarina,"attention,"
1691,"01:04:32","01:04:32",Catarina,"attention!"
1692,"01:04:33","01:04:35",Catarina,"Kind of like seeing some of these things scurrying."
1693,"01:04:36","01:04:37",Catarina,"Anyone that's up top,"
1694,"01:04:37","01:04:39",Catarina,"I don't know how much of the skyline that we see,"
1695,"01:04:39","01:05:12",Catarina,"the streets uh but katerina's immediately uh uh try not to show a level of panic but she is immediately drawn to uh her her town and and the dangers of that life from that she's going she i imagine she's kind of just like after she she tried to grab this thing before it reached the thing and that's just how it happened she's back on her feet and as she's seeing and assessing all this in the awful smell she's going to take a little contraption that is on her gauntlet on the side it has a bit of a"
1696,"01:05:12","01:05:31",Catarina,"stativeness to it um and she's going to i'm holding my the continuum time it's just me reminding myself what it is i want to say sorry i should have said take this and uh you just see her kind of just jam something into the ground uh in front of her not really having to get up from her position."
1697,"01:05:33","01:05:33",Catarina,"She's going to do that,"
1698,"01:05:34","01:05:37",Catarina,"and it's going to be a casting thunder wave."
1699,"01:05:37","01:05:37",Speaker 1,"Nice."
1700,"01:05:38","01:05:42",Catarina,"With that as my bonus action,"
1701,"01:05:42","01:05:53",Catarina,"I'm going to use my boots of winding and go 15 feet back to a point that I have been at."
1702,"01:05:54","01:05:55",Delmar,"I know I was around here."
1703,"01:05:55","01:05:56",Delmar,"I don't remember where you were."
1704,"01:05:56","01:05:57",Catarina,"I've been around here."
1705,"01:05:58","01:05:58",Catarina,"So back there,"
1706,"01:05:58","01:06:00",Delmar,"I'm going to wedge the corner and then work your way towards the other."
1707,"01:06:01","01:06:04",Catarina,"I guess it would take technically movement speed,"
1708,"01:06:04","01:06:06",Catarina,"but I'm using 15 feet of my boots to get me up."
1709,"01:06:06","01:06:07",Catarina,"Oh,"
1710,"01:06:07","01:06:07",Speaker 1,"we don't know yet."
1711,"01:06:08","01:06:10",DM,"They're going to put all the loose things."
1712,"01:06:11","01:06:12",Catarina,"I don't know."
1713,"01:06:12","01:06:13",Catarina,"This was,"
1714,"01:06:13","01:06:16",Catarina,"were they described that they were crawling out?"
1715,"01:06:16","01:06:16",Speaker 1,"Yeah."
1716,"01:06:16","01:06:17",Catarina,"Like on the,"
1717,"01:06:17","01:06:19",Catarina,"where they're crawling out of the rubble,"
1718,"01:06:19","01:06:21",DM,"they're crawling towards the people."
1719,"01:06:22","01:06:22",Catarina,"They're up top."
1720,"01:06:23","01:06:24",Catarina,"They're not where we are right now."
1721,"01:06:24","01:06:24",Catarina,"So those are just,"
1722,"01:06:25","01:06:26",Catarina,"they're not actually there."
1723,"01:06:26","01:06:26",DM,"Yeah,"
1724,"01:06:26","01:06:27",DM,"they're out there."
1725,"01:06:27","01:06:28",DM,"There are just one or about,"
1726,"01:06:28","01:06:28",DM,"yeah."
1727,"01:06:29","01:06:29",DM,"Cool."
1728,"01:06:30","01:06:31",Speaker 1,"Or five of them."
1729,"01:06:33","01:06:33",DM,"Five?"
1730,"01:06:33","01:06:33",DM,"Oh."
1731,"01:06:34","01:06:34",DM,"Yeah."
1732,"01:06:34","01:06:34",DM,"Oh,"
1733,"01:06:34","01:06:34",DM,"that's fine."
1734,"01:06:34","01:06:35",DM,"So you can just see,"
1735,"01:06:35","01:06:35",DM,"like,"
1736,"01:06:35","01:06:45",Catarina,"a contraction detonating and a burst of electricity coming out from that gear that I've planted directly behind this foul thing."
1737,"01:06:46","01:06:48",Catarina,"It's going to need to make a save."
1738,"01:06:49","01:06:49",Catarina,"Okay."
1739,"01:06:49","01:06:50",Catarina,"Of..."
1740,"01:06:54","01:06:54",Catarina,"Oh,"
1741,"01:06:55","01:06:55",Catarina,"wait."
1742,"01:06:55","01:06:55",Catarina,"No,"
1743,"01:06:55","01:06:56",Catarina,"hang on."
1744,"01:06:56","01:06:57",Catarina,"Maybe I'm making the wrong one?"
1745,"01:07:02","01:07:02",DM,"Oh,"
1746,"01:07:02","01:07:03",DM,"this music sucks."
1747,"01:07:03","01:07:03",DM,"Kater,"
1748,"01:07:03","01:07:05",DM,"do you mind being the music person?"
1749,"01:07:06","01:07:06",DM,"Yeah."
1750,"01:07:08","01:07:09",Speaker 1,"What was your hand?"
1751,"01:07:09","01:07:10",Crissdalynn,"I was going to say,"
1752,"01:07:10","01:07:12",Crissdalynn,"she was shouting at the people up on the street."
1753,"01:07:13","01:07:16",Crissdalynn,"We had determined last session that it is just dawn."
1754,"01:07:17","01:07:17",Speaker 1,"Yeah."
1755,"01:07:18","01:07:19",Crissdalynn,"So we may not have a lot of people up there."
1756,"01:07:20","01:07:20",DM,"Yeah,"
1757,"01:07:20","01:07:22",DM,"I'd forget a point."
1758,"01:07:23","01:07:26",Catarina,"So it needs to make a constitution saving throw of 17."
1759,"01:07:27","01:07:27",DM,"Okay,"
1760,"01:07:27","01:07:30",DM,"I got a 16 plus,"
1761,"01:07:30","01:07:31",DM,"what's my Thund..."
1762,"01:07:31","01:07:31",DM,"Oh!"
1763,"01:07:31","01:07:32",DM,"That does it,"
1764,"01:07:32","01:07:32",DM,"18."
1765,"01:07:33","01:07:37",Catarina,"It will still take thunder damage despite the save."
1766,"01:07:37","01:07:38",DM,"And it's that one..."
1767,"01:07:40","01:07:44",Catarina,"But it is not pushed 10 feet away from me because it's less successful."
1768,"01:07:44","01:07:46",Catarina,"And I do not pull my damage."
1769,"01:07:46","01:07:47",Crissdalynn,"Not just being towards."
1770,"01:07:48","01:07:48",Crissdalynn,"Yeah,"
1771,"01:07:48","01:07:49",DM,"and so you're..."
1772,"01:07:50","01:07:51",DM,"Wait,"
1773,"01:07:51","01:07:51",DM,"who are you again?"
1774,"01:07:51","01:07:52",DM,"Where are you?"
1775,"01:07:52","01:07:53",DM,"I am right here now."
1776,"01:07:53","01:07:53",DM,"Okay,"
1777,"01:07:53","01:07:53",DM,"yeah."
1778,"01:07:53","01:07:59",Catarina,"So I'm just getting my dice and then I get the correct ones."
1779,"01:08:02","01:08:10",Catarina,"So that's going to be nine points of thunder damage but that is going to be so four or five,"
1780,"01:08:10","01:08:12",Catarina,"I don't know if you round up or down,"
1781,"01:08:12","01:08:13",Catarina,"of thunder damage."
1782,"01:08:14","01:08:14",Speaker 1,"Okay,"
1783,"01:08:14","01:08:15",Speaker 1,"alright."
1784,"01:08:16","01:08:16",DM,"Yeah,"
1785,"01:08:16","01:08:18",DM,"it seems to kind of just..."
1786,"01:08:18","01:08:19",DM,"In addition,"
1787,"01:08:20","01:08:32",Catarina,"in secured objects that are completely within the area effect are automatically pushed 10 feet away from you by the spell's effect and the spell emits a thunderous boom audible out to 300 feet."
1788,"01:08:33","01:08:33",Catarina,"Boom!"
1789,"01:08:34","01:08:41",Catarina,"Like I didn't know if there was creature coming through so everything is going to be pushed back 10 feet from..."
1790,"01:08:41","01:08:42",DM,"No,"
1791,"01:08:42","01:08:42",Catarina,"my chair!"
1792,"01:08:43","01:08:49",DM,"There's just a thundering echo-ish boom that you can hear echoing through out the..."
1793,"01:08:50","01:08:50",DM,"What's the range on that?"
1794,"01:08:52","01:08:55",Catarina,"So I think he's up top Right?"
1795,"01:08:55","01:08:55",Catarina,"No,"
1796,"01:08:55","01:08:55",Catarina,"no,"
1797,"01:08:55","01:09:01",DM,"they're on the ground Down here They're making their way towards Oh,"
1798,"01:09:01","01:09:05",Catarina,"I thought they were already Clalled up in the streets That's what I was verifying No,"
1799,"01:09:05","01:09:05",Delmar,"no,"
1800,"01:09:05","01:09:09",Delmar,"no Just down with us But try and work its way up to the streets Yeah,"
1801,"01:09:09","01:09:10",Catarina,"you're in a Oh Okay,"
1802,"01:09:11","01:09:12",Catarina,"so it is still there Yeah,"
1803,"01:09:12","01:09:15",DM,"you can get What's the range on this level?"
1804,"01:09:15","01:09:22",DM,"I was going to say like 5 foot I was going to say I was like If it's 15 or higher You get both Yeah Look at my spell again."
1805,"01:09:22","01:09:23",DM,"It's 5 or 10,"
1806,"01:09:23","01:09:23",DM,"probably."
1807,"01:09:24","01:09:28",Catarina,"It's whatever is 15 feet radius of what was by me."
1808,"01:09:28","01:09:31",Catarina,"So if anything else would need to make the con save,"
1809,"01:09:32","01:09:32",Catarina,"I'm 17."
1810,"01:09:33","01:09:33",DM,"That's good."
1811,"01:09:33","01:09:36",DM,"So the other one needs to make it 6."
1812,"01:09:36","01:09:37",DM,"That one fails."
1813,"01:09:37","01:09:43",Catarina,"So he would have taken the full 9 points of thunder damage and would have been pushed back the 10 feet."
1814,"01:09:45","01:09:46",Catarina,"So I guess that's an additional."
1815,"01:09:47","01:09:49",Catarina,"They're just really stuck to the wall."
1816,"01:09:50","01:09:50",DM,"Yeah,"
1817,"01:09:50","01:09:52",DM,"he's kind of launched backwards in the rubble."
1818,"01:09:54","01:09:59",DM,"Imagine like a crater of rubble and dirt and stuff like that."
1819,"01:09:59","01:10:00",DM,"Yeah."
1820,"01:10:00","01:10:00",Speaker 1,"Okay."
1821,"01:10:01","01:10:02",Speaker 1,"I'm not sure."
1822,"01:10:02","01:10:02",Catarina,"Yeah,"
1823,"01:10:03","01:10:03",Catarina,"no,"
1824,"01:10:03","01:10:03",Catarina,"no,"
1825,"01:10:03","01:10:03",Catarina,"you're good."
1826,"01:10:04","01:10:04",Catarina,"Just clarifying."
1827,"01:10:06","01:10:06",Speaker 1,"Okay."
1828,"01:10:06","01:10:07",DM,"Yeah,"
1829,"01:10:07","01:10:08",DM,"you still have your bonus action,"
1830,"01:10:08","01:10:09",DM,"yeah?"
1831,"01:10:09","01:10:12",Catarina,"So I have my good friend."
1832,"01:10:13","01:10:14",Catarina,"I use my whining boots for me,"
1833,"01:10:15","01:10:18",Catarina,"but my bird does go directly immediately after me."
1834,"01:10:18","01:10:19",Catarina,"I forgot about your bird."
1835,"01:10:20","01:10:20",Catarina,"So my birdie here."
1836,"01:10:23","01:10:26",Catarina,"So you guys are all relatively full health from the,"
1837,"01:10:27","01:10:28",Catarina,"from like we were given a long rest."
1838,"01:10:28","01:10:29",Catarina,"Is that what?"
1839,"01:10:30","01:10:31",DM,"Entirely full minus four."
1840,"01:10:32","01:10:32",Speaker 1,"Yeah."
1841,"01:10:33","01:10:33",Catarina,"Minus four."
1842,"01:10:33","01:10:34",Catarina,"That's right."
1843,"01:10:34","01:10:34",Catarina,"Okay."
1844,"01:10:34","01:10:35",Delmar,"Yeah."
1845,"01:10:35","01:10:36",Delmar,"I'm at 30 or 38."
1846,"01:10:37","01:10:40",Delmar,"Blast damage and then tongue damage."
1847,"01:10:41","01:10:41",Delmar,"Tongue damage."
1848,"01:10:42","01:10:42",Delmar,"Tongue damage."
1849,"01:10:44","01:10:45",DM,"Title your sex tape."
1850,"01:10:46","01:10:46",Speaker 1,"Basically."
1851,"01:10:48","01:10:50",DM,"I need that out of context."
1852,"01:10:55","01:10:56",Delmar,"How was your Friday night?"
1853,"01:10:56","01:10:59",Delmar,"I took some blast damage and some tongue damage."
1854,"01:11:01","01:11:04",Catarina,"So this one is still up."
1855,"01:11:04","01:11:06",Catarina,"Are they in our vision?"
1856,"01:11:07","01:11:07",Catarina,"Like,"
1857,"01:11:07","01:11:08",Catarina,"to see?"
1858,"01:11:08","01:11:11",Catarina,"My bird can see in dark vision if it was."
1859,"01:11:11","01:11:12",DM,"It's morning."
1860,"01:11:12","01:11:13",DM,"It's basically dawn."
1861,"01:11:14","01:11:17",Catarina,"So he is going to go over and fly to zap this thing."
1862,"01:11:18","01:11:18",Catarina,"fucking grass."
1863,"01:11:19","01:11:19",Speaker 1,"Alright."
1864,"01:11:21","01:11:21",DM,"We're done."
1865,"01:11:24","01:11:28",Catarina,"His trusty little stick he's so proud of."
1866,"01:11:28","01:11:29",Catarina,"Go get him,"
1867,"01:11:29","01:11:29",Catarina,"Strix!"
1868,"01:11:30","01:11:30",Speaker 1,"Get him!"
1869,"01:11:38","01:11:39",Speaker 4,"Fifteen hit?"
1870,"01:11:40","01:11:41",Speaker 7,"Just a second."
1871,"01:11:42","01:11:42",Speaker 7,"I believe it does."
1872,"01:11:44","01:11:44",Speaker 7,"Yes,"
1873,"01:11:44","01:11:44",Speaker 7,"it does."
1874,"01:11:44","01:11:45",Speaker 7,"Okay."
1875,"01:11:46","01:11:49",Speaker 7,"I like this,"
1876,"01:11:49","01:11:49",Speaker 7,"though,"
1877,"01:11:49","01:11:50",Catarina,"whatever this is."
1878,"01:11:50","01:11:51",Catarina,"I like it,"
1879,"01:11:51","01:11:53",Delmar,"but this sounds like a baby."
1880,"01:11:56","01:11:58",Catarina,"Ten points of..."
1881,"01:11:58","01:11:59",Delmar,"When the mobster baby is just crying."
1882,"01:12:00","01:12:01",Delmar,"Ten points of..."
1883,"01:12:02","01:12:03",Catarina,"And he,"
1884,"01:12:04","01:12:05",Catarina,"on his next turn,"
1885,"01:12:05","01:12:09",Catarina,"cannot make opportunity attacks until the start of its next turn."
1886,"01:12:09","01:12:09",DM,"Okay."
1887,"01:12:10","01:12:12",DM,"That one's looking pretty crispy and rough."
1888,"01:12:13","01:12:13",Catarina,"Zaxxon,"
1889,"01:12:13","01:12:14",Catarina,"what is..."
1890,"01:12:14","01:12:15",Catarina,"It's still alive."
1891,"01:12:15","01:12:17",Catarina,"So what is it that my bird's seeing?"
1892,"01:12:17","01:12:17",Catarina,"Like,"
1893,"01:12:17","01:12:18",Catarina,"what are these?"
1894,"01:12:18","01:12:20",DM,"As your bird sits on it,"
1895,"01:12:20","01:12:23",DM,"you look at it,"
1896,"01:12:23","01:12:24",DM,"and this thing,"
1897,"01:12:24","01:12:31",DM,"the little squirmy leeches you've originally seen moving away from Otar in the explosion,"
1898,"01:12:32","01:12:33",DM,"at some point,"
1899,"01:12:33","01:12:35",DM,"this has started to look more human."
1900,"01:12:37","01:12:43",DM,"You get the impression that this might have eaten someone."
1901,"01:12:44","01:12:44",DM,"Oh."
1902,"01:12:45","01:12:47",DM,"And this might have originally been a human,"
1903,"01:12:47","01:12:49",DM,"and it's been..."
1904,"01:12:50","01:12:50",Speaker 1,"Okay."
1905,"01:12:51","01:12:52",Catarina,"With that,"
1906,"01:12:52","01:12:52",Catarina,"though,"
1907,"01:12:52","01:12:53",Catarina,"in mind,"
1908,"01:12:53","01:12:54",Catarina,"because it's a long rest,"
1909,"01:12:54","01:12:57",Catarina,"I do have my Ragnito is going to be..."
1910,"01:12:57","01:13:00",Catarina,"You're going to see that he's going to be coming from his..."
1911,"01:13:01","01:13:02",Catarina,"Just some sparks,"
1912,"01:13:03","01:13:04",Catarina,"and him like..."
1913,"01:13:05","01:13:05",Catarina,"You know,"
1914,"01:13:05","01:13:06",Catarina,"left that leg,"
1915,"01:13:07","01:13:07",Catarina,"this,"
1916,"01:13:07","01:13:07",Catarina,"this,"
1917,"01:13:07","01:13:07",Catarina,"this,"
1918,"01:13:08","01:13:11",Catarina,"and kind of like trying to slowly reprogram itself."
1919,"01:13:12","01:13:14",Catarina,"But that's going to be all that it does."
1920,"01:13:15","01:13:16",Catarina,"Yeah."
1921,"01:13:18","01:13:18",Speaker 1,"Yeah."
1922,"01:13:19","01:13:20",Speaker 1,"So,"
1923,"01:13:20","01:13:22",DM,"I guess that's my turn."
1924,"01:13:22","01:13:23",DM,"That's my turn."
1925,"01:13:23","01:13:23",DM,"Yeah,"
1926,"01:13:24","01:13:24",DM,"my turn."
1927,"01:13:26","01:13:27",DM,"Let's see here."
1928,"01:13:28","01:13:29",DM,"There's Lair,"
1929,"01:13:29","01:13:31",DM,"and she's talking around."
1930,"01:13:31","01:13:33",DM,"Next one up is number two."
1931,"01:13:34","01:13:34",DM,"But then,"
1932,"01:13:34","01:13:36",DM,"before we started talking about this,"
1933,"01:13:38","01:13:39",DM,"it's so much better."
1934,"01:13:39","01:13:40",DM,"I mean,"
1935,"01:13:40","01:13:41",DM,"J.C.'s pretty peak."
1936,"01:13:42","01:13:43",DM,"You can't get much better than that."
1937,"01:13:43","01:13:43",DM,"So,"
1938,"01:13:43","01:13:44",DM,"yeah."
1939,"01:13:45","01:13:46",DM,"Number four."
1940,"01:13:48","01:13:52",DM,"You guys hear from the distance a scream from the crowd."
1941,"01:13:53","01:13:59",DM,"Someone early who'd gone to the morning early and gotten trapped in the explosion in the rubble."
1942,"01:14:00","01:14:01",DM,"Oh my god!"
1943,"01:14:01","01:14:12",DM,"And then the sound of bone crunching and breaking before this one is now Oh,"
1944,"01:14:13","01:14:13",DM,"shit."
1945,"01:14:14","01:14:17",DM,"This is where these are coming from."
1946,"01:14:17","01:14:22",DM,"They're like chest bursters."
1947,"01:14:22","01:14:23",DM,"Oh!"
1948,"01:14:24","01:14:24",DM,"Yeah."
1949,"01:14:26","01:14:30",DM,"So it's going to use its actions to..."
1950,"01:14:34","01:14:35",DM,"Actually,"
1951,"01:14:37","01:14:42",DM,"I'm just going to assume there's it's early in the morning."
1952,"01:14:42","01:14:43",Speaker 1,"What are you assuming?"
1953,"01:14:44","01:14:45",DM,"If it's a 10 or higher,"
1954,"01:14:46","01:14:48",DM,"there are some people in the market."
1955,"01:14:50","01:14:51",DM,"Oh,"
1956,"01:14:51","01:14:51",DM,"yeah."
1957,"01:14:52","01:14:53",DM,"It's going for the crowds."
1958,"01:14:53","01:14:55",DM,"It's not going for you guys."
1959,"01:14:55","01:14:56",DM,"It's going for the crowds."
1960,"01:14:56","01:14:59",DM,"So it's going to just..."
1961,"01:14:59","01:15:02",DM,"The crowds immediately begin dispersing their..."
1962,"01:15:03","01:15:03",DM,"Yeah."
1963,"01:15:03","01:15:04",DM,"Yeah."
1964,"01:15:08","01:15:10",DM,"At first you hear a couple people in the crowd,"
1965,"01:15:11","01:15:13",DM,"""It looks so real!"" before crunch."
1966,"01:15:13","01:15:13",DM,"Oh yeah,"
1967,"01:15:13","01:15:14",DM,"the prank thing."
1968,"01:15:14","01:15:15",DM,"Oh,"
1969,"01:15:15","01:15:15",DM,"shoot."
1970,"01:15:16","01:15:19",DM,"And then the screaming starts."
1971,"01:15:19","01:15:19",DM,"""Mr."
1972,"01:15:19","01:15:19",DM,"Kemp,"
1973,"01:15:19","01:15:22",DM,"it's just a prank!"" It's like a serial killer on Halloween."
1974,"01:15:22","01:15:22",DM,"""Mr."
1975,"01:15:23","01:15:23",DM,"Kemp!"" ""Oh,"
1976,"01:15:23","01:15:27",DM,"this is perfect!"" ""It's just a prank!"" I can't believe Paizel here,"
1977,"01:15:27","01:15:28",Crissdalynn,"because he's still in town."
1978,"01:15:28","01:15:28",DM,"Yeah,"
1979,"01:15:28","01:15:29",DM,"that person's dead."
1980,"01:15:29","01:15:30",DM,"Okay,"
1981,"01:15:30","01:15:31",DM,"that slot is,"
1982,"01:15:32","01:15:33",DM,"yeah,"
1983,"01:15:33","01:15:34",DM,"spending his action eating that person."
1984,"01:15:36","01:15:38",DM,"What color slugs are these?"
1985,"01:15:39","01:15:40",DM,"These are little red slugs."
1986,"01:15:40","01:15:45",DM,"They look like tiny little versions of a motar himself."
1987,"01:15:46","01:15:47",DM,"He's spawning."
1988,"01:15:49","01:15:49",DM,"Kisselin,"
1989,"01:15:50","01:15:50",DM,"you're up."
1990,"01:15:50","01:15:51",Crissdalynn,"Okay,"
1991,"01:15:51","01:15:52",Crissdalynn,"well I'm already up."
1992,"01:15:52","01:15:55",Crissdalynn,"I'm going to draw my quarterstaff and just have that."
1993,"01:15:55","01:15:56",Crissdalynn,"That's how it works."
1994,"01:15:58","01:16:00",Crissdalynn,"And as my bonus action,"
1995,"01:16:00","01:16:02",Crissdalynn,"I'm going to activate my tattoo."
1996,"01:16:03","01:16:17",Crissdalynn,"My tattoo gives me plus one to bonus and damage which I didn't know until just this moment But now I have a range of 15 feet to go and I get an additional 1d6 Because I have two mighty mighty strikes."
1997,"01:16:17","01:16:27",Crissdalynn,"I'm gonna make sure I am 15 feet from this person what we thought That's 15 feet right?"
1998,"01:16:27","01:16:34",Crissdalynn,"Yeah Attack one 18 plus You need 16 to hit."
1999,"01:16:34","01:16:35",Crissdalynn,"Okay,"
2000,"01:16:35","01:16:35",Crissdalynn,"well that's fine."
2001,"01:16:36","01:16:37",Crissdalynn,"That's for the quarterstaff."
2002,"01:16:39","01:16:39",Speaker 1,"Okay."
2003,"01:16:41","01:16:41",Crissdalynn,"Wait a sec,"
2004,"01:16:41","01:16:42",Crissdalynn,"hold on,"
2005,"01:16:42","01:16:44",Crissdalynn,"maybe I need to read something really fast."
2006,"01:16:44","01:16:45",Crissdalynn,"Is it for the quarterstaff,"
2007,"01:16:45","01:16:47",Crissdalynn,"or am I just holding the quarterstaff?"
2008,"01:16:47","01:16:49",Delmar,"It's probably a giant boss."
2009,"01:16:49","01:16:50",Delmar,"I need to read my other check."
2010,"01:16:52","01:16:54",Delmar,"I'm just going to hold my quarterstaff a little bit."
2011,"01:16:56","01:16:56",Delmar,"I like it."
2012,"01:16:57","01:16:58",Crissdalynn,"It'll make sense in a second."
2013,"01:16:59","01:16:59",Crissdalynn,"Okay,"
2014,"01:16:59","01:17:00",Crissdalynn,"well you are moving towards it."
2015,"01:17:01","01:17:02",Crissdalynn,"I am moving towards it like 15 feet."
2016,"01:17:02","01:17:04",Crissdalynn,"You moved exactly 15 feet away from it."
2017,"01:17:04","01:17:06",Crissdalynn,"I'm 15 feet away from it."
2018,"01:17:06","01:17:07",Crissdalynn,"Okay."
2019,"01:17:08","01:17:10",Crissdalynn,"I'm exactly 15 feet away from it."
2020,"01:17:10","01:17:10",Crissdalynn,"Okay,"
2021,"01:17:10","01:17:12",Crissdalynn,"so I'm going to actually do unarmed strikes."
2022,"01:17:13","01:17:14",Crissdalynn,"I'm not going to use a quarter attack."
2023,"01:17:14","01:17:15",Crissdalynn,"I'm just doing the quarter attack."
2024,"01:17:15","01:17:15",Crissdalynn,"Okay."
2025,"01:17:17","01:17:19",Crissdalynn,"First attack was 18 plus."
2026,"01:17:22","01:17:22",Crissdalynn,"Healing."
2027,"01:17:23","01:17:23",Crissdalynn,"3,"
2028,"01:17:23","01:17:24",Crissdalynn,"4,"
2029,"01:17:24","01:17:24",Crissdalynn,"5,"
2030,"01:17:24","01:17:26",Crissdalynn,"6,"
2031,"01:17:26","01:17:26",Crissdalynn,"7,"
2032,"01:17:26","01:17:26",Crissdalynn,"8,"
2033,"01:17:26","01:17:26",Crissdalynn,"9,"
2034,"01:17:26","01:17:27",Crissdalynn,"10,"
2035,"01:17:27","01:17:29",Crissdalynn,"11 damage for the first hit."
2036,"01:17:29","01:17:29",DM,"Okay."
2037,"01:17:30","01:17:30",DM,"Yeah,"
2038,"01:17:30","01:17:30",DM,"I mean,"
2039,"01:17:31","01:17:31",DM,"yeah,"
2040,"01:17:31","01:17:32",DM,"you totally hit with that one."
2041,"01:17:32","01:17:36",Crissdalynn,"Second attack is 19."
2042,"01:17:37","01:17:38",Speaker 1,"19 hits."
2043,"01:17:38","01:17:38",Crissdalynn,"Okay."
2044,"01:17:39","01:17:39",Crissdalynn,"Second attack,"
2045,"01:17:39","01:17:40",Crissdalynn,"7,"
2046,"01:17:40","01:17:40",Crissdalynn,"8,"
2047,"01:17:40","01:17:40",Crissdalynn,"9,"
2048,"01:17:40","01:17:40",Crissdalynn,"10,"
2049,"01:17:41","01:17:41",Crissdalynn,"11,"
2050,"01:17:41","01:17:41",Crissdalynn,"12,"
2051,"01:17:41","01:17:41",Crissdalynn,"13,"
2052,"01:17:42","01:17:42",Crissdalynn,"14,"
2053,"01:17:42","01:17:42",Crissdalynn,"15,"
2054,"01:17:42","01:17:44",Crissdalynn,"16 damage for the second attack."
2055,"01:17:45","01:17:46",Speaker 1,"Yep."
2056,"01:17:46","01:17:46",Crissdalynn,"Okay."
2057,"01:17:47","01:17:50",Crissdalynn,"Because I have Agile Parry,"
2058,"01:17:50","01:17:52",Crissdalynn,"do you make an unarmed striker spreader your attack action?"
2059,"01:17:52","01:17:53",Crissdalynn,"And you are holding a Kinsey weapon,"
2060,"01:17:54","01:17:54",Crissdalynn,"which is my quarterstack,"
2061,"01:17:54","01:17:55",Crissdalynn,"I encrust you to AC."
2062,"01:17:56","01:17:57",Crissdalynn,"My AC is currently 19."
2063,"01:17:58","01:17:58",Speaker 1,"All right."
2064,"01:17:58","01:17:59",Speaker 1,"For the next round."
2065,"01:17:59","01:17:59",Crissdalynn,"Yep."
2066,"01:17:59","01:18:01",Crissdalynn,"So are you attacking it with your..."
2067,"01:18:01","01:18:03",Crissdalynn,"I'm just holding the quarterstaff."
2068,"01:18:04","01:18:07",Catarina,"I like quarterstaff and then unarmed strike."
2069,"01:18:07","01:18:07",Catarina,"I was like,"
2070,"01:18:07","01:18:07",Catarina,"wait,"
2071,"01:18:08","01:18:08",Catarina,"what?"
2072,"01:18:08","01:18:09",Crissdalynn,"I could use the quarterstaff,"
2073,"01:18:09","01:18:14",Crissdalynn,"but I would lose the d6 because my tattoo only works for unarmed strikes."
2074,"01:18:14","01:18:16",Crissdalynn,"I'm just holding the quarterstaff and just punching it twice."
2075,"01:18:17","01:18:18",Crissdalynn,"I know I'm going to use Fury of Lows."
2076,"01:18:18","01:18:20",Crissdalynn,"It's kind of like one of these and then just..."
2077,"01:18:20","01:18:21",Crissdalynn,"Yeah,"
2078,"01:18:21","01:18:21",Crissdalynn,"pretty much."
2079,"01:18:22","01:18:23",Crissdalynn,"Fury of Lows."
2080,"01:18:25","01:18:26",Crissdalynn,"Flurry of Lows."
2081,"01:18:26","01:18:26",Crissdalynn,"I always say that."
2082,"01:18:27","01:18:28",Crissdalynn,"Oh,"
2083,"01:18:28","01:18:28",Crissdalynn,"no,"
2084,"01:18:28","01:18:29",Crissdalynn,"I used my bonus action."
2085,"01:18:29","01:18:30",DM,"Oh,"
2086,"01:18:30","01:18:30",DM,"yes,"
2087,"01:18:30","01:18:30",DM,"you do."
2088,"01:18:31","01:18:31",DM,"Yeah,"
2089,"01:18:31","01:18:31",DM,"for the..."
2090,"01:18:31","01:18:31",DM,"Right."
2091,"01:18:32","01:18:33",Crissdalynn,"Never mind."
2092,"01:18:33","01:18:34",Crissdalynn,"For activating my tattoo."
2093,"01:18:35","01:18:35",Speaker 1,"Yeah."
2094,"01:18:36","01:18:37",Crissdalynn,"That is where I end my turn."
2095,"01:18:37","01:18:37",DM,"Okay."
2096,"01:18:38","01:18:39",DM,"Did you move when you moved towards them?"
2097,"01:18:40","01:18:40",DM,"Yes."
2098,"01:18:40","01:18:41",DM,"How far did you move?"
2099,"01:18:41","01:18:42",DM,"I know you stopped 50 feet away."
2100,"01:18:42","01:18:42",DM,"It was,"
2101,"01:18:43","01:18:43",DM,"like,"
2102,"01:18:43","01:18:43",DM,"10 feet."
2103,"01:18:43","01:18:44",Crissdalynn,"I moved 10 feet."
2104,"01:18:45","01:18:45",DM,"You only moved 10 feet."
2105,"01:18:45","01:18:46",DM,"I only moved 10 feet."
2106,"01:18:47","01:18:47",DM,"All right."
2107,"01:18:48","01:18:48",DM,"That's..."
2108,"01:18:48","01:18:48",DM,"Okay."
2109,"01:18:49","01:18:50",Speaker 1,"That's not important."
2110,"01:18:51","01:18:52",Crissdalynn,"Sounds like it's important,"
2111,"01:18:52","01:18:52",Crissdalynn,"guys."
2112,"01:18:54","01:18:55",DM,"That's it for your turn?"
2113,"01:18:55","01:18:56",DM,"You know what he says?"
2114,"01:18:56","01:18:57",DM,"That's not important."
2115,"01:18:57","01:18:57",DM,"Like,"
2116,"01:18:57","01:18:58",DM,"I'm pretty sure it is."
2117,"01:18:59","01:18:59",DM,"Um,"
2118,"01:18:59","01:19:03",DM,"Otar's going to use a legendary action."
2119,"01:19:03","01:19:03",DM,"Not good."
2120,"01:19:03","01:19:06",DM,"Instead of threatening him and looking mighty tasty,"
2121,"01:19:07","01:19:07",DM,"flying up there,"
2122,"01:19:07","01:19:08",DM,"um,"
2123,"01:19:08","01:19:10",DM,"he's going to use his tongue lash."
2124,"01:19:10","01:19:12",DM,"That's my old chicken in the back."
2125,"01:19:13","01:19:13",DM,"Yeah."
2126,"01:19:14","01:19:14",DM,"Uh,"
2127,"01:19:14","01:19:17",DM,"14 bullets."
2128,"01:19:19","01:19:19",DM,"Um,"
2129,"01:19:19","01:19:20",DM,"wow,"
2130,"01:19:20","01:19:20",DM,"that,"
2131,"01:19:20","01:19:20",DM,"yeah,"
2132,"01:19:21","01:19:21",DM,"uh,"
2133,"01:19:21","01:19:22",DM,"does 22 hit?"
2134,"01:19:22","01:19:23",DM,"It does,"
2135,"01:19:23","01:19:23",Speaker 1,"unfortunately."
2136,"01:19:24","01:19:24",DM,"All right,"
2137,"01:19:25","01:19:28",DM,"that is a total of 11 bludgeoning damage,"
2138,"01:19:28","01:19:32",DM,"and I need you to BV 16."
2139,"01:19:32","01:19:33",Crissdalynn,"I'm going to use a deflect."
2140,"01:19:35","01:19:38",Crissdalynn,"And I'm going to deflect out 11 damage."
2141,"01:19:39","01:19:39",Speaker 1,"Okay."
2142,"01:19:41","01:19:42",Crissdalynn,"You're going to deflect it."
2143,"01:19:42","01:19:44",Crissdalynn,"I'm just deflecting the 11 damage."
2144,"01:19:44","01:19:45",Crissdalynn,"Which damage did I take?"
2145,"01:19:45","01:19:46",DM,"It is 11."
2146,"01:19:46","01:19:46",Crissdalynn,"It is 11."
2147,"01:19:47","01:19:47",Crissdalynn,"Oh."
2148,"01:19:48","01:19:49",Crissdalynn,"It is a reaction."
2149,"01:19:50","01:19:51",Crissdalynn,"And the NDBF has crashed."
2150,"01:19:52","01:19:59",Crissdalynn,"I'm going to use a second reaction to bounce the tongue back,"
2151,"01:19:59","01:20:00",Crissdalynn,"actually."
2152,"01:20:00","01:20:01",Crissdalynn,"Which I might do."
2153,"01:20:01","01:20:01",Crissdalynn,"Hold on a second."
2154,"01:20:02","01:20:02",Speaker 1,"Back to my directions."
2155,"01:20:04","01:20:04",Crissdalynn,"Uh,"
2156,"01:20:04","01:20:04",Crissdalynn,"da,"
2157,"01:20:05","01:20:05",Crissdalynn,"da,"
2158,"01:20:05","01:20:05",Crissdalynn,"da,"
2159,"01:20:05","01:20:05",Speaker 1,"da."
2160,"01:20:06","01:20:08",DM,"Did the tongue slap last?"
2161,"01:20:08","01:20:08",Crissdalynn,"It did,"
2162,"01:20:08","01:20:08",Crissdalynn,"yeah."
2163,"01:20:09","01:20:09",Crissdalynn,"Did the tongue slap?"
2164,"01:20:10","01:20:11",Crissdalynn,"Slapping tongues."
2165,"01:20:13","01:20:13",Crissdalynn,"Okay,"
2166,"01:20:13","01:20:15",Crissdalynn,"I'm going to just because I can,"
2167,"01:20:16","01:20:21",Crissdalynn,"I'm going to use my second I'm going to slap it back towards it."
2168,"01:20:21","01:20:24",Crissdalynn,"When an attack roll hits and a damage does bludgeoning,"
2169,"01:20:24","01:20:25",Crissdalynn,"is it bludgeoning for you,"
2170,"01:20:25","01:20:25",Crissdalynn,"Singer's Flashing?"
2171,"01:20:25","01:20:26",Crissdalynn,"It is bludgeoning."
2172,"01:20:26","01:20:26",Crissdalynn,"Perfect."
2173,"01:20:27","01:20:28",Crissdalynn,"You can take a reaction to reduce its attack."
2174,"01:20:28","01:20:30",Crissdalynn,"I reduced it to zero,"
2175,"01:20:30","01:20:31",Crissdalynn,"which means I can attack it back."
2176,"01:20:32","01:20:34",Crissdalynn,"Choose a creature you can see within five feet of yourself,"
2177,"01:20:34","01:20:35",Crissdalynn,"or if the attack was melee,"
2178,"01:20:35","01:20:37",Crissdalynn,"which I guess is within its range."
2179,"01:20:38","01:20:39",Crissdalynn,"Or within its range."
2180,"01:20:40","01:20:45",Crissdalynn,"Creature must succeed an XRD saving throw or take damage equal to two rolls of my martial arts die,"
2181,"01:20:45","01:20:46",Crissdalynn,"which is defense."
2182,"01:20:47","01:20:50",DM,"You can do that with melee attacks as well?"
2183,"01:20:50","01:20:50",DM,"Yes,"
2184,"01:20:50","01:20:50",DM,"I can."
2185,"01:20:50","01:20:53",DM,"So it's like someone goes to punch you and you grab their hand,"
2186,"01:20:53","01:20:53",DM,"and you're just like,"
2187,"01:20:53","01:20:54",DM,"quit hitting yourself!"
2188,"01:20:54","01:20:55",DM,"Yeah."
2189,"01:20:56","01:20:58",Crissdalynn,"My sensei used to punch our own fist if we weren't paying attention."
2190,"01:20:59","01:20:59",Crissdalynn,"Yeah,"
2191,"01:20:59","01:21:01",Crissdalynn,"make us punch ourselves in the nose."
2192,"01:21:01","01:21:03",DM,"I had a boxer buddy that,"
2193,"01:21:03","01:21:03",DM,"like,"
2194,"01:21:03","01:21:03",DM,"he would,"
2195,"01:21:03","01:21:03",DM,"like,"
2196,"01:21:03","01:21:04",DM,"he would,"
2197,"01:21:04","01:21:06",DM,"instead of trying to hit,"
2198,"01:21:06","01:21:08",DM,"he would punch you in the hand when you're trying to hit him."
2199,"01:21:08","01:21:08",DM,"Yeah."
2200,"01:21:08","01:21:10",DM,"Because it hurts."
2201,"01:21:10","01:21:11",Crissdalynn,"But I would do this,"
2202,"01:21:11","01:21:12",Crissdalynn,"and if I wasn't paying attention,"
2203,"01:21:13","01:21:14",Crissdalynn,"he would hit my fist in the nose."
2204,"01:21:16","01:21:17",Crissdalynn,"The DC 14."
2205,"01:21:17","01:21:18",Crissdalynn,"14."
2206,"01:21:18","01:21:18",Crissdalynn,"Yeah."
2207,"01:21:20","01:21:21",DM,"15 plus,"
2208,"01:21:21","01:21:22",DM,"was it X?"
2209,"01:21:22","01:21:22",DM,"It is X."
2210,"01:21:22","01:21:23",DM,"Yeah,"
2211,"01:21:23","01:21:24",DM,"so it should be..."
2212,"01:21:28","01:21:28",Crissdalynn,"Well,"
2213,"01:21:28","01:21:29",Crissdalynn,"that's next."
2214,"01:21:29","01:21:30",Crissdalynn,"So I've used a..."
2215,"01:21:31","01:21:31",Crissdalynn,"It's fine."
2216,"01:21:33","01:21:34",Crissdalynn,"I've deflected that whole damage."
2217,"01:21:37","01:21:37",Speaker 1,"All of it."
2218,"01:21:37","01:21:38",Crissdalynn,"All of it."
2219,"01:21:38","01:21:38",Crissdalynn,"All of it."
2220,"01:21:38","01:21:40",DM,"You try and send the tongue back at Otar,"
2221,"01:21:40","01:21:42",DM,"and he dodges his own tongue."
2222,"01:21:42","01:21:42",DM,"Oh,"
2223,"01:21:42","01:21:42",DM,"I know."
2224,"01:21:43","01:21:44",DM,"Such a great idea."
2225,"01:21:44","01:21:44",DM,"Next."
2226,"01:21:44","01:21:45",DM,"All right."
2227,"01:21:46","01:21:47",DM,"Is that it for your turn?"
2228,"01:21:48","01:21:48",DM,"That is."
2229,"01:21:48","01:21:48",DM,"Oh,"
2230,"01:21:48","01:21:51",DM,"that was his turn doing a legendary action."
2231,"01:21:51","01:21:51",DM,"Yes."
2232,"01:21:51","01:21:52",DM,"Okay."
2233,"01:21:52","01:21:52",DM,"Which I said,"
2234,"01:21:52","01:21:52",DM,"no,"
2235,"01:21:52","01:21:53",DM,"thank you."
2236,"01:21:53","01:21:54",DM,"Slot number two."
2237,"01:21:55","01:21:55",Speaker 1,"This one here."
2238,"01:21:57","01:21:58",DM,"This one's going to use half its movement,"
2239,"01:21:59","01:21:59",DM,"getting back up."
2240,"01:22:01","01:22:03",DM,"And it sees people nearby,"
2241,"01:22:03","01:22:04",DM,"so it's definitely going to go for you guys."
2242,"01:22:06","01:22:07",DM,"It's got 15 remaining."
2243,"01:22:09","01:22:10",DM,"Let's see here."
2244,"01:22:11","01:22:11",DM,"Oh,"
2245,"01:22:11","01:22:12",DM,"your bird."
2246,"01:22:12","01:22:13",DM,"My bird's right there."
2247,"01:22:13","01:22:13",DM,"Yeah,"
2248,"01:22:13","01:22:14",DM,"it's going to eat your bird."
2249,"01:22:14","01:22:15",DM,"Try to eat from my bird?"
2250,"01:22:15","01:22:16",DM,"Not my bird,"
2251,"01:22:16","01:22:17",DM,"but just your bird."
2252,"01:22:17","01:22:17",Speaker 1,"Yeah."
2253,"01:22:18","01:22:20",DM,"It doesn't care that it's not edible."
2254,"01:22:21","01:22:21",DM,"It's mechanical."
2255,"01:22:22","01:22:22",DM,"First attack."
2256,"01:22:23","01:22:41",DM,"is it's gonna make a bite attack at you that does 30 20 hits chompy chompy no yeah that's it uh six piercing damage and then and it's gonna make another uh that's another 20."
2257,"01:22:41","01:22:52",DM,"oh boy That went right over my head."
2258,"01:22:53","01:22:55",Catarina,"Five and six,"
2259,"01:22:55","01:22:55",Catarina,"right?"
2260,"01:22:56","01:22:56",DM,"No,"
2261,"01:22:56","01:22:59",DM,"it was the first one was six."
2262,"01:22:59","01:23:00",DM,"The second one is ten."
2263,"01:23:02","01:23:03",Speaker 1,"Sixteen total."
2264,"01:23:05","01:23:05",Speaker 1,"Yeah."
2265,"01:23:06","01:23:10",DM,"Piercing and slashing if Sturks is resistant to either of those."
2266,"01:23:11","01:23:12",DM,"And that's it for his turn."
2267,"01:23:13","01:23:14",Speaker 1,"Otar!"
2268,"01:23:15","01:23:15",Speaker 1,"All right."
2269,"01:23:20","01:23:21",DM,"This is Brentson."
2270,"01:23:22","01:23:22",Delmar,"Blame him."
2271,"01:23:23","01:23:25",Delmar,"It's a montage of giant boss."
2272,"01:23:26","01:23:26",Delmar,"I'm in."
2273,"01:23:26","01:23:28",Delmar,"The boss turns around."
2274,"01:23:31","01:23:32",Delmar,"All of a sudden,"
2275,"01:23:32","01:23:34",Delmar,"he turns and looks at Jean-Claude."
2276,"01:23:35","01:23:36",Delmar,"A mustache grows out,"
2277,"01:23:36","01:23:39",Delmar,"but it's like a twirly evil one that he pulls on a couple times."
2278,"01:23:41","01:23:43",Delmar,"He's got this wheezy little dog."
2279,"01:23:43","01:23:43",DM,"Yeah."
2280,"01:23:44","01:23:49",DM,"You see the big,"
2281,"01:23:49","01:23:53",DM,"totally The crowd barely even paying attention to any of you."
2282,"01:23:53","01:23:54",DM,"You see,"
2283,"01:23:54","01:23:54",DM,"like,"
2284,"01:23:54","01:23:56",DM,"the weeping sores covering its body."
2285,"01:23:56","01:24:00",DM,"It's slowly starting to rebuild itself and put itself back together."
2286,"01:24:01","01:24:01",DM,"Just a second."
2287,"01:24:02","01:24:03",DM,"It regenerates."
2288,"01:24:05","01:24:05",Speaker 1,"Boop."
2289,"01:24:07","01:24:11",DM,"You can see its wounds healing itself as it stands there."
2290,"01:24:11","01:24:12",DM,"Like where I shot it?"
2291,"01:24:12","01:24:12",DM,"Yeah."
2292,"01:24:13","01:24:13",DM,"All right."
2293,"01:24:14","01:24:17",DM,"And now it's going to make a..."
2294,"01:24:18","01:24:19",DM,"There's only one person here,"
2295,"01:24:19","01:24:19",DM,"by the way."
2296,"01:24:20","01:24:20",DM,"My bird."
2297,"01:24:24","01:24:25",Speaker 1,"Yes?"
2298,"01:24:25","01:24:26",DM,"It's not personal,"
2299,"01:24:26","01:24:26",DM,"guys."
2300,"01:24:27","01:24:27",Speaker 1,"It's personal."
2301,"01:24:28","01:24:29",DM,"It's Vera."
2302,"01:24:30","01:24:30",DM,"We're not friends anymore."
2303,"01:24:31","01:24:31",DM,"What are you doing?"
2304,"01:24:32","01:24:33",DM,"Crystal and you are definitely closest."
2305,"01:24:34","01:24:34",Speaker 1,"Damn."
2306,"01:24:35","01:24:36",DM,"I've already used my reaction."
2307,"01:24:39","01:24:39",DM,"I take that."
2308,"01:24:39","01:24:39",DM,"Yeah,"
2309,"01:24:39","01:24:40",DM,"it's going to use its movement."
2310,"01:24:41","01:24:41",DM,"Are you flying?"
2311,"01:24:42","01:24:42",DM,"I'm flying."
2312,"01:24:42","01:24:43",Speaker 1,"How high up?"
2313,"01:24:44","01:24:45",Crissdalynn,"You said I had full."
2314,"01:24:45","01:24:47",Crissdalynn,"I probably went up a good 30 feet."
2315,"01:24:48","01:24:48",DM,"You have that much?"
2316,"01:24:48","01:24:49",DM,"Oh,"
2317,"01:24:49","01:24:49",Crissdalynn,"you know what?"
2318,"01:24:49","01:24:53",Crissdalynn,"I probably had to be within 15 feet of him."
2319,"01:24:53","01:24:53",Crissdalynn,"So no,"
2320,"01:24:53","01:24:54",Crissdalynn,"I'm not."
2321,"01:24:54","01:24:55",Crissdalynn,"You're only at the most."
2322,"01:24:55","01:24:55",Crissdalynn,"Yeah."
2323,"01:24:56","01:24:58",Crissdalynn,"At the most I am 15 feet up."
2324,"01:24:58","01:24:58",Crissdalynn,"Yeah."
2325,"01:24:58","01:24:59",Crissdalynn,"So he has,"
2326,"01:24:59","01:25:00",Crissdalynn,"but I've got to fly 45."
2327,"01:25:00","01:25:01",Crissdalynn,"So yeah,"
2328,"01:25:01","01:25:02",DM,"there's no way I've used it all."
2329,"01:25:02","01:25:03",DM,"So he can,"
2330,"01:25:03","01:25:04",DM,"he can get close to you."
2331,"01:25:05","01:25:05",DM,"Um,"
2332,"01:25:05","01:25:08",DM,"he's just going to walk straight on up here to,"
2333,"01:25:08","01:25:09",DM,"who's this one?"
2334,"01:25:09","01:25:09",DM,"That's me."
2335,"01:25:10","01:25:10",DM,"That's you."
2336,"01:25:10","01:25:11",DM,"And this one here."
2337,"01:25:12","01:25:12",DM,"Uh,"
2338,"01:25:12","01:25:13",DM,"that's,"
2339,"01:25:13","01:25:14",Delmar,"that knows that that's the guy."
2340,"01:25:15","01:25:15",Delmar,"Yeah."
2341,"01:25:16","01:25:16",Delmar,"That's the guy."
2342,"01:25:16","01:25:17",Delmar,"I shot his arm off."
2343,"01:25:17","01:25:18",Delmar,"Cause that was,"
2344,"01:25:18","01:25:18",Delmar,"uh,"
2345,"01:25:18","01:25:19",Delmar,"what's this baby?"
2346,"01:25:19","01:25:19",Delmar,"He's the chair."
2347,"01:25:20","01:25:55",DM,"next to the chair the chair is still exactly where it was no force moved that chair it just stayed right there because that was that super nice chair that had no visible damage on it after I hit the guy with it yeah Otar walks up to you and you're on the ground there and you just see him big hands up in the air and slams them down right in front of you both I need everyone within 20 feet to make a DC 16 dexterity save."
2348,"01:25:55","01:25:56",DM,"Even if I'm 15 feet there?"
2349,"01:25:58","01:25:59",DM,"If you're 20,"
2350,"01:25:59","01:26:00",DM,"where are you again?"
2351,"01:26:01","01:26:02",DM,"I'm right here,"
2352,"01:26:02","01:26:03",DM,"and I actually am out of range."
2353,"01:26:04","01:26:05",DM,"You're the only one out of range."
2354,"01:26:06","01:26:08",Delmar,"Because once I was airborne,"
2355,"01:26:08","01:26:10",Delmar,"I held 30 feet of movement."
2356,"01:26:10","01:26:13",Delmar,"So basically I went forward 15 and then went up 15."
2357,"01:26:13","01:26:14",Delmar,"You're good."
2358,"01:26:14","01:26:15",Delmar,"I believe I'm out of range."
2359,"01:26:16","01:26:16",Delmar,"23."
2360,"01:26:17","01:26:18",DM,"That's a good thing."
2361,"01:26:18","01:26:19",DM,"You're out of range,"
2362,"01:26:19","01:26:19",DM,"yeah."
2363,"01:26:22","01:26:23",DM,"What's the dexterity?"
2364,"01:26:24","01:26:25",DM,"16 dead save."
2365,"01:26:25","01:26:26",DM,"Okay,"
2366,"01:26:26","01:26:26",DM,"I got a nat 17."
2367,"01:26:28","01:26:29",DM,"So,"
2368,"01:26:29","01:26:29",DM,"okay,"
2369,"01:26:30","01:26:30",DM,"so everyone passes."
2370,"01:26:31","01:26:33",DM,"You only take half damage."
2371,"01:26:33","01:26:34",Speaker 1,"Dougan?"
2372,"01:26:35","01:26:36",DM,"20."
2373,"01:26:37","01:26:37",DM,"We can take the climb?"
2374,"01:26:39","01:26:40",Speaker 1,"Yeah."
2375,"01:26:41","01:26:43",DM,"Just the shock waves."
2376,"01:26:46","01:26:46",DM,"Yeah."
2377,"01:26:47","01:26:47",DM,"Ouch."
2378,"01:26:47","01:26:48",DM,"That is a..."
2379,"01:26:48","01:26:50",DM,"25 force damage."
2380,"01:26:52","01:26:53",DM,"That's half of that."
2381,"01:26:53","01:26:54",DM,"12."
2382,"01:26:59","01:27:02",DM,"And that is it for its turn."
2383,"01:27:02","01:27:02",DM,"Oh,"
2384,"01:27:02","01:27:03",DM,"God."
2385,"01:27:05","01:27:08",DM,"And anyone who starts their turn within 10 feet of it,"
2386,"01:27:09","01:27:10",DM,"we're going to have something coming."
2387,"01:27:10","01:27:10",DM,"15 feet away,"
2388,"01:27:11","01:27:11",DM,"technically."
2389,"01:27:12","01:27:13",DM,"That's Otar's turn."
2390,"01:27:13","01:27:13",DM,"Perry,"
2391,"01:27:13","01:27:14",DM,"you're up."
2392,"01:27:14","01:27:14",Perrin,"Oh,"
2393,"01:27:14","01:27:15",Perrin,"it's my turn."
2394,"01:27:18","01:28:07",Perrin,"okay do I engage one of the leeches or do I put on the buffs I feel like putting on the buffs is maybe better which buffs I had this planned out a little bit and I'm questioning it a bit more I think I'm going to stick with my original plan and I'm going to do you know what no I'm gonna do a false life and armor of Agathis a false life using the fiendish vigor eldritch invocation and armor of Agathis using warlock spell slot as bonus action yep and I'm gonna move um I'm gonna engage the leech that's"
2395,"01:28:08","01:28:10",Perrin,"going for that guy R.S."
2396,"01:28:11","01:28:12",Perrin,"Should be about 30 feet of movement,"
2397,"01:28:12","01:28:12",Perrin,"right?"
2398,"01:28:12","01:28:13",Perrin,"Like 5,"
2399,"01:28:13","01:28:14",Perrin,"10,"
2400,"01:28:14","01:28:14",Perrin,"15."
2401,"01:28:14","01:28:14",Perrin,"Yeah."
2402,"01:28:16","01:28:16",Speaker 1,"Okay,"
2403,"01:28:16","01:28:17",Speaker 1,"that's my turn."
2404,"01:28:18","01:28:18",Speaker 1,"Oh,"
2405,"01:28:18","01:28:18",Speaker 1,"that's..."
2406,"01:28:20","01:28:21",DM,"All right."
2407,"01:28:23","01:28:24",DM,"Okay."
2408,"01:28:24","01:28:24",DM,"Okay."
2409,"01:28:27","01:28:28",DM,"Number 5."
2410,"01:28:29","01:28:30",DM,"This one here."
2411,"01:28:31","01:28:31",DM,"Oh,"
2412,"01:28:31","01:28:31",DM,"perfect."
2413,"01:28:32","01:28:32",DM,"Excuse me."
2414,"01:28:32","01:28:34",DM,"Big ol' temporary HP."
2415,"01:28:34","01:28:35",DM,"Ragunito."
2416,"01:28:35","01:28:36",DM,"That is the..."
2417,"01:28:36","01:28:37",DM,"Yeah."
2418,"01:28:37","01:28:37",DM,"Those spiders,"
2419,"01:28:38","01:28:38",DM,"right?"
2420,"01:28:38","01:28:38",DM,"Yeah."
2421,"01:28:42","01:28:42",DM,"Well,"
2422,"01:28:42","01:28:43",DM,"boy,"
2423,"01:28:43","01:28:48",DM,"it's just going to run towards who looks tastiest and nearby."
2424,"01:28:48","01:28:49",DM,"No one's nearby."
2425,"01:28:49","01:28:50",DM,"We've got the crocodile."
2426,"01:28:50","01:28:51",DM,"We've got the crocodile."
2427,"01:28:52","01:28:53",Crissdalynn,"There are two bodies here."
2428,"01:28:55","01:28:55",Speaker 1,"I mean."
2429,"01:28:56","01:28:57",Crissdalynn,"It's going to have to use some movement."
2430,"01:28:58","01:29:00",DM,"It's going to have to use movement no matter what."
2431,"01:29:02","01:29:04",DM,"I'd say the nearest living meal is over here."
2432,"01:29:05","01:29:05",DM,"So,"
2433,"01:29:05","01:29:05",DM,"yeah,"
2434,"01:29:05","01:29:06",DM,"I'd say it's this one."
2435,"01:29:07","01:29:36",DM,"that's about there basically um sure I'll make them go fight the crocodiles fixing the crocodiles are pissed off right now well you ones are just hungry uh so you said at the beginning everyone was essentially prone yeah true or no uh yeah you were not prone you have to get no all good man uh so I stand up using half my movements my movement is uh 35 this round um So round down."
2436,"01:29:37","01:29:38",DM,"Do I have 20 or 15?"
2437,"01:29:39","01:29:40",DM,"20 or 15."
2438,"01:29:40","01:29:40",DM,"Thank you."
2439,"01:29:40","01:29:41",DM,"Okay,"
2440,"01:29:41","01:29:41",DM,"cool."
2441,"01:29:41","01:29:42",DM,"It's not that it matters too much."
2442,"01:29:43","01:29:43",DM,"Okay."
2443,"01:29:44","01:29:45",DM,"How far away is that guy?"
2444,"01:29:45","01:29:47",DM,"Is he within eye shot over here?"
2445,"01:29:48","01:29:48",DM,"Or has he moved?"
2446,"01:29:48","01:29:49",DM,"He's like up,"
2447,"01:29:49","01:29:49",DM,"actually."
2448,"01:29:50","01:29:51",DM,"He's up a level?"
2449,"01:29:51","01:29:53",DM,"I would say he's basically right on the lip."
2450,"01:29:54","01:29:57",DM,"So are you trying to shoot him as he gets away?"
2451,"01:29:58","01:29:59",DM,"Maybe."
2452,"01:29:59","01:30:00",DM,"Okay."
2453,"01:30:00","01:30:03",DM,"But you said he was running towards people."
2454,"01:30:03","01:30:03",DM,"Yeah,"
2455,"01:30:03","01:30:04",DM,"he's running in the crowd."
2456,"01:30:04","01:30:04",DM,"Yeah."
2457,"01:30:05","01:30:07",DM,"If you roll a perception,"
2458,"01:30:07","01:30:08",DM,"which you can do for free,"
2459,"01:30:09","01:30:10",DM,"I'll let you know if you can hit him from this division."
2460,"01:30:16","01:30:16",DM,"Okay."
2461,"01:30:16","01:30:16",DM,"Okay."
2462,"01:30:24","01:30:26",Perrin,"I bonus action cast jump."
2463,"01:30:28","01:30:28",DM,"Okay."
2464,"01:30:28","01:30:28",Perrin,"Using my free use."
2465,"01:30:30","01:30:32",Perrin,"And that gives me,"
2466,"01:30:32","01:30:34",Perrin,"so I can run for 10,"
2467,"01:30:35","01:30:35",Perrin,"get a running leak,"
2468,"01:30:36","01:30:36",Perrin,"which gives me 37."
2469,"01:30:37","01:30:38",DM,"You're leaving his threat range?"
2470,"01:30:39","01:30:40",Perrin,"I was never in his threat range."
2471,"01:30:40","01:30:41",DM,"Oh."
2472,"01:30:41","01:30:42",Perrin,"I was left outside of it."
2473,"01:30:43","01:30:43",DM,"Oh,"
2474,"01:30:43","01:30:43",DM,"okay."
2475,"01:30:43","01:30:43",DM,"He went up to,"
2476,"01:30:44","01:30:44",DM,"yeah."
2477,"01:30:44","01:30:44",DM,"Yeah,"
2478,"01:30:44","01:30:44",DM,"yeah,"
2479,"01:30:44","01:30:44",DM,"yeah."
2480,"01:30:45","01:30:45",DM,"Yeah,"
2481,"01:30:45","01:30:45",DM,"yeah."
2482,"01:30:45","01:30:46",DM,"So anyway,"
2483,"01:30:46","01:30:46",DM,"so that's,"
2484,"01:30:46","01:30:47",DM,"so yeah,"
2485,"01:30:47","01:30:48",DM,"so I was here,"
2486,"01:30:48","01:30:49",DM,"so 10,"
2487,"01:30:49","01:30:51",DM,"14,"
2488,"01:30:52","01:30:52",DM,"20."
2489,"01:30:53","01:30:53",DM,"Yeah,"
2490,"01:30:54","01:30:54",DM,"I can make it."
2491,"01:30:54","01:30:56",DM,"So I make it right over to the edge."
2492,"01:30:57","01:30:57",DM,"Is it,"
2493,"01:30:57","01:30:57",DM,"like,"
2494,"01:30:57","01:30:59",DM,"sloped down,"
2495,"01:30:59","01:30:59",DM,"or is there,"
2496,"01:30:59","01:31:00",DM,"like,"
2497,"01:31:00","01:31:01",DM,"quite a drop-off?"
2498,"01:31:01","01:31:03",DM,"Just before we resolve that,"
2499,"01:31:03","01:31:04",DM,"it is a slope."
2500,"01:31:04","01:31:04",DM,"However,"
2501,"01:31:05","01:31:06",DM,"when you move 15 feet away from him,"
2502,"01:31:07","01:31:08",DM,"you did trigger a reaction from him."
2503,"01:31:09","01:31:09",DM,"Okay."
2504,"01:31:09","01:31:09",DM,"So,"
2505,"01:31:10","01:31:13",DM,"as the prey instinct activates,"
2506,"01:31:13","01:31:15",DM,"he sees something moving away from him,"
2507,"01:31:15","01:31:17",DM,"instantly tracked onto it,"
2508,"01:31:17","01:31:19",DM,"grabs a piece of rubble nearby,"
2509,"01:31:19","01:31:21",DM,"and throws it towards you."
2510,"01:31:21","01:31:25",DM,"I need you to make a dexterity saving throw of 16."
2511,"01:31:26","01:31:26",DM,"Okay."
2512,"01:31:27","01:31:28",Speaker 1,"Goffins."
2513,"01:31:28","01:31:29",Speaker 1,"Better."
2514,"01:31:31","01:31:32",DM,"That's a 13."
2515,"01:31:35","01:31:35",Speaker 1,"I'm just going to take it."
2516,"01:31:36","01:31:37",DM,"You can add it to that?"
2517,"01:31:37","01:31:39",DM,"I thought you were already adding."
2518,"01:31:39","01:31:39",DM,"I rolled an S6."
2519,"01:31:41","01:31:43",DM,"I can give you my heroic if you want it."
2520,"01:31:43","01:31:44",DM,"I have one heroic left,"
2521,"01:31:44","01:31:47",DM,"but I think I'm going to save it for something else."
2522,"01:31:47","01:31:47",Speaker 1,"Yeah,"
2523,"01:31:47","01:31:48",Speaker 1,"you got it."
2524,"01:31:50","01:31:51",DM,"How big is this rock?"
2525,"01:31:52","01:31:53",DM,"The rock made a big difference."
2526,"01:31:54","01:31:55",Speaker 1,"Size."
2527,"01:31:55","01:31:56",DM,"What is his size?"
2528,"01:31:57","01:31:57",DM,"He's fucking it,"
2529,"01:31:57","01:31:58",DM,"yeah."
2530,"01:31:58","01:31:59",DM,"It's a big rock."
2531,"01:31:59","01:32:01",DM,"I would say it's about a six rock."
2532,"01:32:01","01:32:02",DM,"A six rock?"
2533,"01:32:02","01:32:02",DM,"Yeah,"
2534,"01:32:02","01:32:05",DM,"it's about a six bludgeoning down into a rock."
2535,"01:32:05","01:32:05",DM,"Oh."
2536,"01:32:06","01:32:07",DM,"I'm just kidding."
2537,"01:32:08","01:32:08",DM,"It's like a six."
2538,"01:32:09","01:32:09",DM,"Yeah,"
2539,"01:32:09","01:32:10",DM,"yeah,"
2540,"01:32:10","01:32:10",DM,"yeah."
2541,"01:32:11","01:32:13",DM,"It's like a six."
2542,"01:32:13","01:32:13",DM,"Yeah,"
2543,"01:32:13","01:32:14",DM,"I just take it."
2544,"01:32:14","01:32:14",DM,"I was like,"
2545,"01:32:14","01:32:15",DM,"six out of ten."
2546,"01:32:15","01:32:16",DM,"And it's important."
2547,"01:32:16","01:32:18",DM,"That boulder's the size of a big parrot."
2548,"01:32:18","01:32:21",DM,"That boulder's the size of a big parrot."
2549,"01:32:22","01:32:23",DM,"Fuck me."
2550,"01:32:23","01:32:24",DM,"Are you fucking kidding me?"
2551,"01:32:25","01:32:27",DM,"I'll let you revise your decision if you want."
2552,"01:32:28","01:32:28",DM,"Okay,"
2553,"01:32:28","01:32:28",DM,"well,"
2554,"01:32:28","01:32:30",DM,"when does this happen?"
2555,"01:32:30","01:32:30",DM,"Like,"
2556,"01:32:30","01:32:32",DM,"because I get up and then..."
2557,"01:32:32","01:32:32",DM,"No,"
2558,"01:32:33","01:32:33",DM,"no,"
2559,"01:32:33","01:32:33",DM,"no."
2560,"01:32:33","01:32:34",DM,"When does he throw the rock?"
2561,"01:32:34","01:32:35",DM,"When I'm at 15,"
2562,"01:32:36","01:32:37",DM,"so that's before I jump."
2563,"01:32:37","01:32:39",DM,"So he hits me and stops me right there."
2564,"01:32:41","01:32:41",DM,"Okay."
2565,"01:32:42","01:32:43",DM,"Do you want to take that donated heroic?"
2566,"01:32:45","01:32:45",Speaker 1,"I'll allow that."
2567,"01:32:47","01:32:48",DM,"He has a heroic."
2568,"01:32:48","01:32:49",DM,"I have my own,"
2569,"01:32:49","01:32:50",DM,"and yeah,"
2570,"01:32:50","01:32:50",DM,"I'm going to use it."
2571,"01:32:52","01:32:53",DM,"I've already used that."
2572,"01:32:53","01:32:54",DM,"Rockin' the bed."
2573,"01:32:54","01:32:55",DM,"Mine!"
2574,"01:32:57","01:32:58",Speaker 4,"Oh,"
2575,"01:32:58","01:32:58",Speaker 4,"yeah!"
2576,"01:32:59","01:32:59",Speaker 4,"Woo!"
2577,"01:33:01","01:33:02",DM,"There you go."
2578,"01:33:03","01:33:05",DM,"How does this go perfectly for you?"
2579,"01:33:05","01:33:07",DM,"I'm gonna pin up my ass with a jackhammer."
2580,"01:33:07","01:33:09",DM,"How does this go perfectly for you?"
2581,"01:33:09","01:33:10",DM,"Um."
2582,"01:33:11","01:33:12",DM,"You throw it."
2583,"01:33:12","01:33:12",DM,"So."
2584,"01:33:14","01:33:16",DM,"I have an idea if you don't have one."
2585,"01:33:16","01:33:16",DM,"I also have an idea."
2586,"01:33:17","01:33:17",DM,"Yeah,"
2587,"01:33:17","01:33:17",DM,"me too."
2588,"01:33:18","01:33:18",DM,"I want to hear your idea."
2589,"01:33:20","01:33:21",DM,"The slide you were chasing,"
2590,"01:33:21","01:33:23",DM,"it is in the exact same direction it threw."
2591,"01:33:23","01:33:53",DM,"oh yeah so running and he throws it and I just go whoop and it sails past you and then you just hear like a sploosh in the distance yeah sweet okay so I can continue with my turn now so I move the tenth seed and then I jump which puts me pretty much just on the edge and so I jump super high in the air and as I'm going through the air."
2592,"01:33:53","01:33:54",Perrin,"I fucking Hawkeye that."
2593,"01:33:56","01:33:56",DM,"Sweet."
2594,"01:33:56","01:33:57",DM,"You shoot him."
2595,"01:33:57","01:33:57",DM,"360 no scope,"
2596,"01:33:58","01:33:58",DM,"double time."
2597,"01:33:59","01:33:59",DM,"Yeah."
2598,"01:34:00","01:34:00",DM,"Naska."
2599,"01:34:01","01:34:01",DM,"Naska."
2600,"01:34:01","01:34:03",Perrin,"Do I have advantage on him because his back is to me?"
2601,"01:34:05","01:34:05",DM,"Is this my team?"
2602,"01:34:05","01:34:05",DM,"Bye."
2603,"01:34:06","01:34:06",DM,"He's just a three-foot."
2604,"01:34:07","01:34:07",DM,"No,"
2605,"01:34:07","01:34:07",DM,"no,"
2606,"01:34:07","01:34:07",DM,"no."
2607,"01:34:08","01:34:08",DM,"No,"
2608,"01:34:08","01:34:09",Perrin,"I'm going after the lead."
2609,"01:34:09","01:34:09",DM,"Oh,"
2610,"01:34:09","01:34:10",DM,"right."
2611,"01:34:10","01:34:13",Perrin,"I'm saving the citizens."
2612,"01:34:13","01:34:14",DM,"I would say,"
2613,"01:34:14","01:34:14",DM,"like,"
2614,"01:34:14","01:34:15",DM,"yeah,"
2615,"01:34:15","01:34:16",DM,"you threw the rock at him."
2616,"01:34:16","01:34:16",DM,"Yeah."
2617,"01:34:18","01:34:18",DM,"I didn't throw shit."
2618,"01:34:19","01:34:20",DM,"But yeah,"
2619,"01:34:20","01:34:21",DM,"the rock got thrown at him."
2620,"01:34:21","01:34:23",DM,"Let me just see how he handled that rock."
2621,"01:34:23","01:34:25",DM,"He handled it very well with a 19."
2622,"01:34:25","01:34:25",DM,"So,"
2623,"01:34:25","01:34:25",DM,"yeah,"
2624,"01:34:25","01:34:28",DM,"you can't be cutting."
2625,"01:34:29","01:34:31",DM,"Can I cutting words that 19?"
2626,"01:34:31","01:34:32",DM,"Sure."
2627,"01:34:35","01:34:38",DM,"It means rolling a D8 to minus from it."
2628,"01:34:39","01:34:40",DM,"So it was a,"
2629,"01:34:40","01:34:42",DM,"he got a dirty 20 with that."
2630,"01:34:42","01:34:42",DM,"Okay."
2631,"01:34:43","01:34:44",DM,"So a D8."
2632,"01:34:44","01:34:45",DM,"And then the save was."
2633,"01:34:45","01:34:47",DM,"I rolled a seven."
2634,"01:34:47","01:34:47",DM,"Yeah."
2635,"01:34:48","01:34:48",DM,"Okay."
2636,"01:34:48","01:34:49",DM,"So he fails."
2637,"01:34:50","01:34:50",DM,"He failed."
2638,"01:34:51","01:34:51",Speaker 1,"Yeah,"
2639,"01:34:51","01:34:52",DM,"you're cutting words."
2640,"01:34:53","01:34:53",DM,"Whatever,"
2641,"01:34:54","01:34:54",DM,"like,"
2642,"01:34:54","01:34:55",DM,"slot insult you think of."
2643,"01:34:55","01:34:57",DM,"Does it take some psychic damage or something to you?"
2644,"01:34:58","01:34:58",DM,"No,"
2645,"01:34:58","01:34:59",DM,"I don't think so."
2646,"01:35:00","01:35:00",DM,"Oh,"
2647,"01:35:00","01:35:00",DM,"okay."
2648,"01:35:00","01:35:01",DM,"It's just,"
2649,"01:35:01","01:35:01",DM,"yeah."
2650,"01:35:02","01:35:03",DM,"I'm thinking of something else."
2651,"01:35:03","01:35:03",DM,"So,"
2652,"01:35:03","01:35:04",DM,"yeah."
2653,"01:35:04","01:35:04",DM,"So,"
2654,"01:35:04","01:35:06",DM,"big old rock hits him."
2655,"01:35:06","01:35:07",DM,"14."
2656,"01:35:07","01:35:07",DM,"Yeah,"
2657,"01:35:07","01:35:08",DM,"that one's squished."
2658,"01:35:09","01:35:09",DM,"Yay!"
2659,"01:35:10","01:35:10",DM,"He's dead."
2660,"01:35:11","01:35:11",DM,"Oh,"
2661,"01:35:11","01:35:11",DM,"yeah."
2662,"01:35:12","01:35:12",DM,"Fuck yeah."
2663,"01:35:13","01:35:14",DM,"The boss just killed one of his minions."
2664,"01:35:15","01:35:17",Delmar,"You take a little dodge on the rock."
2665,"01:35:17","01:35:18",DM,"Not the little ones."
2666,"01:35:19","01:35:19",DM,"Oh,"
2667,"01:35:19","01:35:21",DM,"they only have more hit points once they..."
2668,"01:35:21","01:35:22",DM,"fucking get in the body."
2669,"01:35:23","01:35:24",Delmar,"Oh,"
2670,"01:35:24","01:35:24",Delmar,"okay."
2671,"01:35:25","01:35:25",Delmar,"So,"
2672,"01:35:25","01:35:25",Delmar,"basically,"
2673,"01:35:25","01:35:26",Delmar,"the boulder got thrown,"
2674,"01:35:27","01:35:28",Delmar,"you piccolo dodged it,"
2675,"01:35:30","01:35:31",Delmar,"flies over it,"
2676,"01:35:31","01:35:32",DM,"and other things like shit,"
2677,"01:35:32","01:35:33",DM,"and then splat."
2678,"01:35:33","01:35:35",DM,"I see a squish."
2679,"01:35:35","01:35:37",DM,"Can I change my direction that I jump,"
2680,"01:35:37","01:35:38",DM,"in this case?"
2681,"01:35:39","01:35:41",DM,"Or turn around and jump and shit."
2682,"01:35:41","01:35:41",DM,"So,"
2683,"01:35:41","01:35:43",DM,"I walked five feet,"
2684,"01:35:44","01:35:44",DM,"he threw the rock,"
2685,"01:35:45","01:35:46",DM,"and then it squished him."
2686,"01:35:46","01:35:46",Speaker 1,"Yeah."
2687,"01:35:47","01:35:48",DM,"So,"
2688,"01:35:48","01:35:48",DM,"I have it."
2689,"01:35:50","01:35:50",Speaker 1,"Sure."
2690,"01:35:51","01:35:51",DM,"Okay."
2691,"01:35:51","01:35:53",DM,"So can I just last minute be like,"
2692,"01:35:53","01:35:53",DM,"well,"
2693,"01:35:53","01:35:54",DM,"he's not the problem."
2694,"01:35:54","01:35:54",DM,"Yep."
2695,"01:35:54","01:35:55",DM,"Okay."
2696,"01:35:57","01:35:58",DM,"Cool."
2697,"01:35:58","01:35:58",DM,"Then."
2698,"01:35:59","01:35:59",DM,"Love John Brods."
2699,"01:36:01","01:36:01",Speaker 1,"Yeah."
2700,"01:36:02","01:36:02",Speaker 1,"Ow."
2701,"01:36:04","01:36:05",Crissdalynn,"I punched a table."
2702,"01:36:05","01:36:07",Crissdalynn,"I think that one is one too."
2703,"01:36:08","01:36:10",Perrin,"I already cast the jump spell,"
2704,"01:36:10","01:36:11",Perrin,"so I'm still going to,"
2705,"01:36:11","01:36:12",Perrin,"I still like,"
2706,"01:36:12","01:36:15",Perrin,"I leap up in the air and as I'm in the air,"
2707,"01:36:15","01:36:16",Perrin,"I'm going to shoot some arrows."
2708,"01:36:17","01:36:18",Perrin,"I'm wanting to end up over here."
2709,"01:36:19","01:36:19",DM,"Okay."
2710,"01:36:20","01:36:21",DM,"These guys are still just regular leeches,"
2711,"01:36:21","01:36:23",DM,"have not found bodies yet,"
2712,"01:36:23","01:36:23",DM,"right?"
2713,"01:36:23","01:36:23",DM,"Okay,"
2714,"01:36:23","01:36:26",Perrin,"then I'm going to aim for this one first."
2715,"01:36:29","01:36:29",DM,"Regular roll,"
2716,"01:36:29","01:36:30",DM,"no advantage?"
2717,"01:36:31","01:36:31",Speaker 1,"Yep."
2718,"01:36:33","01:36:33",Speaker 1,"So,"
2719,"01:36:33","01:36:33",Speaker 1,"nat 16."
2720,"01:36:34","01:36:35",DM,"Okay."
2721,"01:36:35","01:36:36",Perrin,"I'm pretty sure I fucking hit it."
2722,"01:36:36","01:36:36",DM,"Yeah,"
2723,"01:36:36","01:36:38",DM,"they do not have a high AC."
2724,"01:36:38","01:36:38",DM,"Okay."
2725,"01:36:40","01:36:41",DM,"And then..."
2726,"01:36:42","01:36:42",DM,"Yeah,"
2727,"01:36:42","01:36:43",DM,"and they're..."
2728,"01:36:43","01:36:44",DM,"Max damage."
2729,"01:36:44","01:36:45",DM,"Nice."
2730,"01:36:45","01:36:45",DM,"Yeah,"
2731,"01:36:45","01:36:47",DM,"so what type of damage?"
2732,"01:36:47","01:36:48",DM,"Piercing."
2733,"01:36:48","01:36:48",DM,"Piercing."
2734,"01:36:48","01:36:49",DM,"Magical piercing."
2735,"01:36:49","01:36:50",DM,"Ooh!"
2736,"01:36:50","01:36:51",DM,"Okay."
2737,"01:36:51","01:36:53",DM,"That does actually change things."
2738,"01:36:54","01:36:54",DM,"Fortunately."
2739,"01:36:54","01:36:54",DM,"Okay,"
2740,"01:36:54","01:36:54",DM,"cool."
2741,"01:36:56","01:36:56",Speaker 1,"Nine,"
2742,"01:36:56","01:36:56",Speaker 1,"yes sir?"
2743,"01:36:58","01:36:58",DM,"Eleven."
2744,"01:36:59","01:37:00",DM,"And which one?"
2745,"01:37:00","01:37:00",DM,"Sorry,"
2746,"01:37:00","01:37:01",DM,"let me see."
2747,"01:37:01","01:37:01",DM,"Number three."
2748,"01:37:03","01:37:04",DM,"Okay."
2749,"01:37:04","01:37:06",DM,"It looks rough,"
2750,"01:37:06","01:37:06",DM,"but it's still up."
2751,"01:37:06","01:37:07",DM,"Okay."
2752,"01:37:07","01:37:09",Perrin,"Then I shoot my second arrow at it."
2753,"01:37:09","01:37:09",DM,"Okay."
2754,"01:37:09","01:37:10",DM,"As well."
2755,"01:37:10","01:37:11",Perrin,"Which now I have advantage because of Bex."
2756,"01:37:12","01:37:13",Speaker 1,"Hit her up?"
2757,"01:37:13","01:37:13",Speaker 1,"Yeah."
2758,"01:37:15","01:37:16",DM,"So it's definitely a hit."
2759,"01:37:16","01:37:16",DM,"Let's see if it's a crit."
2760,"01:37:18","01:37:18",DM,"Ah,"
2761,"01:37:19","01:37:19",DM,"2-14."
2762,"01:37:19","01:37:20",DM,"Why do you want to do that one?"
2763,"01:37:22","01:37:24",DM,"It's just a leech right now,"
2764,"01:37:24","01:37:25",DM,"so it's a burning leech."
2765,"01:37:25","01:37:26",DM,"Right."
2766,"01:37:28","01:37:29",DM,"So it's body,"
2767,"01:37:29","01:37:34",DM,"one arrow cuts through with the arrowheads perfectly vertical,"
2768,"01:37:35","01:37:36",DM,"so it puts a big,"
2769,"01:37:36","01:37:38",DM,"huge gash in it,"
2770,"01:37:38","01:37:39",DM,"and the other one hits just below,"
2771,"01:37:40","01:37:42",DM,"so it kind of bisects it."
2772,"01:37:42","01:37:42",DM,"Oh,"
2773,"01:37:42","01:37:43",DM,"so it just cuts it in half."
2774,"01:37:44","01:37:44",DM,"Yeah,"
2775,"01:37:44","01:37:52",DM,"the front part just kind of keeps going for like a foot longer before he realizes the last head is there and he lost my ass."
2776,"01:37:52","01:37:53",DM,"Trails on."
2777,"01:37:54","01:37:55",DM,"Is that..."
2778,"01:37:55","01:37:56",DM,"That's all I can do."
2779,"01:37:58","01:37:59",DM,"Slod number..."
2780,"01:37:59","01:38:02",DM,"The one that you just murdered,"
2781,"01:38:03","01:38:03",DM,"he's dead."
2782,"01:38:05","01:38:06",DM,"And number one is up."
2783,"01:38:06","01:38:07",Speaker 1,"He's dead."
2784,"01:38:10","01:38:13",DM,"And he is going to go and find a body in the crowd."
2785,"01:38:13","01:38:14",DM,"So I'm going to say ten or higher."
2786,"01:38:15","01:38:16",DM,"He finds one that way."
2787,"01:38:17","01:38:17",DM,"Actually,"
2788,"01:38:17","01:38:19",DM,"Catarina's running Yeah,"
2789,"01:38:19","01:38:20",DM,"he's going to go for you,"
2790,"01:38:20","01:38:20",DM,"Gary."
2791,"01:38:20","01:38:21",DM,"No!"
2792,"01:38:21","01:38:23",DM,"And he can definitely get to you."
2793,"01:38:23","01:38:23",Speaker 1,"Okay."
2794,"01:38:25","01:38:25",Speaker 1,"So,"
2795,"01:38:29","01:38:29",DM,"seven plus..."
2796,"01:38:29","01:38:29",Speaker 1,"Oh,"
2797,"01:38:29","01:38:31",DM,"eleven probably does not hit."
2798,"01:38:33","01:38:34",DM,"Eleven don't hit."
2799,"01:38:35","01:38:36",DM,"You can't kill me,"
2800,"01:38:36","01:38:36",DM,"I'm already dead."
2801,"01:38:38","01:38:39",DM,"That seventeen,"
2802,"01:38:39","01:38:39",DM,"though."
2803,"01:38:40","01:38:40",Speaker 1,"Yep."
2804,"01:38:40","01:38:41",Speaker 1,"Yep,"
2805,"01:38:41","01:38:41",Speaker 1,"okay."
2806,"01:38:43","01:38:44",DM,"That one is..."
2807,"01:38:46","01:38:47",Speaker 1,"Five slash,"
2808,"01:38:47","01:38:47",Speaker 1,"yeah."
2809,"01:38:48","01:38:48",Speaker 1,"Got it."
2810,"01:38:50","01:38:52",DM,"And that's it for his turn."
2811,"01:38:53","01:38:54",DM,"Top of the round."
2812,"01:38:55","01:38:55",Speaker 1,"Delmar,"
2813,"01:38:55","01:38:56",Speaker 1,"you're up."
2814,"01:38:57","01:38:57",Speaker 1,"All right."
2815,"01:39:00","01:39:02",Delmar,"Delmar looks longingly at the chair."
2816,"01:39:03","01:39:03",Delmar,"Stakes his head."
2817,"01:39:04","01:39:05",Delmar,"It's so weird."
2818,"01:39:05","01:39:07",DM,"It provides me explosions."
2819,"01:39:07","01:39:07",DM,"It did."
2820,"01:39:08","01:39:08",DM,"It very much did."
2821,"01:39:09","01:39:10",DM,"Not even like a scratch on it."
2822,"01:39:10","01:39:12",Crissdalynn,"Can that chair please make it back to the boat?"
2823,"01:39:12","01:39:12",Crissdalynn,"Oh,"
2824,"01:39:12","01:39:13",DM,"no."
2825,"01:39:15","01:39:16",DM,"Right?"
2826,"01:39:16","01:39:21",Delmar,"That chair is going in what I still think is the captain's quarters on our ship."
2827,"01:39:24","01:39:26",Delmar,"There's no way that chair is being left behind."
2828,"01:39:28","01:39:28",Delmar,"No,"
2829,"01:39:28","01:39:32",Delmar,"Delmar is going to start flying up."
2830,"01:39:32","01:39:33",Delmar,"And as he flies up,"
2831,"01:39:33","01:39:35",Delmar,"he turns to Per and he's like,"
2832,"01:39:35","01:39:36",Delmar,"Mr."
2833,"01:39:36","01:39:37",Delmar,"Black-Jaw."
2834,"01:39:38","01:39:39",Delmar,"Mr."
2835,"01:39:39","01:39:39",Delmar,"Black-Jaw,"
2836,"01:39:40","01:39:43",Delmar,"do you have a bell or a whistle for that cat of yours?"
2837,"01:39:43","01:39:44",Delmar,"We could use some help."
2838,"01:39:45","01:39:51",Delmar,"And then I'll fly up while pulling out the blunderbuss."
2839,"01:39:51","01:39:51",Delmar,"Nice."
2840,"01:39:53","01:39:54",Delmar,"My new doom gun."
2841,"01:39:54","01:39:55",Delmar,"Doom super shotgun."
2842,"01:39:55","01:39:57",Delmar,"And then I'm going to fly up."
2843,"01:39:58","01:40:01",Delmar,"And then I know this is probably two asks in one turn,"
2844,"01:40:01","01:40:02",Delmar,"so if you need me to roll for this,"
2845,"01:40:03","01:40:03",Delmar,"let me know."
2846,"01:40:03","01:40:04",Delmar,"I'll need you to roll,"
2847,"01:40:04","01:40:04",Delmar,"but tell me."
2848,"01:40:05","01:40:46",Delmar,"I am going to then whistle out a whistle that Miss Khinriss and I have used communicate where it's like basically it's like a whistle um that like she knows like i need her fly down to give me the report of like when she was in the crow's nest i'm going to whistle that out as loud as i can and then yell out you damn owl get over here and then aim down and fire you're going to try and get kaizo um i'm yelling at perrin oh to try and get um not Enzo oh Enzo to get Enzo back here but I am basically I'm"
2849,"01:40:46","01:41:28",Delmar,"yelling out doing this whistle and yelling out as loud as I can to try and get Kyzil's attention because I know his ass is still running around town yep alright roll for it buddy and this would be the time that he would be running around doing his morning training I would assume it would be it's been canonically established so what should a role for a vibe it would be either a perception or investigation or can I go can I give the can I choose actually if you you are up next if you're willing to"
2850,"01:41:28","01:41:37",DM,"use like bonus action or action for it I think I get it if it's perception no I'm not giving a punching."
2851,"01:41:37","01:41:38",Crissdalynn,"Are you kidding me?"
2852,"01:41:38","01:41:39",Delmar,"Let me just..."
2853,"01:41:39","01:41:40",Delmar,"30-20."
2854,"01:41:40","01:41:40",Delmar,"Nice!"
2855,"01:41:41","01:41:42",Delmar,"16 plus..."
2856,"01:41:42","01:41:42",Delmar,"Wait,"
2857,"01:41:42","01:41:43",Delmar,"did you say perception?"
2858,"01:41:44","01:41:44",Delmar,"Perception,"
2859,"01:41:45","01:41:45",Delmar,"yep."
2860,"01:41:45","01:41:46",Delmar,"Plus four,"
2861,"01:41:46","01:41:46",Delmar,"30-20."
2862,"01:41:47","01:41:47",Speaker 1,"All right,"
2863,"01:41:47","01:41:47",Speaker 1,"yeah."
2864,"01:41:48","01:41:49",DM,"I wanted an 18."
2865,"01:41:50","01:41:51",DM,"30-20 will do."
2866,"01:41:52","01:41:52",DM,"Yeah."
2867,"01:41:54","01:41:55",DM,"Didn't show immediately,"
2868,"01:41:56","01:42:00",DM,"but the impression that your call has been heard."
2869,"01:42:01","01:42:01",Speaker 1,"Like,"
2870,"01:42:01","01:42:03",Delmar,"I hear like a really excited hooting or something."
2871,"01:42:03","01:42:03",Delmar,"Yeah."
2872,"01:42:09","01:42:11",Delmar,"My bird is the answer to the bird call."
2873,"01:42:11","01:42:15",DM,"You can hear vaguely across town."
2874,"01:42:15","01:42:15",DM,"You can hear this."
2875,"01:42:15","01:42:17",DM,"You're not quite sure what it is."
2876,"01:42:18","01:42:20",DM,"You do hear a banging."
2877,"01:42:20","01:42:21",DM,"Like a crash."
2878,"01:42:21","01:42:22",DM,"No,"
2879,"01:42:22","01:42:23",DM,"it's rhythm."
2880,"01:42:23","01:42:24",DM,"It's like a..."
2881,"01:42:25","01:42:26",DM,"Oh,"
2882,"01:42:26","01:42:27",DM,"that's so cool."
2883,"01:42:28","01:42:30",DM,"There's something like metal on metal."
2884,"01:42:31","01:42:33",DM,"You hear something throughout the town."
2885,"01:42:34","01:42:34",Delmar,"Alright,"
2886,"01:42:34","01:42:35",Delmar,"so yeah,"
2887,"01:42:35","01:42:36",Delmar,"I yell at you,"
2888,"01:42:36","01:42:39",Delmar,"I call out to Kyzil,"
2889,"01:42:39","01:42:40",Delmar,"I aim,"
2890,"01:42:40","01:42:41",Delmar,"and I fire."
2891,"01:42:42","01:42:42",Delmar,"Alright."
2892,"01:42:42","01:42:43",Delmar,"Roll to hit."
2893,"01:42:44","01:42:45",Delmar,"I'm shooting at O-Tar."
2894,"01:42:46","01:42:48",Delmar,"And I get plus one with this weapon to hit."
2895,"01:42:49","01:42:49",Speaker 1,"Yep."
2896,"01:42:50","01:42:50",Delmar,"Oh yeah,"
2897,"01:42:50","01:42:51",Delmar,"I'm shooting at this motherfucker."
2898,"01:42:52","01:42:53",Speaker 1,"My poor ears."
2899,"01:42:56","01:42:56",Delmar,"Well,"
2900,"01:42:56","01:42:57",Delmar,"I mean,"
2901,"01:42:57","01:42:57",Delmar,"I flew up,"
2902,"01:42:57","01:42:59",Delmar,"so I'm at least,"
2903,"01:42:59","01:43:00",Delmar,"what,"
2904,"01:43:00","01:43:01",Delmar,"30 feet in the air at this point?"
2905,"01:43:02","01:43:02",Delmar,"Like,"
2906,"01:43:02","01:43:03",Delmar,"I'm right above."
2907,"01:43:03","01:43:03",Delmar,"Like,"
2908,"01:43:03","01:43:05",Delmar,"I'm basically playing up because I was trying to,"
2909,"01:43:05","01:43:05",Delmar,"like..."
2910,"01:43:05","01:43:06",Delmar,"I'm about 15 feet here."
2911,"01:43:07","01:43:07",Delmar,"Yeah,"
2912,"01:43:07","01:43:08",Delmar,"when I say I flew up,"
2913,"01:43:08","01:43:08",Delmar,"like,"
2914,"01:43:08","01:43:09",Delmar,"as I start to fly up,"
2915,"01:43:09","01:43:10",Delmar,"I yell at Perrin,"
2916,"01:43:11","01:43:12",Delmar,"and then I fly up even higher to where,"
2917,"01:43:12","01:43:12",Delmar,"like,"
2918,"01:43:12","01:43:15",Delmar,"I'm above the crater so,"
2919,"01:43:15","01:43:15",Delmar,"like,"
2920,"01:43:15","01:43:16",Delmar,"I can see the town kind of thing."
2921,"01:43:17","01:43:19",Delmar,"And then I call out the whistle,"
2922,"01:43:20","01:43:21",Delmar,"yell that I know he's not going to hear me,"
2923,"01:43:21","01:43:23",Delmar,"but I'm saying it for me kind of thing,"
2924,"01:43:23","01:43:24",Delmar,"then point down and shoot down."
2925,"01:43:24","01:43:24",DM,"Yeah."
2926,"01:43:25","01:43:26",DM,"So you can do 30 feet?"
2927,"01:43:26","01:43:26",DM,"I mean,"
2928,"01:43:26","01:43:27",DM,"that's your whole movement,"
2929,"01:43:27","01:43:27",DM,"right?"
2930,"01:43:28","01:43:28",DM,"Yeah."
2931,"01:43:28","01:43:28",Speaker 1,"Oh,"
2932,"01:43:28","01:43:28",Speaker 1,"yeah,"
2933,"01:43:28","01:43:29",DM,"I have 30 feet flight."
2934,"01:43:29","01:43:31",DM,"As long as you're 30 feet straight up,"
2935,"01:43:31","01:43:31",DM,"like,"
2936,"01:43:31","01:43:32",DM,"where were you before?"
2937,"01:43:32","01:43:34",Delmar,"I was here and..."
2938,"01:43:34","01:43:34",Delmar,"Oh,"
2939,"01:43:34","01:43:35",Delmar,"that's right,"
2940,"01:43:35","01:43:35",Delmar,"yeah."
2941,"01:43:35","01:43:36",Delmar,"So I would have flown..."
2942,"01:43:36","01:43:36",Delmar,"Yeah,"
2943,"01:43:36","01:43:37",Delmar,"yeah,"
2944,"01:43:37","01:43:37",Delmar,"because I was right here."
2945,"01:43:37","01:43:39",Delmar,"So I would have flown 30 feet up."
2946,"01:43:39","01:43:39",Speaker 1,"Yeah."
2947,"01:43:41","01:43:41",Delmar,"Or,"
2948,"01:43:41","01:43:42",Delmar,"I don't know,"
2949,"01:43:42","01:43:43",Delmar,"I'm 25 feet."
2950,"01:43:43","01:43:43",Delmar,"Maybe,"
2951,"01:43:43","01:43:43",Delmar,"like,"
2952,"01:43:43","01:43:44",Delmar,"I pivoted,"
2953,"01:43:44","01:43:45",Delmar,"like,"
2954,"01:43:45","01:43:45",Delmar,"here or something like that."
2955,"01:43:47","01:43:47",Speaker 1,"Wait,"
2956,"01:43:47","01:43:47",Speaker 1,"where's Perrin?"
2957,"01:43:49","01:43:49",Speaker 1,"Oh."
2958,"01:43:49","01:43:50",Delmar,"I'm over here now."
2959,"01:43:51","01:43:51",Delmar,"Okay,"
2960,"01:43:51","01:43:51",Delmar,"yeah."
2961,"01:43:51","01:43:52",Delmar,"So I would have flown,"
2962,"01:43:52","01:43:53",Delmar,"turned..."
2963,"01:43:53","01:43:54",Delmar,"Yeah,"
2964,"01:43:54","01:43:54",Delmar,"yeah,"
2965,"01:43:54","01:43:54",Delmar,"yeah."
2966,"01:43:54","01:43:55",Delmar,"So basically,"
2967,"01:43:55","01:43:56",Delmar,"let's just say I'm 25."
2968,"01:43:56","01:43:58",Delmar,"I want to maintain..."
2969,"01:43:58","01:43:58",Speaker 1,"Oh."
2970,"01:43:59","01:43:59",Delmar,"All right,"
2971,"01:43:59","01:44:01",Delmar,"and then I'm going to shoot to hit this thing."
2972,"01:44:03","01:44:04",Delmar,"And then you're gonna,"
2973,"01:44:04","01:44:05",Delmar,"so it's plus 8."
2974,"01:44:07","01:44:08",Delmar,"Now I'm gonna,"
2975,"01:44:08","01:44:08",Delmar,"oh,"
2976,"01:44:08","01:44:09",Delmar,"I have advantage!"
2977,"01:44:10","01:44:11",Delmar,"Because I vexed it."
2978,"01:44:12","01:44:12",Speaker 1,"With the pistol."
2979,"01:44:13","01:44:13",Speaker 1,"Ooh,"
2980,"01:44:13","01:44:13",Speaker 1,"you did,"
2981,"01:44:13","01:44:14",Speaker 1,"yep."
2982,"01:44:14","01:44:14",Delmar,"Okay,"
2983,"01:44:15","01:44:15",Delmar,"and,"
2984,"01:44:15","01:44:15",Delmar,"oh,"
2985,"01:44:15","01:44:16",DM,"that's much better."
2986,"01:44:16","01:44:16",DM,"Well."
2987,"01:44:18","01:44:18",Delmar,"Um,"
2988,"01:44:18","01:44:19",Delmar,"so that's,"
2989,"01:44:19","01:44:19",Delmar,"uh,"
2990,"01:44:19","01:44:21",Delmar,"18 plus 8 to hit,"
2991,"01:44:21","01:44:22",Delmar,"so that's 26."
2992,"01:44:22","01:44:23",Delmar,"So I definitely hit."
2993,"01:44:24","01:44:24",Delmar,"Okay."
2994,"01:44:24","01:44:24",Delmar,"Um,"
2995,"01:44:24","01:44:25",Delmar,"and then,"
2996,"01:44:25","01:44:26",Delmar,"wait."
2997,"01:44:28","01:44:28",Delmar,"Hit."
2998,"01:44:28","01:44:29",Delmar,"Plus 1 as well,"
2999,"01:44:29","01:44:30",Delmar,"so 27 to hit."
3000,"01:44:31","01:45:04",Delmar,"and then it is we were still using that damage you may have to make a dex how close are you to you're right next to it right I'm 15 feet I really gotta do something about this fucking animal sorry and I shoot down so now I'm gonna roll damage and so okay that's tbh plus 5 We can't use heroics on damage,"
3001,"01:45:04","01:45:05",Delmar,"right?"
3002,"01:45:05","01:45:06",Delmar,"Wait,"
3003,"01:45:06","01:45:06",Delmar,"but I get..."
3004,"01:45:06","01:45:06",Delmar,"No!"
3005,"01:45:07","01:45:07",Delmar,"These are both ones."
3006,"01:45:08","01:45:09",Delmar,"But because of my fire..."
3007,"01:45:09","01:45:10",Delmar,"Oh,"
3008,"01:45:10","01:45:10",Delmar,"no,"
3009,"01:45:10","01:45:10",Delmar,"no,"
3010,"01:45:10","01:45:10",Delmar,"I can reroll."
3011,"01:45:11","01:45:11",Crissdalynn,"Wait,"
3012,"01:45:12","01:45:12",Crissdalynn,"wait,"
3013,"01:45:12","01:45:12",Crissdalynn,"wait."
3014,"01:45:13","01:45:14",Delmar,"Is it just one of the ones?"
3015,"01:45:15","01:45:16",Crissdalynn,"It depends."
3016,"01:45:17","01:45:18",Crissdalynn,"Let me look at it."
3017,"01:45:26","01:45:27",DM,"He's coming!"
3018,"01:45:27","01:45:29",DM,"He's next up in the initiative war."
3019,"01:45:29","01:45:29",DM,"Oh,"
3020,"01:45:29","01:45:29",DM,"okay."
3021,"01:45:29","01:45:31",DM,"He rolled a 25 initiative."
3022,"01:45:31","01:45:31",DM,"Yeah,"
3023,"01:45:31","01:45:32",DM,"all right."
3024,"01:45:32","01:45:33",DM,"So he ties with Delmar."
3025,"01:45:34","01:45:35",DM,"And I don't want to play him,"
3026,"01:45:35","01:45:37",DM,"so you guys..."
3027,"01:45:37","01:45:38",Delmar,"I got a 27."
3028,"01:45:38","01:45:39",Delmar,"Oh,"
3029,"01:45:39","01:45:40",Speaker 1,"so you're right behind her."
3030,"01:45:40","01:45:40",Speaker 1,"Yeah."
3031,"01:45:41","01:45:42",Delmar,"Or a 26."
3032,"01:45:42","01:45:43",Delmar,"You got a 25."
3033,"01:45:43","01:45:43",Delmar,"I got a 25."
3034,"01:45:43","01:45:47",Crissdalynn,"It's only on unarmed strikes."
3035,"01:45:47","01:45:48",Crissdalynn,"You re-roll the one."
3036,"01:45:49","01:45:50",Speaker 1,"I have firearm specialist."
3037,"01:45:50","01:45:51",Crissdalynn,"I know."
3038,"01:45:51","01:45:53",Crissdalynn,"But when it comes to the damage re-rolled,"
3039,"01:45:53","01:45:56",Crissdalynn,"it's only on unarmed strikes because that's what we're rolling."
3040,"01:45:58","01:45:59",Speaker 1,"Bonnie."
3041,"01:45:59","01:45:59",Delmar,"No,"
3042,"01:45:59","01:46:00",Delmar,"you're good,"
3043,"01:46:00","01:46:00",Delmar,"you're good."
3044,"01:46:00","01:46:00",Delmar,"No,"
3045,"01:46:00","01:46:02",Delmar,"hold on."
3046,"01:46:02","01:46:03",Delmar,"Firearms specialist."
3047,"01:46:05","01:46:06",Delmar,"Ones would have been a misfire."
3048,"01:46:08","01:46:08",Delmar,"But because of this,"
3049,"01:46:09","01:46:10",Delmar,"I can use my one..."
3050,"01:46:11","01:46:12",Delmar,"It doesn't cost me any action."
3051,"01:46:12","01:46:13",Delmar,"I use my one charge."
3052,"01:46:14","01:46:14",Delmar,"No,"
3053,"01:46:14","01:46:14",Delmar,"no,"
3054,"01:46:14","01:46:14",Delmar,"no."
3055,"01:46:14","01:46:15",DM,"One on the D20."
3056,"01:46:15","01:46:15",DM,"Yeah."
3057,"01:46:16","01:46:16",DM,"Oh."
3058,"01:46:17","01:46:18",DM,"It's a good thing,"
3059,"01:46:18","01:46:19",DM,"because that means you didn't misfire."
3060,"01:46:20","01:46:21",Speaker 1,"Okay."
3061,"01:46:21","01:46:21",DM,"Yeah."
3062,"01:46:21","01:46:22",DM,"Misfire sucks."
3063,"01:46:22","01:46:23",Delmar,"Yes,"
3064,"01:46:23","01:46:23",Delmar,"it does."
3065,"01:46:23","01:46:24",Delmar,"All right."
3066,"01:46:24","01:46:26",Delmar,"So then I..."
3067,"01:46:26","01:46:27",Delmar,"Okay,"
3068,"01:46:27","01:46:31",Delmar,"so then one is a 1 and the other is a 7,"
3069,"01:46:31","01:46:34",Delmar,"so that's 8 plus..."
3070,"01:46:34","01:46:34",Delmar,"Oops,"
3071,"01:46:34","01:46:35",Delmar,"I backed out."
3072,"01:46:37","01:46:38",Delmar,"That is 8 plus..."
3073,"01:46:40","01:46:41",Delmar,"2d8 plus 5,"
3074,"01:46:41","01:46:42",Delmar,"so that's 8 plus 5,"
3075,"01:46:42","01:46:43",Delmar,"so that's 13."
3076,"01:46:43","01:46:51",Delmar,"And then he needs to basically it and her have to make a..."
3077,"01:46:51","01:46:53",Crissdalynn,"What's the range for that?"
3078,"01:46:53","01:46:54",Delmar,"Put an explosive hit."
3079,"01:46:56","01:47:00",Crissdalynn,"Anyone within 5 feet of the target I'm 15 feet Oh,"
3080,"01:47:00","01:47:01",Delmar,"then yeah,"
3081,"01:47:01","01:47:10",Delmar,"you're fine But then I also need to roll my sneak attack Where's my other Oh,"
3082,"01:47:10","01:47:24",Delmar,"that's it And I'm going to actually use I didn't think I'd use it This is awesome I'm going to use Cunning Strike Um,"
3083,"01:47:25","01:47:27",Delmar,"which,"
3084,"01:47:27","01:47:28",Delmar,"or cunning action,"
3085,"01:47:28","01:47:29",Delmar,"I'm sorry."
3086,"01:47:29","01:47:29",Delmar,"Uh,"
3087,"01:47:29","01:47:32",Delmar,"I'm not cunning action."
3088,"01:47:33","01:47:33",Delmar,"I'm sorry,"
3089,"01:47:33","01:47:33",Delmar,"I'm sorry,"
3090,"01:47:33","01:47:33",Delmar,"I'm sorry."
3091,"01:47:33","01:47:34",Delmar,"Uh."
3092,"01:47:34","01:47:35",Delmar,"Cunning strike."
3093,"01:47:35","01:47:35",Crissdalynn,"So you,"
3094,"01:47:35","01:47:36",Crissdalynn,"you,"
3095,"01:47:36","01:47:36",Crissdalynn,"with,"
3096,"01:47:36","01:47:39",Crissdalynn,"you use one less D6 from your strip."
3097,"01:47:39","01:47:39",Crissdalynn,"Yes."
3098,"01:47:39","01:47:39",Crissdalynn,"Yeah."
3099,"01:47:40","01:47:41",Delmar,"But I'm going to,"
3100,"01:47:41","01:47:42",Delmar,"uh,"
3101,"01:47:42","01:47:42",Delmar,"basically,"
3102,"01:47:42","01:47:43",Delmar,"I'm,"
3103,"01:47:43","01:47:44",Delmar,"I'm shooting at it."
3104,"01:47:44","01:47:45",Delmar,"I do that damage."
3105,"01:47:45","01:47:46",Delmar,"So I'm going to burn one of these."
3106,"01:47:47","01:47:47",Delmar,"Um,"
3107,"01:47:48","01:47:49",Delmar,"and I'm going to use trip."
3108,"01:47:50","01:47:53",Delmar,"So it must succeed on DC 16 decks or it's prone."
3109,"01:47:54","01:47:54",Speaker 1,"Okay."
3110,"01:47:54","01:47:54",Speaker 1,"Okay."
3111,"01:47:56","01:47:57",Delmar,"So that's another 10,"
3112,"01:47:57","01:47:59",Delmar,"so that's 23 damage."
3113,"01:48:00","01:48:02",Delmar,"It has to make the first..."
3114,"01:48:03","01:48:03",Delmar,"It has to make the..."
3115,"01:48:04","01:48:06",Delmar,"It needs to succeed that one instead,"
3116,"01:48:06","01:48:07",Delmar,"burning one of the new rubles."
3117,"01:48:07","01:48:07",Delmar,"Okay,"
3118,"01:48:08","01:48:09",Delmar,"and now it needs to make..."
3119,"01:48:11","01:48:12",Delmar,"Is my dex..."
3120,"01:48:12","01:48:13",Delmar,"It was 8 plus my dex,"
3121,"01:48:14","01:48:15",Delmar,"and then my modifier,"
3122,"01:48:15","01:48:16",Delmar,"and we determined that was..."
3123,"01:48:16","01:48:23",Delmar,"You have to make another DC 16 dexterity saving throw or you take 1d8 fire damage."
3124,"01:48:23","01:48:23",Delmar,"Okay."
3125,"01:48:24","01:48:53",DM,"Nat 20 Nat 20 Alright so So that means You just take half the damage I roll Or What does it say Does it say I take full or half on success This is why I need to get this Stuff streamlined Cause I keep having to look through this I apologize Oh yeah Um Yeah It's probably best if you play Kyzil You're the monk You know monks Yep Uh,"
3126,"01:48:53","01:48:54",Delmar,"the,"
3127,"01:48:54","01:48:55",Delmar,"what,"
3128,"01:48:55","01:48:55",Delmar,"oh,"
3129,"01:48:56","01:48:56",Delmar,"well,"
3130,"01:48:56","01:48:57",Delmar,"I didn't miss,"
3131,"01:48:57","01:48:57",Delmar,"so actually,"
3132,"01:48:58","01:48:58",Delmar,"no,"
3133,"01:48:58","01:48:58",Delmar,"um,"
3134,"01:48:58","01:48:59",Delmar,"you know,"
3135,"01:48:59","01:48:59",Delmar,"just,"
3136,"01:48:59","01:49:00",Delmar,"yeah,"
3137,"01:49:00","01:49:01",Delmar,"you still see the 1d8,"
3138,"01:49:01","01:49:02",Delmar,"you just half order whatever I roll."
3139,"01:49:02","01:49:02",Delmar,"Okay."
3140,"01:49:02","01:49:04",Delmar,"So you take one more additional."
3141,"01:49:04","01:49:05",Delmar,"But fire damage,"
3142,"01:49:05","01:49:05",Delmar,"yeah."
3143,"01:49:06","01:49:06",Delmar,"Yeah,"
3144,"01:49:06","01:49:06",Delmar,"so,"
3145,"01:49:06","01:49:07",Delmar,"uh,"
3146,"01:49:07","01:49:07",Delmar,"I rolled a 3,"
3147,"01:49:07","01:49:08",Delmar,"so."
3148,"01:49:08","01:49:08",Delmar,"Or,"
3149,"01:49:08","01:49:09",Delmar,"or,"
3150,"01:49:09","01:49:10",Delmar,"2 total."
3151,"01:49:10","01:49:11",Delmar,"Okay,"
3152,"01:49:11","01:49:11",Delmar,"then,"
3153,"01:49:11","01:49:11",Delmar,"yeah,"
3154,"01:49:11","01:49:12",Delmar,"you take 2 fire damage,"
3155,"01:49:12","01:49:13",Delmar,"along with that."
3156,"01:49:14","01:49:14",DM,"Okay."
3157,"01:49:15","01:49:15",DM,"Uh,"
3158,"01:49:15","01:49:16",DM,"and."
3159,"01:49:17","01:49:17",DM,"Um,"
3160,"01:49:17","01:49:18",DM,"he's not like that."
3161,"01:49:18","01:49:21",DM,"He reacts aggressively to the fire."
3162,"01:49:21","01:49:22",DM,"Um."
3163,"01:49:22","01:49:22",DM,"Oh."
3164,"01:49:23","01:49:23",Delmar,"Okay,"
3165,"01:49:24","01:49:31",Delmar,"and then I guess I'll take that shot and then kind of lift it up,"
3166,"01:49:31","01:49:34",Delmar,"flip out pistol number two for my bonus action and shoot."
3167,"01:49:36","01:49:36",Delmar,"Or wait."
3168,"01:49:37","01:49:38",Delmar,"You used your bonus action."
3169,"01:49:39","01:49:39",Delmar,"No,"
3170,"01:49:39","01:49:40",Delmar,"I flew up."
3171,"01:49:40","01:49:40",Delmar,"Okay,"
3172,"01:49:40","01:49:40",Delmar,"yeah."
3173,"01:49:41","01:49:42",Delmar,"I called out."
3174,"01:49:43","01:49:43",Delmar,"Or wait,"
3175,"01:49:43","01:49:44",Delmar,"are we counting that as the bonus action?"
3176,"01:49:45","01:49:45",Delmar,"No,"
3177,"01:49:45","01:49:45",Delmar,"no,"
3178,"01:49:45","01:49:46",Delmar,"you can speak as a..."
3179,"01:49:46","01:49:47",Delmar,"Okay,"
3180,"01:49:47","01:49:47",Delmar,"as a pre-action?"
3181,"01:49:48","01:49:48",Delmar,"Okay,"
3182,"01:49:48","01:49:49",Delmar,"so I do that."
3183,"01:49:49","01:49:50",Delmar,"You made your roll for it."
3184,"01:49:50","01:49:51",Delmar,"I aim down,"
3185,"01:49:51","01:49:54",Delmar,"I fire so I would still have a bonus action so yeah,"
3186,"01:49:54","01:50:10",Delmar,"then I'll shoot down with another pistol 17 because I still have advantage because of X so 17 plus 5 that hits so then the pistol,"
3187,"01:50:11","01:50:15",Delmar,"it was the 1 I think it's like,"
3188,"01:50:15","01:50:15",Delmar,"yeah,"
3189,"01:50:15","01:50:47",DM,"1d10 so actually max damage 10 10 uh where is it pistol 10 I want to do 10 plus 5 so that's 15 piercing damage you don't get the plus 5 on your offense yeah oh unless you have the two the dual wield I do not fighting style yeah no that's it was a special thing built into these pistols where I had the option to use them as a bonus action well that's that's two weapon fighting period anyone can do that oh okay oh I didn't know anyone at any time any class can as a bonus action attack with a weapon"
3190,"01:50:48","01:50:53",DM,"and you just don't get That's everything."
3191,"01:50:56","01:50:59",DM,"We're just going to use a legendary action to..."
3192,"01:51:00","01:51:01",DM,"It's going to tongue you."
3193,"01:51:02","01:51:02",DM,"You're going to get tongued."
3194,"01:51:04","01:51:07",DM,"I still have a reaction because it's a new round."
3195,"01:51:07","01:51:08",DM,"You're terrible in that."
3196,"01:51:10","01:51:15",DM,"A three plus a fucking eleven is not high enough."
3197,"01:51:15","01:51:16",DM,"Alright,"
3198,"01:51:16","01:51:17",DM,"never mind."
3199,"01:51:17","01:51:19",DM,"That's it for..."
3200,"01:51:19","01:51:49",DM,"Kyzil is one of these Rocketing Out of the sky There's just this roar of white feathers And whoops Coming in Coming in fast You have the staff block there You hold a 35 on his initiative This is a community You guys can all decide if Kyzil does For when he gets here He's here Kyzil just left For when Enzo gets here."
3201,"01:51:50","01:51:51",Delmar,"If Enzo gets here."
3202,"01:51:52","01:51:53",Speaker 1,"And you get a bunch of attacks."
3203,"01:51:53","01:51:54",Crissdalynn,"Yeah,"
3204,"01:51:54","01:51:54",Crissdalynn,"he gets four."
3205,"01:51:55","01:51:57",Crissdalynn,"Four wind-edged daggers attacks."
3206,"01:51:58","01:51:59",Crissdalynn,"He can replace up to two of them with open palm strikes,"
3207,"01:52:00","01:52:00",Crissdalynn,"but I have a question."
3208,"01:52:00","01:52:01",Crissdalynn,"There's a third type of attack,"
3209,"01:52:01","01:52:02",Crissdalynn,"cutting gale."
3210,"01:52:02","01:52:05",Crissdalynn,"I'm guessing it's just the ones around on that one."
3211,"01:52:06","01:52:08",Crissdalynn,"I'm just figuring it out now."
3212,"01:52:09","01:52:10",DM,"That's the good crowd one."
3213,"01:52:13","01:52:14",Speaker 1,"I see that."
3214,"01:52:15","01:52:17",DM,"That's one I put in there to push you guys off the roost."
3215,"01:52:17","01:52:17",DM,"Yeah,"
3216,"01:52:17","01:52:18",DM,"right."
3217,"01:52:22","01:53:15",DM,"Kyzil has arrived and he's what here where's Kyzil where does he land you guys can decide he flew in if you want him that close no he doesn't hit straight down into him I'm gonna say he probably lands here yeah we'll say right there okay this blur of just 90 feet of 90 feet of silence 60 seconds silent you're in involuntary yeah I think Heizel should do the edge dancer daggers I think I'll tackle four times with the edge dancer daggers I mean those are yeah so let's see it's 11 to hit plus 11 to"
3218,"01:53:15","01:53:15",DM,"hit."
3219,"01:53:17","01:53:18",Crissdalynn,"First one does a 14 plus 11."
3220,"01:53:19","01:53:19",Crissdalynn,"Second,"
3221,"01:53:19","01:53:20",Crissdalynn,"17 plus..."
3222,"01:53:20","01:53:20",Crissdalynn,"Oops."
3223,"01:53:22","01:53:23",Crissdalynn,"19 plus 11."
3224,"01:53:24","01:53:25",Crissdalynn,"15 plus 11."
3225,"01:53:25","01:53:26",DM,"16 was what you needed."
3226,"01:53:26","01:53:27",DM,"All right,"
3227,"01:53:27","01:53:29",Crissdalynn,"so all four of them are going to hit."
3228,"01:53:30","01:53:31",DM,"And he's doing this at range,"
3229,"01:53:32","01:53:32",DM,"yeah?"
3230,"01:53:32","01:53:33",Speaker 1,"It's at range,"
3231,"01:53:33","01:53:33",DM,"yeah."
3232,"01:53:33","01:53:34",DM,"So just,"
3233,"01:53:34","01:53:34",DM,"yeah,"
3234,"01:53:34","01:53:35",DM,"spawning the dagger,"
3235,"01:53:36","01:53:36",DM,"tossing it in."
3236,"01:53:38","01:53:43",Crissdalynn,"1d4 plus 6 and 2d6 force."
3237,"01:53:44","01:53:46",Crissdalynn,"So I guess we'll do each one individually."
3238,"01:53:48","01:53:50",Crissdalynn,"Each dagger individually just so it's easier to count."
3239,"01:53:50","01:53:50",Crissdalynn,"Sure."
3240,"01:53:51","01:53:52",Crissdalynn,"I only have so many."
3241,"01:53:53","01:53:53",Crissdalynn,"Yeah."
3242,"01:53:54","01:53:54",Crissdalynn,"Dagger one."
3243,"01:53:55","01:53:56",Crissdalynn,"So do you want them split up?"
3244,"01:53:58","01:53:59",DM,"It's probably easier altogether."
3245,"01:54:00","01:54:00",Crissdalynn,"Okay."
3246,"01:54:00","01:54:02",Crissdalynn,"It's force and piercing."
3247,"01:54:03","01:54:04",DM,"Yeah."
3248,"01:54:04","01:54:05",DM,"None of those is immune to."
3249,"01:54:05","01:54:05",DM,"Okay."
3250,"01:54:05","01:54:06",DM,"Or resistant to."
3251,"01:54:06","01:54:07",Crissdalynn,"All right."
3252,"01:54:07","01:54:07",Crissdalynn,"So then I'll add it all up."
3253,"01:54:08","01:54:08",DM,"Yeah."
3254,"01:54:08","01:54:08",DM,"It's only lightning,"
3255,"01:54:09","01:54:09",DM,"thunder,"
3256,"01:54:10","01:54:10",DM,"and cool."
3257,"01:54:11","01:54:11",DM,"One."
3258,"01:54:11","01:54:12",Speaker 1,"Two."
3259,"01:54:12","01:54:12",Speaker 1,"Two."
3260,"01:54:14","01:54:29",Crissdalynn,"I really don't like the look on your face right now,"
3261,"01:54:29","01:54:31",DM,"but it's making me very suspicious."
3262,"01:54:31","01:54:33",DM,"I'm glad that you think I have a plan with the music."
3263,"01:54:35","01:54:37",DM,"Do I look like a schemer to you?"
3264,"01:54:39","01:54:39",DM,"I'm just a dom."
3265,"01:54:40","01:54:41",DM,"That side of the table?"
3266,"01:54:41","01:54:41",DM,"Yeah."
3267,"01:54:41","01:54:42",DM,"Yeah."
3268,"01:54:42","01:54:42",DM,"Yeah."
3269,"01:54:43","01:54:43",DM,"Oh,"
3270,"01:54:43","01:54:44",DM,"he still is."
3271,"01:54:44","01:54:44",DM,"Oh,"
3272,"01:54:44","01:54:44",DM,"that is five of the team."
3273,"01:54:45","01:54:45",DM,"No,"
3274,"01:54:45","01:54:45",DM,"no."
3275,"01:54:46","01:54:46",DM,"You're conned."
3276,"01:54:46","01:54:46",DM,"No."
3277,"01:54:47","01:54:48",DM,"Let's hear those guys."
3278,"01:54:48","01:54:49",Speaker 1,"No."
3279,"01:54:49","01:54:51",Crissdalynn,"I need to move you out of my path."
3280,"01:54:51","01:54:52",Crissdalynn,"Keep in mind..."
3281,"01:54:54","01:54:55",DM,"It's not..."
3282,"01:54:55","01:54:55",DM,"No."
3283,"01:54:56","01:54:56",DM,"They're..."
3284,"01:54:56","01:54:57",DM,"Okay."
3285,"01:54:57","01:54:58",DM,"Careful with your master."
3286,"01:55:00","01:55:00",Speaker 1,"Just saying."
3287,"01:55:00","01:55:01",DM,"Be careful with my master."
3288,"01:55:01","01:55:02",DM,"If you bring him in,"
3289,"01:55:02","01:55:05",DM,"there's a chance there's a chance that he could be,"
3290,"01:55:05","01:55:06",DM,"you know..."
3291,"01:55:06","01:55:07",DM,"I'm not okay."
3292,"01:55:07","01:55:08",Crissdalynn,"I thought I was chat blocked."
3293,"01:55:08","01:55:09",Crissdalynn,"It's pretty good."
3294,"01:55:09","01:55:10",Speaker 1,"It's pretty good."
3295,"01:55:11","01:55:12",Crissdalynn,"Oh,"
3296,"01:55:12","01:55:12",Crissdalynn,"okay."
3297,"01:55:13","01:55:13",Crissdalynn,"So..."
3298,"01:55:13","01:55:13",Speaker 1,"Six."
3299,"01:55:14","01:55:15",Speaker 1,"That's a lot of dice."
3300,"01:55:15","01:55:16",Crissdalynn,"Plus three."
3301,"01:55:17","01:55:17",Crissdalynn,"Plus four."
3302,"01:55:18","01:55:19",Crissdalynn,"Plus five."
3303,"01:55:21","01:55:21",Crissdalynn,"Plus five."
3304,"01:55:22","01:55:23",Crissdalynn,"Plus four."
3305,"01:55:24","01:55:25",Crissdalynn,"Plus one."
3306,"01:55:27","01:55:28",Crissdalynn,"Plus one."
3307,"01:55:28","01:55:29",Crissdalynn,"Plus two."
3308,"01:55:29","01:55:30",Crissdalynn,"Plus four."
3309,"01:55:31","01:55:33",Crissdalynn,"Plus four."
3310,"01:55:33","01:55:35",Crissdalynn,"Plus four."
3311,"01:55:35","01:55:36",Crissdalynn,"Sixty-seven."
3312,"01:55:37","01:55:37",Crissdalynn,"Damn."
3313,"01:55:38","01:55:39",Speaker 1,"Woo-hoo!"
3314,"01:55:40","01:55:41",Speaker 1,"Wow."
3315,"01:55:41","01:55:42",Crissdalynn,"I'm just going to leave all those right there."
3316,"01:55:43","01:56:15",Crissdalynn,"wow and that's just attack one he does have bonus actions um okay uh his bonus action is going to be updraft well what is he doesn't have bonus attacks uh he's got patient defense where he can take a dodge action which maybe i'll speak at this point yep i think he's gonna use patient defense Kyzil's gonna take a dodge action so if he attacks i will say Kyzil right now just the legendary action."
3317,"01:56:16","01:56:18",DM,"On the staff block you have there."
3318,"01:56:19","01:56:20",Crissdalynn,"He's missing actions on here?"
3319,"01:56:20","01:56:21",Crissdalynn,"The legendary action."
3320,"01:56:21","01:56:21",Crissdalynn,"Oh,"
3321,"01:56:21","01:56:22",Crissdalynn,"I can't use them?"
3322,"01:56:22","01:56:23",DM,"Yeah,"
3323,"01:56:23","01:56:24",DM,"just because I've realized,"
3324,"01:56:24","01:56:24",DM,"yeah."
3325,"01:56:25","01:56:25",Crissdalynn,"It's going to be too powerful."
3326,"01:56:27","01:56:27",Crissdalynn,"I know,"
3327,"01:56:27","01:56:30",DM,"I looked at that going like There's way too much action around me."
3328,"01:56:32","01:56:37",Crissdalynn,"Because I could use dagger clash and just make another edge dancer as a legendary action as a bonus."
3329,"01:56:38","01:56:39",Crissdalynn,"But no,"
3330,"01:56:39","01:56:39",Crissdalynn,"no,"
3331,"01:56:39","01:56:39",Crissdalynn,"it's fine."
3332,"01:56:40","01:56:42",DM,"So that's everything for Kyzil?"
3333,"01:56:42","01:56:42",Crissdalynn,"Yes,"
3334,"01:56:42","01:56:45",Crissdalynn,"but he's and his opponent's actually seeking the dodge action."
3335,"01:56:46","01:56:47",Crissdalynn,"I'm going to use the bathroom."
3336,"01:56:47","01:56:48",Crissdalynn,"If something attacks,"
3337,"01:56:48","01:56:48",Crissdalynn,"Kezel,"
3338,"01:56:49","01:56:49",Crissdalynn,"I need to be present."
3339,"01:56:50","01:56:50",Speaker 1,"Okay."
3340,"01:56:51","01:56:51",Speaker 1,"Catarina."
3341,"01:56:53","01:56:54",DM,"Holy shit."
3342,"01:56:54","01:56:56",DM,"I'm going to have a smoke right there real quick."
3343,"01:56:56","01:56:56",DM,"That was huge."
3344,"01:56:57","01:56:57",Crissdalynn,"Oh,"
3345,"01:56:57","01:56:58",Crissdalynn,"yeah."
3346,"01:56:58","01:56:59",Crissdalynn,"His edge fans and attacks are fucking insane."
3347,"01:57:01","01:57:02",Crissdalynn,"He's a master for a reason."
3348,"01:57:02","01:57:03",Speaker 1,"That's true."
3349,"01:57:03","01:57:03",Speaker 1,"Go on."
3350,"01:57:45","01:57:47",Speaker 1,"I can't wait for my turn finally."
3351,"01:57:48","01:57:51",Catarina,"I'm going to enlarge my spider."
3352,"01:57:52","01:57:53",Speaker 1,"Ooh,"
3353,"01:57:53","01:57:53",Catarina,"nice."
3354,"01:57:54","01:57:56",Catarina,"Giving it some boosts and then just..."
3355,"01:57:56","01:57:57",Catarina,"Choo!"
3356,"01:57:57","01:57:57",Catarina,"Choo!"
3357,"01:57:57","01:57:58",Catarina,"Choo!"
3358,"01:57:58","01:57:58",Catarina,"Choo!"
3359,"01:57:59","01:57:59",Catarina,"Choo!"
3360,"01:57:59","01:57:59",Catarina,"Choo!"
3361,"01:58:00","01:58:00",Catarina,"Choo!"
3362,"01:58:01","01:58:01",Catarina,"Choo!"
3363,"01:58:02","01:58:02",Speaker 1,"Choo!"
3364,"01:58:03","01:58:05",Catarina,"I was going to enlarge my bird and try and fly away."
3365,"01:58:05","01:58:06",Catarina,"I thought that would be fun."
3366,"01:58:07","01:58:10",Crissdalynn,"I think I can safely say that Enzo might not be the next one."
3367,"01:58:12","01:58:12",Speaker 1,"Oh."
3368,"01:58:12","01:58:13",Delmar,"Okay."
3369,"01:58:13","01:58:14",Delmar,"I don't know about that."
3370,"01:58:15","01:58:17",Delmar,"This is the first giant enemy we've actually fought."
3371,"01:58:17","01:58:18",Delmar,"That's,"
3372,"01:58:18","01:58:18",Speaker 1,"I mean,"
3373,"01:58:18","01:58:18",Speaker 1,"fair."
3374,"01:58:19","01:58:20",Speaker 1,"Fair enough."
3375,"01:58:21","01:58:21",Speaker 1,"Um,"
3376,"01:58:21","01:58:21",Speaker 1,"um,"
3377,"01:58:23","01:58:25",DM,"I don't see a skill in the roll yet at this point."
3378,"01:58:26","01:58:26",DM,"I am."
3379,"01:58:26","01:58:27",DM,"Oh,"
3380,"01:58:27","01:58:28",DM,"before,"
3381,"01:58:28","01:58:28",DM,"just a sec,"
3382,"01:58:28","01:58:30",DM,"before we get too far along,"
3383,"01:58:30","01:58:32",DM,"something happened there with..."
3384,"01:58:37","01:58:39",DM,"He used his reaction already."
3385,"01:58:40","01:58:41",DM,"Kyzil,"
3386,"01:58:41","01:58:44",DM,"he's going to make an otar after Kyzil finishes."
3387,"01:58:44","01:58:47",DM,"He's going to make a legendary action against Kyzil."
3388,"01:58:47","01:58:47",DM,"Okay."
3389,"01:58:47","01:58:48",DM,"Sorry,"
3390,"01:58:48","01:58:50",DM,"so I don't forget this because I will otherwise."
3391,"01:58:52","01:58:53",DM,"That's not too bad."
3392,"01:58:55","01:58:56",DM,"It's stuck here."
3393,"01:58:56","01:58:57",DM,"I know this hits."
3394,"01:58:59","01:59:00",DM,"27?"
3395,"01:59:02","01:59:02",Speaker 1,"Dodge disadvantage."
3396,"01:59:04","01:59:04",DM,"Okay."
3397,"01:59:04","01:59:04",DM,"Okay."
3398,"01:59:05","01:59:06",DM,"First one's a 19."
3399,"01:59:07","01:59:08",DM,"We'll just roll the honey box again."
3400,"01:59:10","01:59:13",DM,"8 plus 11 is 17."
3401,"01:59:14","01:59:15",DM,"21 is his AC."
3402,"01:59:16","01:59:16",DM,"Okay."
3403,"01:59:17","01:59:18",DM,"That's a miss."
3404,"01:59:19","01:59:25",DM,"And then because you reduced his damage or his HP to a certain point,"
3405,"01:59:27","01:59:58",DM,"his skin breaks apart a bit more and begins weeping this iridescent fussy fluid let's see here who is within everyone's pretty close there that's it for now 25 feet above him that's it there Catarina your turn so there's ooze now how much it's just five feet within him?"
3406,"01:59:59","01:59:59",DM,"Yeah."
3407,"02:00:01","02:00:01",Speaker 1,"Yeah."
3408,"02:00:02","02:00:02",DM,"I'm sorry."
3409,"02:00:03","02:00:07",DM,"The cloud is within ten feet around him."
3410,"02:00:08","02:00:08",DM,"Okay,"
3411,"02:00:08","02:00:10",DM,"so like here?"
3412,"02:00:11","02:00:14",Delmar,"The boil on him kind of breaks and then his miasma comes out kind of."
3413,"02:00:17","02:00:23",DM,"And he's more he's more boil than frog."
3414,"02:00:24","02:00:24",DM,"for toad."
3415,"02:00:25","02:00:27",DM,"There was a mistake there."
3416,"02:00:28","02:00:31",Catarina,"I don't know if it's like a creature or like a frog,"
3417,"02:00:32","02:00:34",Catarina,"an element like that that's been attacking me here."
3418,"02:00:35","02:00:35",Speaker 1,"Kind of like..."
3419,"02:00:36","02:00:38",Catarina,"Or was human for me?"
3420,"02:00:40","02:00:41",DM,"From my understanding?"
3421,"02:00:41","02:00:44",DM,"They start human and then they become non-human."
3422,"02:00:45","02:00:45",Catarina,"Okay,"
3423,"02:00:45","02:00:52",Catarina,"so I'm going to use my winding boots to teleport so I don't give this thing an opportunity to attack."
3424,"02:00:53","02:00:54",Catarina,"That was about 15."
3425,"02:00:55","02:00:55",Catarina,"Wait,"
3426,"02:00:55","02:00:58",DM,"all the boots require you to have moved there that turn?"
3427,"02:00:59","02:01:01",DM,"The other thing is just looking at all the games."
3428,"02:01:02","02:01:04",Catarina,"15 feet within where I've been last."
3429,"02:01:05","02:01:06",DM,"That turn,"
3430,"02:01:06","02:01:06",DM,"though?"
3431,"02:01:06","02:01:07",DM,"It's good skills to have."
3432,"02:01:08","02:01:08",DM,"That turn?"
3433,"02:01:09","02:01:10",DM,"How long ago?"
3434,"02:01:10","02:01:11",DM,"How long is last?"
3435,"02:01:11","02:01:12",DM,"Let me just go back there."
3436,"02:01:13","02:01:14",DM,"A lot of things like that."
3437,"02:01:15","02:01:16",DM,"Much of it is birds,"
3438,"02:01:16","02:01:17",DM,"it's sailing."
3439,"02:01:18","02:01:19",Catarina,"While wearing these boots,"
3440,"02:01:19","02:01:24",Catarina,"you can take a bonus to tilt or orcish through an unoccupied space you can see."
3441,"02:01:25","02:01:25",Catarina,"Okay."
3442,"02:01:25","02:01:31",Catarina,"You must have occupied that space at some point during the current turn."
3443,"02:01:32","02:01:32",DM,"Oh,"
3444,"02:01:32","02:01:32",DM,"yeah."
3445,"02:01:32","02:01:32",DM,"Okay."
3446,"02:01:32","02:01:33",DM,"So it's only..."
3447,"02:01:33","02:01:37",DM,"You can't use it right off the bat if you haven't walked anywhere yet."
3448,"02:01:37","02:01:38",Speaker 1,"Okay."
3449,"02:01:38","02:01:40",Catarina,"So I'll revert that."
3450,"02:01:42","02:01:42",Catarina,"Um..."
3451,"02:01:48","02:01:48",DM,"I missed that,"
3452,"02:01:48","02:01:49",DM,"didn't I?"
3453,"02:01:49","02:01:50",Speaker 1,"Yeah."
3454,"02:02:03","02:02:04",Speaker 4,"Give me a second."
3455,"02:02:20","02:02:21",Catarina,"Okay,"
3456,"02:02:21","02:02:24",Catarina,"so instead I'm going to directly shock and grasp myself,"
3457,"02:02:24","02:02:25",Catarina,"this creature."
3458,"02:02:27","02:02:32",Catarina,"You see the little bolts of a taser on the end forming out,"
3459,"02:02:32","02:02:35",Catarina,"going into a shock."
3460,"02:02:37","02:02:39",Catarina,"Does a 12 hit?"
3461,"02:02:40","02:02:41",Speaker 1,"A 12 does not hit."
3462,"02:02:41","02:02:42",Speaker 1,"Okay."
3463,"02:02:42","02:02:42",DM,"Oh wait,"
3464,"02:02:43","02:02:44",DM,"the little ones?"
3465,"02:02:44","02:02:44",DM,"Yeah,"
3466,"02:02:44","02:02:44",DM,"no,"
3467,"02:02:44","02:02:45",DM,"that does not hit."
3468,"02:02:45","02:02:45",DM,"No."
3469,"02:02:47","02:02:48",Catarina,"So,"
3470,"02:02:48","02:02:51",Catarina,"I am instead going to..."
3471,"02:02:53","02:02:54",Catarina,"That kind of sucks."
3472,"02:02:55","02:02:56",Catarina,"So,"
3473,"02:02:56","02:02:57",Catarina,"I'm going to..."
3474,"02:03:00","02:03:00",Catarina,"Oh,"
3475,"02:03:00","02:03:00",Catarina,"yeah,"
3476,"02:03:00","02:03:02",Catarina,"I was going to do that and now I forgot."
3477,"02:03:02","02:03:02",Catarina,"Okay,"
3478,"02:03:02","02:03:03",Catarina,"that's fine."
3479,"02:03:05","02:03:09",Catarina,"My Ragnito is going to be coming out from its state."
3480,"02:03:10","02:03:16",Catarina,"It's going to throw a ballistic bullet Okay."
3481,"02:03:16","02:03:17",Speaker 1,"Cumber didn't make..."
3482,"02:03:17","02:03:18",Speaker 1,"Well,"
3483,"02:03:18","02:03:19",Speaker 1,"they're fine."
3484,"02:03:19","02:03:21",Delmar,"How many else did Cumber miss?"
3485,"02:03:22","02:03:24",Catarina,"It's going to make that at..."
3486,"02:03:30","02:03:32",Catarina,"It's going to do that to this thing targeting me."
3487,"02:03:32","02:03:32",Catarina,"Okay."
3488,"02:03:34","02:03:34",Speaker 1,"Yeah."
3489,"02:03:37","02:03:37",Catarina,"Okay."
3490,"02:03:37","02:03:40",Catarina,"It does a 16 hit."
3491,"02:03:40","02:03:40",Speaker 6,"16 hits?"
3492,"02:03:41","02:03:41",Speaker 6,"Okay."
3493,"02:03:44","02:03:44",Catarina,"I saw him."
3494,"02:03:44","02:03:45",Catarina,"Basically,"
3495,"02:03:46","02:03:47",DM,"just have the cucumbers."
3496,"02:03:48","02:03:49",Catarina,"Damage here for you."
3497,"02:03:49","02:03:49",Catarina,"Yeah,"
3498,"02:03:49","02:03:51",DM,"those are amazing clips."
3499,"02:03:52","02:03:52",Speaker 1,"There we go."
3500,"02:03:52","02:03:53",DM,"I've always found that cucumbers,"
3501,"02:03:54","02:03:55",DM,"when they're sliced,"
3502,"02:03:55","02:03:56",DM,"they really will last longer."
3503,"02:03:57","02:03:59",DM,"They need to be chopped up and put in the food."
3504,"02:04:00","02:04:00",Catarina,"Ohhhh."
3505,"02:04:02","02:04:02",Speaker 1,"Yeah."
3506,"02:04:02","02:04:06",Catarina,"So that'll be 9 points of force damage."
3507,"02:04:07","02:04:07",Catarina,"Okay."
3508,"02:04:08","02:04:10",Catarina,"And it's pushed 5 feet away."
3509,"02:04:11","02:04:12",DM,"All right."
3510,"02:04:13","02:04:14",DM,"Five feet of force?"
3511,"02:04:15","02:04:15",DM,"Yeah."
3512,"02:04:17","02:04:17",DM,"Oh,"
3513,"02:04:17","02:04:18",Catarina,"no,"
3514,"02:04:18","02:04:18",Catarina,"no,"
3515,"02:04:18","02:04:18",Catarina,"sorry."
3516,"02:04:18","02:04:18",Catarina,"Yeah,"
3517,"02:04:18","02:04:20",Catarina,"so..."
3518,"02:04:20","02:04:22",Catarina,"Push five feet away from the turret?"
3519,"02:04:23","02:04:23",Catarina,"Yeah,"
3520,"02:04:23","02:04:24",Catarina,"from my turret."
3521,"02:04:25","02:04:25",Catarina,"Five feet more away."
3522,"02:04:26","02:04:28",DM,"That's five feet closer to you."
3523,"02:04:30","02:04:30",Speaker 1,"Yeah."
3524,"02:04:30","02:04:31",Speaker 1,"Okay."
3525,"02:04:33","02:04:35",DM,"Doesn't even threaten you,"
3526,"02:04:35","02:04:35",DM,"so yeah."
3527,"02:04:35","02:04:36",DM,"Yeah,"
3528,"02:04:36","02:04:36",DM,"you're..."
3529,"02:04:37","02:04:37",DM,"The turn,"
3530,"02:04:38","02:04:38",DM,"yeah,"
3531,"02:04:38","02:04:43",DM,"turns and shoots and it just brings the slot very uncomfortably close to you."
3532,"02:04:43","02:04:44",DM,"Oh,"
3533,"02:04:44","02:04:44",DM,"thank you."
3534,"02:04:46","02:04:46",Catarina,"Oh,"
3535,"02:04:46","02:04:47",Catarina,"thank you very much."
3536,"02:04:48","02:04:49",Catarina,"You can have veggies."
3537,"02:04:50","02:04:51",DM,"Um,"
3538,"02:04:51","02:04:51",DM,"okay."
3539,"02:04:51","02:04:52",Catarina,"Um,"
3540,"02:04:52","02:04:55",Catarina,"my bird is going to be immediately after me."
3541,"02:04:55","02:04:56",Speaker 1,"Yep."
3542,"02:04:57","02:05:00",Catarina,"He's going to try and shocking grass this creature."
3543,"02:05:00","02:05:00",Speaker 1,"Yep."
3544,"02:05:05","02:05:07",Catarina,"A 24 hit?"
3545,"02:05:08","02:05:08",DM,"24 definitely hits."
3546,"02:05:09","02:05:09",Speaker 1,"Oh."
3547,"02:05:12","02:05:14",Catarina,"That will be it."
3548,"02:05:14","02:05:17",DM,"I just like that instead of elaborating further,"
3549,"02:05:17","02:05:18",DM,"you're just like,"
3550,"02:05:18","02:05:18",DM,"how..."
3551,"02:05:19","02:05:20",Crissdalynn,"At home,"
3552,"02:05:20","02:05:22",Crissdalynn,"if I'll look up something and just do this."
3553,"02:05:26","02:05:32",Catarina,"That would be 10 points of lightning damage."
3554,"02:05:33","02:05:37",Catarina,"And it cannot make opportunity attacks until the start of its next turn."
3555,"02:05:38","02:05:39",DM,"How do you want to tase the slog?"
3556,"02:05:42","02:05:49",Catarina,"I guess at that point I probably have got my hands tied between dancing around this thing."
3557,"02:05:50","02:05:54",Catarina,"And my owl is living on one HP after being attacked,"
3558,"02:05:54","02:06:01",Catarina,"and it's going to be trying to go in and just going in for the claws and going for the eyes to shock it."
3559,"02:06:02","02:06:03",DM,"That revenge lung."
3560,"02:06:03","02:06:04",DM,"And even,"
3561,"02:06:04","02:06:06",DM,"just for your reference,"
3562,"02:06:06","02:06:10",DM,"these sloth are resistant to lightning damage."
3563,"02:06:10","02:06:12",DM,"So you managed to kill it."
3564,"02:06:12","02:06:13",DM,"Even though it is resisting,"
3565,"02:06:13","02:06:16",DM,"you put a lot of volts into this thing."
3566,"02:06:17","02:06:20",DM,"And it held it like a gas until it started cooking."
3567,"02:06:20","02:06:21",DM,"My little tricks."
3568,"02:06:22","02:06:23",DM,"That one you killed."
3569,"02:06:23","02:06:24",Catarina,"I'm an HP and a dream."
3570,"02:06:25","02:06:27",DM,"That sloth is dead."
3571,"02:06:31","02:06:32",DM,"The Third is,"
3572,"02:06:33","02:06:34",DM,"that's..."
3573,"02:06:34","02:06:34",DM,"This is neat."
3574,"02:06:36","02:06:37",Speaker 1,"Did you know what it is?"
3575,"02:06:38","02:06:39",Crissdalynn,"He did not like carrots."
3576,"02:06:40","02:06:41",DM,"He'll eat,"
3577,"02:06:41","02:06:41",DM,"like,"
3578,"02:06:41","02:06:42",DM,"cooked carrots sometimes."
3579,"02:06:44","02:06:44",DM,"But,"
3580,"02:06:44","02:06:44",DM,"yeah,"
3581,"02:06:44","02:06:45",DM,"he doesn't really like vegetables."
3582,"02:06:46","02:06:47",DM,"He eats just vegetables."
3583,"02:06:48","02:06:48",DM,"That's all I got."
3584,"02:06:48","02:06:48",DM,"In here,"
3585,"02:06:48","02:06:50",DM,"there is a..."
3586,"02:06:51","02:06:54",DM,"The banging in the distance is getting louder."
3587,"02:06:55","02:06:55",DM,"There's this rhythm."
3588,"02:06:57","02:06:59",DM,"It's beginning to get louder,"
3589,"02:06:59","02:07:01",DM,"coming from all around Calveno."
3590,"02:07:03","02:07:05",DM,"I'm not quite sure what it is."
3591,"02:07:07","02:07:08",DM,"The O-tar is kind of..."
3592,"02:07:10","02:07:11",DM,"Let's see here just a second."
3593,"02:07:14","02:07:17",DM,"I wonder if this goes straight to number four."
3594,"02:07:17","02:07:18",DM,"Where did you go?"
3595,"02:07:18","02:07:18",DM,"Oh,"
3596,"02:07:18","02:07:19",DM,"he got smushed."
3597,"02:07:19","02:07:20",Speaker 1,"Smushed by Rock."
3598,"02:07:20","02:07:20",DM,"Yeah,"
3599,"02:07:20","02:07:21",DM,"he got smushed."
3600,"02:07:21","02:07:22",DM,"Crissdalynn,"
3601,"02:07:22","02:07:22",DM,"you're up."
3602,"02:07:23","02:07:23",Crissdalynn,"Sweet."
3603,"02:07:26","02:07:27",Crissdalynn,"Let me get back to not Faisal."
3604,"02:07:28","02:07:28",Crissdalynn,"One second."
3605,"02:07:33","02:07:34",Crissdalynn,"I'm going to do my..."
3606,"02:07:36","02:07:38",Crissdalynn,"I'm 15 feet away still."
3607,"02:07:38","02:07:38",Crissdalynn,"Yep."
3608,"02:07:39","02:07:40",Crissdalynn,"15 feet up from him."
3609,"02:07:40","02:07:42",Crissdalynn,"And I'm going to attack twice,"
3610,"02:07:42","02:07:43",Crissdalynn,"open-handed."
3611,"02:07:43","02:07:44",Crissdalynn,"Okay."
3612,"02:07:46","02:07:47",Speaker 1,"19."
3613,"02:07:48","02:07:48",Crissdalynn,"Yep."
3614,"02:07:48","02:07:49",Crissdalynn,"Does a 19 hit?"
3615,"02:07:49","02:07:49",Crissdalynn,"Okay,"
3616,"02:07:49","02:07:52",Crissdalynn,"the other one hits him because I was a higher base."
3617,"02:07:53","02:07:54",Crissdalynn,"Okay."
3618,"02:07:56","02:07:57",Crissdalynn,"Any resistances?"
3619,"02:07:57","02:07:58",DM,"Yeah."
3620,"02:07:58","02:07:58",DM,"Well,"
3621,"02:07:58","02:08:00",DM,"he has been hit a couple things."
3622,"02:08:00","02:08:01",DM,"Fludging?"
3623,"02:08:01","02:08:01",DM,"Nope."
3624,"02:08:04","02:08:05",Crissdalynn,"The first two attacks."
3625,"02:08:05","02:08:06",Crissdalynn,"That's a one."
3626,"02:08:06","02:08:06",Crissdalynn,"Reroll."
3627,"02:08:07","02:08:08",Crissdalynn,"Pull off."
3628,"02:08:08","02:08:08",Crissdalynn,"Reroll."
3629,"02:08:08","02:08:08",Crissdalynn,"There we go."
3630,"02:08:10","02:08:10",Crissdalynn,"10,"
3631,"02:08:10","02:08:10",Crissdalynn,"15,"
3632,"02:08:11","02:08:11",Crissdalynn,"16,"
3633,"02:08:11","02:08:11",Crissdalynn,"17,"
3634,"02:08:12","02:08:17",Crissdalynn,"27 damage for the first two hits."
3635,"02:08:17","02:08:17",Crissdalynn,"Okay."
3636,"02:08:18","02:08:20",Crissdalynn,"I'm going to use a Flurry of Blows."
3637,"02:08:20","02:08:21",Crissdalynn,"27?"
3638,"02:08:21","02:08:21",Crissdalynn,"27."
3639,"02:08:22","02:08:22",Crissdalynn,"Okay."
3640,"02:08:22","02:08:24",Crissdalynn,"For the first two total."
3641,"02:08:25","02:08:26",Crissdalynn,"Flurry of Blows."
3642,"02:08:26","02:08:27",Crissdalynn,"Rinse,"
3643,"02:08:27","02:08:27",Crissdalynn,"repeat it."
3644,"02:08:27","02:08:28",Crissdalynn,"Two more times."
3645,"02:08:30","02:08:31",Crissdalynn,"Same numbers."
3646,"02:08:32","02:08:32",Crissdalynn,"27?"
3647,"02:08:32","02:08:33",Crissdalynn,"No,"
3648,"02:08:33","02:08:33",Crissdalynn,"no,"
3649,"02:08:33","02:08:33",Crissdalynn,"no."
3650,"02:08:33","02:08:34",Crissdalynn,"For the two hits,"
3651,"02:08:34","02:08:34",Crissdalynn,"same numbers."
3652,"02:08:35","02:08:36",Crissdalynn,"So I rolled a 10 and a 15,"
3653,"02:08:36","02:08:38",Crissdalynn,"and I rolled another 10 and a 15."
3654,"02:08:38","02:08:38",Crissdalynn,"Oh,"
3655,"02:08:38","02:08:38",Crissdalynn,"wow."
3656,"02:08:38","02:08:38",Crissdalynn,"Okay."
3657,"02:08:39","02:08:39",Crissdalynn,"Let's go."
3658,"02:08:40","02:08:40",Crissdalynn,"I'll take it."
3659,"02:08:43","02:08:43",Crissdalynn,"6,"
3660,"02:08:43","02:08:43",Crissdalynn,"7,"
3661,"02:08:43","02:08:44",Crissdalynn,"8,"
3662,"02:08:44","02:08:44",Crissdalynn,"9,"
3663,"02:08:44","02:08:45",Crissdalynn,"10,"
3664,"02:08:45","02:08:45",Crissdalynn,"11,"
3665,"02:08:45","02:08:45",Crissdalynn,"12,"
3666,"02:08:45","02:08:45",Crissdalynn,"15,"
3667,"02:08:46","02:08:46",Crissdalynn,"14,"
3668,"02:08:46","02:08:46",Crissdalynn,"15,"
3669,"02:08:46","02:08:46",Crissdalynn,"16,"
3670,"02:08:46","02:08:47",Crissdalynn,"26,"
3671,"02:08:47","02:08:49",Crissdalynn,"27,"
3672,"02:08:49","02:08:53",Crissdalynn,"28 damage for the second two hits."
3673,"02:08:54","02:08:55",Speaker 1,"20."
3674,"02:08:56","02:08:56",Speaker 1,"Rough."
3675,"02:08:57","02:08:57",Speaker 1,"Oh,"
3676,"02:08:57","02:08:57",Speaker 1,"good."
3677,"02:08:58","02:08:59",DM,"Yeah,"
3678,"02:08:59","02:09:02",DM,"he's starting to look and you're doing this at a rate,"
3679,"02:09:02","02:09:02",DM,"aren't you?"
3680,"02:09:03","02:09:03",Crissdalynn,"15 feet."
3681,"02:09:03","02:09:04",Crissdalynn,"I'm using the tendrils."
3682,"02:09:06","02:09:07",Speaker 1,"Okay."
3683,"02:09:08","02:09:08",Crissdalynn,"Oh,"
3684,"02:09:08","02:09:09",Crissdalynn,"and I can push."
3685,"02:09:09","02:09:10",Crissdalynn,"Oh,"
3686,"02:09:10","02:09:10",Crissdalynn,"if I want to grapple,"
3687,"02:09:11","02:09:11",Crissdalynn,"I can shove him,"
3688,"02:09:11","02:09:16",Crissdalynn,"but Hold on,"
3689,"02:09:16","02:09:16",Crissdalynn,"let me think about that."
3690,"02:09:19","02:09:21",Crissdalynn,"I'm seeing what my options are here."
3691,"02:09:22","02:09:23",Crissdalynn,"Once per turn,"
3692,"02:09:23","02:09:24",Crissdalynn,"you hit a creature that doesn't strike,"
3693,"02:09:24","02:09:25",Crissdalynn,"I'm going to push him 5 feet away."
3694,"02:09:30","02:09:30",Speaker 1,"Oh,"
3695,"02:09:30","02:09:31",Speaker 1,"he is..."
3696,"02:09:33","02:09:34",DM,"What's the rule on pushing large creatures?"
3697,"02:09:36","02:09:39",DM,"It usually says under the description of whatever it is."
3698,"02:09:40","02:09:40",DM,"Generally,"
3699,"02:09:40","02:09:43",DM,"it's huge or smaller can be pushed with most things."
3700,"02:09:44","02:09:47",Crissdalynn,"When you have a creature with an unarmed character's priority attack action on your turn,"
3701,"02:09:47","02:09:50",Crissdalynn,"you can deal damage to the target and also push it five feet away from you."
3702,"02:09:50","02:09:52",Crissdalynn,"You can use this benefit once per turn."
3703,"02:09:52","02:09:53",Delmar,"But he's prone."
3704,"02:09:53","02:09:54",Delmar,"He's not prone."
3705,"02:09:54","02:09:56",Crissdalynn,"He resisted That's right."
3706,"02:09:57","02:09:57",Crissdalynn,"He uses legendary."
3707,"02:09:58","02:09:58",Crissdalynn,"That's right."
3708,"02:09:58","02:09:58",Delmar,"Sorry."
3709,"02:09:59","02:09:59",Delmar,"Okay."
3710,"02:09:59","02:10:00",Delmar,"Thank you."
3711,"02:10:00","02:10:01",Crissdalynn,"He's probably still going to legendary resistance."
3712,"02:10:03","02:10:03",DM,"He does."
3713,"02:10:04","02:10:04",DM,"He does,"
3714,"02:10:04","02:10:05",DM,"but for this."
3715,"02:10:05","02:10:06",DM,"It's a stat block."
3716,"02:10:06","02:10:07",DM,"It is a stat block,"
3717,"02:10:07","02:10:09",DM,"but he thinks it's going to be too powerful,"
3718,"02:10:09","02:10:10",Speaker 1,"so."
3719,"02:10:10","02:10:11",DM,"Bill Bell,"
3720,"02:10:11","02:10:12",DM,"when he was supposed to be a boss,"
3721,"02:10:12","02:10:12",DM,"was where he does."
3722,"02:10:16","02:10:16",DM,"Okay."
3723,"02:10:17","02:10:17",DM,"Bonus action?"
3724,"02:10:19","02:10:20",DM,"Our bonus action was the story of Lost."
3725,"02:10:21","02:10:21",DM,"Oh,"
3726,"02:10:21","02:10:21",DM,"okay."
3727,"02:10:21","02:10:21",DM,"Yep."
3728,"02:10:21","02:10:22",DM,"All right."
3729,"02:10:23","02:10:24",DM,"Otar's turn."
3730,"02:10:24","02:10:24",DM,"Oh,"
3731,"02:10:24","02:10:24",DM,"boy."
3732,"02:10:26","02:10:27",DM,"He is,"
3733,"02:10:27","02:10:28",DM,"yeah,"
3734,"02:10:28","02:10:30",DM,"you can kind of see his skin like,"
3735,"02:10:30","02:10:32",DM,"underneath him and kind of like,"
3736,"02:10:32","02:10:35",DM,"it looks almost like Oh,"
3737,"02:10:36","02:10:38",Crissdalynn,"and remember I've got a 19 because I'm still holding his gap."
3738,"02:10:38","02:10:39",Crissdalynn,"Okay."
3739,"02:10:41","02:10:42",DM,"So,"
3740,"02:10:42","02:10:44",DM,"he regenerates a bit of health here,"
3741,"02:10:45","02:10:47",DM,"healing himself up a little."
3742,"02:10:49","02:10:50",DM,"Cherokee's not supposed to do that."
3743,"02:10:50","02:10:51",Speaker 1,"That's cheating."
3744,"02:10:51","02:10:53",DM,"It was only that last round,"
3745,"02:10:53","02:10:53",DM,"now it's clear."
3746,"02:10:54","02:10:55",DM,"Okay."
3747,"02:10:55","02:10:56",DM,"And yeah,"
3748,"02:10:56","02:10:58",DM,"he's he looks unstable,"
3749,"02:10:58","02:11:01",DM,"like his skin is barely holding his body together."
3750,"02:11:03","02:11:04",DM,"Let's see here."
3751,"02:11:05","02:11:05",DM,"Now."
3752,"02:11:06","02:11:08",DM,"He's like a Koli."
3753,"02:11:08","02:11:08",DM,"Oh,"
3754,"02:11:09","02:11:10",DM,"I've been forgetting to use that the whole time."
3755,"02:11:11","02:11:11",DM,"Okay."
3756,"02:11:14","02:11:18",Delmar,"Welcome to this campaign and my last campaign for me."
3757,"02:11:19","02:11:20",DM,"So,"
3758,"02:11:20","02:11:21",DM,"Tongue Lash,"
3759,"02:11:21","02:11:22",DM,"coming right up."
3760,"02:11:23","02:11:25",DM,"Not managed to get Crissdalynn with this once,"
3761,"02:11:26","02:11:27",DM,"so I'm not gonna bother with that."
3762,"02:11:27","02:11:27",DM,"Um."
3763,"02:11:30","02:11:31",DM,"Where?"
3764,"02:11:32","02:11:32",DM,"Oh,"
3765,"02:11:32","02:11:33",DM,"I know who."
3766,"02:11:34","02:11:34",Speaker 1,"Hi."
3767,"02:11:34","02:11:35",Speaker 1,"Actually."
3768,"02:11:36","02:11:36",Crissdalynn,"Pick me,"
3769,"02:11:36","02:11:37",Crissdalynn,"pick me!"
3770,"02:11:39","02:11:40",DM,"Kyzil's right there,"
3771,"02:11:40","02:11:41",DM,"and he's a pretty good threat."
3772,"02:11:41","02:11:41",DM,"But I pushed him away."
3773,"02:11:42","02:11:43",Crissdalynn,"He's facing this direction."
3774,"02:11:44","02:11:44",Crissdalynn,"He's gonna be like,"
3775,"02:11:44","02:11:45",Crissdalynn,"you see people in front of me?"
3776,"02:11:48","02:11:48",DM,"Let's see here."
3777,"02:11:49","02:11:49",DM,"Well,"
3778,"02:11:49","02:11:50",DM,"everyone's getting one."
3779,"02:11:51","02:11:52",Speaker 1,"Um."
3780,"02:11:53","02:11:53",DM,"So,"
3781,"02:11:53","02:11:54",DM,"first attack."
3782,"02:11:54","02:12:55",DM,"actually yeah there's five one two three four five sets the spider so one two three four and you're the only one so he's only oh okay oh okay yeah so I'll do it that's part of all my new abilities I'm trying to be a tank support come on kill me sure oh no I mean I have Uncanny Dodge well okay I'm going to fail we all suck at strength saves I thought it was like a ranged attack I'm going to fail I'm going to shitload of damage Just attack the bird."
3783,"02:12:56","02:12:58",DM,"He is going around from every direction."
3784,"02:12:59","02:12:59",Speaker 1,"And..."
3785,"02:13:00","02:13:02",DM,"I haven't made much of an arena."
3786,"02:13:02","02:13:02",DM,"One,"
3787,"02:13:03","02:13:03",DM,"two,"
3788,"02:13:03","02:13:04",DM,"three,"
3789,"02:13:04","02:13:06",DM,"and Kyzil is four."
3790,"02:13:06","02:13:07",DM,"What about..."
3791,"02:13:07","02:13:07",DM,"Sorry."
3792,"02:13:08","02:13:08",DM,"I'm all the way over here."
3793,"02:13:09","02:13:09",DM,"Yeah."
3794,"02:13:11","02:13:12",DM,"One,"
3795,"02:13:12","02:13:12",DM,"two,"
3796,"02:13:13","02:13:13",DM,"three,"
3797,"02:13:13","02:13:15",DM,"and Kyzil is four."
3798,"02:13:17","02:13:17",DM,"Three."
3799,"02:13:18","02:13:18",DM,"Kyzil is four."
3800,"02:13:21","02:13:22",Speaker 1,"Getting the tone lash."
3801,"02:13:26","02:13:59",DM,"that's probably enough 21 definitely hits her she has a shield she has a shield on her I think she's got a I don't know because this is not a character sheet I'm probably running it off of D&D Beyond Heaven somewhere let's see Catarina *makes weird noises* *makes weird noises* Excuse me."
3802,"02:14:00","02:14:02",DM,"I'm just not here today."
3803,"02:14:02","02:14:03",DM,"Uh,"
3804,"02:14:03","02:14:03",DM,"this is a..."
3805,"02:14:04","02:14:04",DM,"I don't know."
3806,"02:14:07","02:14:07",DM,"Yeah,"
3807,"02:14:07","02:14:08",DM,"she got really good."
3808,"02:14:08","02:14:09",DM,"Yeah,"
3809,"02:14:09","02:14:11",DM,"the alert feeds just don't..."
3810,"02:14:12","02:14:13",DM,"I had that on,"
3811,"02:14:13","02:14:13",DM,"um,"
3812,"02:14:13","02:14:15",DM,"RTLV."
3813,"02:14:15","02:14:15",Speaker 1,"Oh!"
3814,"02:14:17","02:14:18",DM,"You have a potion of healing."
3815,"02:14:18","02:14:19",DM,"A mage going first,"
3816,"02:14:19","02:14:20",DM,"or like,"
3817,"02:14:20","02:14:22",DM,"spellcaster going to hear us."
3818,"02:14:22","02:14:22",DM,"I didn't."
3819,"02:14:22","02:14:22",DM,"Fucking."
3820,"02:14:23","02:14:23",DM,"Yeah."
3821,"02:14:25","02:14:25",DM,"Yeah,"
3822,"02:14:25","02:14:27",DM,"that's great because I got it from..."
3823,"02:14:28","02:14:31",DM,"Part of me wants to run it on this or something,"
3824,"02:14:31","02:14:33",DM,"but I also love,"
3825,"02:14:33","02:14:38",DM,"I'm having more fun playing a more balanced character that's not too still is pretty powerful."
3826,"02:14:38","02:14:39",Delmar,"So,"
3827,"02:14:39","02:14:39",Delmar,"um,"
3828,"02:14:39","02:14:41",Delmar,"I owe you two apologies."
3829,"02:14:42","02:14:43",Delmar,"One,"
3830,"02:14:43","02:14:44",Delmar,"thank you for,"
3831,"02:14:44","02:14:45",Delmar,"well,"
3832,"02:14:45","02:14:45",Delmar,"Delmar."
3833,"02:14:47","02:14:49",Delmar,"But I also owe him an apology."
3834,"02:14:49","02:14:51",Delmar,"Thank you,"
3835,"02:14:51","02:14:52",Delmar,"and double or a small apology."
3836,"02:14:52","02:14:55",Delmar,"I didn't remember that I got one of these."
3837,"02:14:56","02:14:57",DM,"Oh,"
3838,"02:14:57","02:14:58",DM,"I'm a little..."
3839,"02:14:58","02:14:59",DM,"Wait,"
3840,"02:14:59","02:14:59",DM,"wait,"
3841,"02:14:59","02:15:00",DM,"wait."
3842,"02:15:00","02:15:00",DM,"Yeah,"
3843,"02:15:00","02:15:00",DM,"okay."
3844,"02:15:03","02:15:05",DM,"The tongue whip is coming."
3845,"02:15:07","02:15:08",DM,"So 21 hits."
3846,"02:15:09","02:15:13",DM,"You're going to be taking nine bludgeoning damage in addition."
3847,"02:15:14","02:15:17",DM,"Since you're weeping this iridescent,"
3848,"02:15:17","02:15:18",DM,"weeping fluid,"
3849,"02:15:19","02:15:22",DM,"you're taking an additional 13 acid damage."
3850,"02:15:23","02:15:23",DM,"Okay,"
3851,"02:15:23","02:15:25",DM,"so I took 9,"
3852,"02:15:26","02:15:26",DM,"please?"
3853,"02:15:26","02:15:27",DM,"Not 13."
3854,"02:15:27","02:15:32",DM,"It was 9 and 5 acid damage,"
3855,"02:15:32","02:15:33",DM,"so 14 total."
3856,"02:15:35","02:15:38",DM,"And I need you to make a decent 16 strength saving throw."
3857,"02:15:39","02:15:40",Speaker 1,"Not be grappled?"
3858,"02:15:40","02:15:40",Speaker 1,"Yeah."
3859,"02:15:41","02:15:41",Speaker 1,"Yeah,"
3860,"02:15:41","02:15:42",Speaker 1,"that's fair."
3861,"02:15:47","02:15:48",Speaker 1,"Yep,"
3862,"02:15:48","02:15:49",Speaker 1,"so..."
3863,"02:15:52","02:16:00",Catarina,"I'm going to use my inspiration okay what TC was it?"
3864,"02:16:00","02:16:03",DM,"16 I don't make it you are,"
3865,"02:16:03","02:16:10",DM,"yeah not paying attention and all of a sudden you just feel a large,"
3866,"02:16:10","02:16:21",DM,"about the size of a baseball bat plushy thing hit the side of your head and you are yanked towards him into the open mouth."
3867,"02:16:22","02:16:22",Speaker 1,"Yep."
3868,"02:16:24","02:16:26",DM,"And he's got you in his mouth."
3869,"02:16:28","02:16:29",Catarina,"I am gonna die."
3870,"02:16:29","02:16:30",Catarina,"Bye,"
3871,"02:16:30","02:16:30",Catarina,"guys."
3872,"02:16:30","02:16:31",Catarina,"How much HP do you have?"
3873,"02:16:31","02:16:32",Catarina,"I'm nearly dead."
3874,"02:16:34","02:16:35",DM,"Already dead."
3875,"02:16:36","02:16:37",DM,"Just a second."
3876,"02:16:44","02:16:47",DM,"I can make one bite attack and one lash attack."
3877,"02:16:48","02:16:51",DM,"Which makes no sense for him not to bite the thing in his mouth."
3878,"02:16:52","02:16:54",DM,"Does a 18 hit?"
3879,"02:16:55","02:16:56",Catarina,"I will react to the shield."
3880,"02:16:57","02:16:57",Speaker 1,"Okay."
3881,"02:16:59","02:17:00",DM,"So,"
3882,"02:17:00","02:17:00",DM,"yeah,"
3883,"02:17:00","02:17:01",DM,"what's that boost or something?"
3884,"02:17:02","02:17:02",DM,"Wind."
3885,"02:17:02","02:17:02",DM,"Yeah."
3886,"02:17:04","02:17:05",Speaker 1,"So,"
3887,"02:17:05","02:17:05",DM,"21."
3888,"02:17:07","02:17:08",DM,"Okay,"
3889,"02:17:08","02:17:08",DM,"yeah."
3890,"02:17:08","02:17:09",DM,"Yeah,"
3891,"02:17:09","02:17:10",DM,"you're good."
3892,"02:17:11","02:17:12",DM,"Yeah,"
3893,"02:17:12","02:17:12",DM,"I mean,"
3894,"02:17:12","02:17:13",DM,"yeah."
3895,"02:17:13","02:17:14",DM,"You did not want to..."
3896,"02:17:14","02:17:15",DM,"You are grappled."
3897,"02:17:16","02:17:16",DM,"So,"
3898,"02:17:16","02:17:17",DM,"your speed is zero."
3899,"02:17:17","02:17:18",DM,"You're in a giant frog house."
3900,"02:17:19","02:17:19",Speaker 1,"Yep."
3901,"02:17:21","02:17:22",DM,"And now he's going to make..."
3902,"02:17:24","02:17:25",DM,"He uses move beats."
3903,"02:17:25","02:17:25",DM,"Just on."
3904,"02:17:27","02:17:27",Speaker 1,"Yeah."
3905,"02:17:28","02:17:28",DM,"I'm safe."
3906,"02:17:29","02:17:29",DM,"Yeah,"
3907,"02:17:29","02:17:29",DM,"yeah."
3908,"02:17:30","02:17:31",DM,"Let's see here."
3909,"02:17:31","02:17:31",DM,"Very serious."
3910,"02:17:32","02:17:33",DM,"Good boy."
3911,"02:17:34","02:17:35",DM,"Did he come over here?"
3912,"02:17:39","02:17:39",DM,"Crissdalynn,"
3913,"02:17:39","02:17:40",DM,"how high up are you?"
3914,"02:17:40","02:17:41",Crissdalynn,"15 feet."
3915,"02:17:42","02:17:43",DM,"He can hit you there."
3916,"02:17:45","02:17:46",Crissdalynn,"Roll."
3917,"02:17:46","02:17:47",Crissdalynn,"I should say 15 feet above his head."
3918,"02:17:48","02:17:49",Speaker 1,"Okay."
3919,"02:17:51","02:17:52",DM,"It's more like 20,"
3920,"02:17:52","02:17:52",DM,"you know."
3921,"02:17:56","02:17:58",DM,"So it's got a 10-foot range."
3922,"02:18:00","02:18:01",DM,"You know,"
3923,"02:18:01","02:18:02",DM,"I'm going to let the dice decide this."
3924,"02:18:02","02:18:02",DM,"I don't want to hit,"
3925,"02:18:03","02:18:03",DM,"but it feels..."
3926,"02:18:03","02:18:04",DM,"I like the dice."
3927,"02:18:05","02:18:06",DM,"If it's 10 or higher,"
3928,"02:18:06","02:18:06",DM,"I hit."
3929,"02:18:06","02:18:08",DM,"All right."
3930,"02:18:11","02:18:11",DM,"So,"
3931,"02:18:12","02:18:13",DM,"I'll actually roll to hit with this."
3932,"02:18:14","02:18:14",DM,"Oh,"
3933,"02:18:14","02:18:15",DM,"yes,"
3934,"02:18:15","02:18:16",DM,"that's not bad."
3935,"02:18:16","02:18:16",DM,"27."
3936,"02:18:17","02:18:17",DM,"That hits."
3937,"02:18:20","02:18:23",DM,"That is 14 piercing damage."
3938,"02:18:23","02:18:24",DM,"I deflect."
3939,"02:18:25","02:18:26",DM,"And I,"
3940,"02:18:26","02:18:27",DM,"just a second,"
3941,"02:18:27","02:18:32",DM,"14 piercing and 9 acid damage."
3942,"02:18:32","02:18:34",DM,"Holy shitballs."
3943,"02:18:36","02:18:37",DM,"Dying."
3944,"02:18:37","02:18:37",DM,"I miss."
3945,"02:18:38","02:18:39",DM,"Are you down?"
3946,"02:18:39","02:18:40",Crissdalynn,"I'm not down down,"
3947,"02:18:40","02:18:42",Crissdalynn,"but I'm in his mouth right now."
3948,"02:18:42","02:18:42",Crissdalynn,"Oh,"
3949,"02:18:42","02:18:42",Speaker 1,"okay."
3950,"02:18:42","02:18:43",Crissdalynn,"I deflect for 19."
3951,"02:18:44","02:18:44",Crissdalynn,"19?"
3952,"02:18:45","02:18:45",DM,"Yeah."
3953,"02:18:46","02:18:47",DM,"You send it back to him?"
3954,"02:18:47","02:18:47",Speaker 1,"Yeah."
3955,"02:18:48","02:18:48",Crissdalynn,"Okay."
3956,"02:18:48","02:18:48",Crissdalynn,"Well,"
3957,"02:18:48","02:18:50",Crissdalynn,"it didn't work last time,"
3958,"02:18:51","02:18:52",Crissdalynn,"so I'm not going to waste a key,"
3959,"02:18:52","02:18:52",Crissdalynn,"please."
3960,"02:18:52","02:18:53",Crissdalynn,"I love doing that."
3961,"02:18:54","02:18:56",Crissdalynn,"I'm just going to slap him the other way."
3962,"02:18:56","02:18:56",Crissdalynn,"Okay."
3963,"02:18:57","02:18:58",Crissdalynn,"I rolled max damage,"
3964,"02:18:58","02:18:58",Crissdalynn,"as you can see."
3965,"02:18:59","02:18:59",Speaker 1,"So,"
3966,"02:19:00","02:19:00",DM,"yeah,"
3967,"02:19:00","02:19:01",DM,"he comes in with the claw,"
3968,"02:19:02","02:19:04",DM,"and you just pinch slap his hand out of the way."
3969,"02:19:04","02:19:04",DM,"Yeah."
3970,"02:19:05","02:19:05",DM,"Nice."
3971,"02:19:05","02:19:06",DM,"Like,"
3972,"02:19:06","02:19:06",DM,"we need chunk."
3973,"02:19:07","02:19:07",DM,"Like,"
3974,"02:19:07","02:19:08",DM,"yeah."
3975,"02:19:08","02:19:08",DM,"Wax on?"
3976,"02:19:09","02:19:09",DM,"Yeah."
3977,"02:19:09","02:19:09",DM,"Wax off."
3978,"02:19:10","02:19:11",Crissdalynn,"I feel like I taught her well."
3979,"02:19:12","02:19:13",DM,"Yes,"
3980,"02:19:13","02:19:13",DM,"I approve."
3981,"02:19:16","02:19:17",DM,"follow through with the second attack."
3982,"02:19:18","02:19:18",DM,"Delmar,"
3983,"02:19:18","02:19:18",DM,"how high up are you?"
3984,"02:19:18","02:19:19",DM,"What was the total damage?"
3985,"02:19:21","02:19:24",Crissdalynn,"And does the acid go off if he doesn't actually touch me?"
3986,"02:19:26","02:19:27",DM,"If I deflect it away?"
3987,"02:19:29","02:19:33",DM,"The total would have been it was 14 piercing,"
3988,"02:19:33","02:19:34",DM,"and then it was..."
3989,"02:19:35","02:19:37",Catarina,"Your guys' infusions do die."
3990,"02:19:37","02:19:38",DM,"Nine."
3991,"02:19:38","02:19:39",DM,"Nine acid."
3992,"02:19:39","02:19:40",DM,"But if you deflect it,"
3993,"02:19:40","02:19:41",DM,"you don't."
3994,"02:19:41","02:19:42",DM,"Okay,"
3995,"02:19:42","02:19:42",DM,"so then there we go."
3996,"02:19:43","02:19:43",DM,"Oh,"
3997,"02:19:43","02:19:43",Catarina,"right,"
3998,"02:19:44","02:19:44",Catarina,"it's 5."
3999,"02:19:44","02:19:44",Catarina,"Yeah,"
4000,"02:19:44","02:19:45",Catarina,"I guess it's 5."
4001,"02:19:45","02:19:45",Catarina,"Yeah,"
4002,"02:19:45","02:19:46",Catarina,"that's right."
4003,"02:19:47","02:19:48",Delmar,"How high up are you?"
4004,"02:19:48","02:19:49",Delmar,"I'm 25 feet above."
4005,"02:19:50","02:19:50",Delmar,"Yeah,"
4006,"02:19:50","02:19:50",Delmar,"okay,"
4007,"02:19:50","02:19:50",Delmar,"that's..."
4008,"02:19:53","02:19:54",Delmar,"Because the range of the gun,"
4009,"02:19:54","02:19:54",Delmar,"I believe,"
4010,"02:19:54","02:19:55",Delmar,"is like 60 feet,"
4011,"02:19:55","02:19:59",Delmar,"but I wanted to keep him within where I wasn't getting..."
4012,"02:19:59","02:20:02",Delmar,"Just so I could run up back so I wasn't at a disadvantage to shoot him."
4013,"02:20:03","02:20:04",DM,"I'm going to..."
4014,"02:20:04","02:20:06",DM,"He's going to try and jump for you."
4015,"02:20:06","02:20:07",DM,"I'm going to say 10 or higher."
4016,"02:20:07","02:20:09",DM,"He's able to jump to make it."
4017,"02:20:10","02:20:10",Speaker 1,"I'm 12."
4018,"02:20:12","02:20:13",Speaker 1,"He's going to take it."
4019,"02:20:14","02:20:15",DM,"18."
4020,"02:20:17","02:20:18",Speaker 1,"Close to our 19th."
4021,"02:20:19","02:20:20",Speaker 1,"To hit."
4022,"02:20:22","02:20:23",Delmar,"Oh yeah,"
4023,"02:20:23","02:20:23",Delmar,"no,"
4024,"02:20:23","02:20:24",Delmar,"my AC is 16."
4025,"02:20:24","02:20:24",Delmar,"Yeah,"
4026,"02:20:24","02:20:25",Delmar,"so."
4027,"02:20:27","02:20:28",Delmar,"That is good to be."
4028,"02:20:31","02:20:32",Delmar,"I'll use my reaction,"
4029,"02:20:32","02:20:32",Delmar,"I guess,"
4030,"02:20:32","02:20:33",Delmar,"to Uncanny Dodge."
4031,"02:20:34","02:20:34",DM,"Yeah,"
4032,"02:20:34","02:20:35",DM,"11 slashing damage,"
4033,"02:20:36","02:20:41",DM,"followed by 11 acid damage."
4034,"02:20:41","02:20:42",DM,"Uncanny Dodge will take 11."
4035,"02:20:43","02:20:43",DM,"So I'll just take 11."
4036,"02:20:44","02:20:44",DM,"Yeah."
4037,"02:20:44","02:20:44",DM,"Okay."
4038,"02:20:44","02:20:44",DM,"Okay."
4039,"02:20:45","02:20:45",DM,"Ooh,"
4040,"02:20:45","02:20:45",DM,"damn."
4041,"02:20:46","02:20:48",DM,"And 11 hurts a bit."
4042,"02:20:48","02:20:49",DM,"That was four?"
4043,"02:20:51","02:20:52",Speaker 1,"Yeah."
4044,"02:20:52","02:20:52",Speaker 1,"Okay."
4045,"02:20:55","02:20:55",Delmar,"Yeah."
4046,"02:20:56","02:20:58",Delmar,"Who's saying we don't need Enzo now?"
4047,"02:20:58","02:20:58",Delmar,"Okay."
4048,"02:20:59","02:20:59",Speaker 1,"Yeah,"
4049,"02:20:59","02:20:59",Speaker 1,"right."
4050,"02:21:00","02:21:00",Speaker 1,"Let's put your hits apart."
4051,"02:21:01","02:21:01",Speaker 1,"Hits."
4052,"02:21:02","02:21:03",DM,"Yeah,"
4053,"02:21:03","02:21:05",DM,"witnessing that has changed my strategy."
4054,"02:21:05","02:21:05",DM,"My turn."
4055,"02:21:06","02:21:08",DM,"I've used 10 of his movement."
4056,"02:21:09","02:21:09",DM,"Yeah."
4057,"02:21:10","02:21:10",DM,"Well."
4058,"02:21:11","02:21:11",DM,"Oh,"
4059,"02:21:15","02:21:15",DM,"the jumps."
4060,"02:21:15","02:21:16",DM,"Yeah,"
4061,"02:21:16","02:21:18",DM,"actually that was probably..."
4062,"02:21:18","02:21:18",Delmar,"Let's say jump,"
4063,"02:21:18","02:21:20",Delmar,"you gotta go at least 25 to hit."
4064,"02:21:22","02:21:23",Delmar,"Alright,"
4065,"02:21:23","02:21:24",Delmar,"that's it for Otar."
4066,"02:21:33","02:21:33",DM,"Perrin,"
4067,"02:21:33","02:21:34",DM,"you're up."
4068,"02:21:37","02:21:41",Perrin,"Which are all the figures that are down there,"
4069,"02:21:41","02:21:42",Perrin,"are they all dead?"
4070,"02:21:43","02:21:43",DM,"The ones that are knocked over,"
4071,"02:21:44","02:21:44",DM,"yeah."
4072,"02:21:44","02:21:44",DM,"Okay."
4073,"02:21:44","02:21:49",Perrin,"And this is difficult terrain?"
4074,"02:21:49","02:21:49",DM,"It is."
4075,"02:21:50","02:21:50",DM,"Okay."
4076,"02:21:51","02:21:51",DM,"So,"
4077,"02:21:52","02:21:53",Perrin,"I can't really make a lot of ground."
4078,"02:21:54","02:21:55",Perrin,"It's half movement speed if it's difficult?"
4079,"02:21:55","02:21:55",DM,"It is."
4080,"02:21:55","02:21:56",DM,"Okay."
4081,"02:21:58","02:21:58",DM,"So,"
4082,"02:21:59","02:22:01",Perrin,"I can really only go 15,"
4083,"02:22:01","02:22:02",Perrin,"5,"
4084,"02:22:02","02:22:02",Perrin,"10,"
4085,"02:22:02","02:22:03",Perrin,"15."
4086,"02:22:05","02:22:06",Perrin,"When I go,"
4087,"02:22:06","02:22:08",Perrin,"does it matter if I go more choices?"
4088,"02:22:08","02:22:09",DM,"This guy not."
4089,"02:22:12","02:22:12",DM,"Boy,"
4090,"02:22:12","02:22:13",DM,"he does have that miasma."
4091,"02:22:14","02:22:14",DM,"Yeah,"
4092,"02:22:14","02:22:15",DM,"you don't want to get within 10 feet."
4093,"02:22:16","02:22:16",Perrin,"Yeah,"
4094,"02:22:16","02:22:19",Perrin,"I will go there with my 15 feet of movement."
4095,"02:22:19","02:22:24",Perrin,"I will do mirror image as my action."
4096,"02:22:26","02:22:31",Perrin,"And I will do healing word on Katerina."
4097,"02:22:32","02:22:33",DM,"You're not getting that one?"
4098,"02:22:35","02:22:35",DM,"Really?"
4099,"02:22:36","02:22:37",Speaker 1,"Ooh,"
4100,"02:22:37","02:22:38",Speaker 1,"that's too far."
4101,"02:22:38","02:22:38",Speaker 1,"I'm fine about you,"
4102,"02:22:39","02:22:39",Speaker 1,"man."
4103,"02:22:42","02:22:43",Delmar,"Eight plus five is thirteen."
4104,"02:22:45","02:22:45",Speaker 1,"Alone?"
4105,"02:22:45","02:22:46",Delmar,"No,"
4106,"02:22:46","02:22:46",Delmar,"you're right."
4107,"02:22:46","02:22:47",Delmar,"Thirteen."
4108,"02:22:47","02:22:47",Delmar,"Eight plus five."
4109,"02:22:48","02:22:49",Delmar,"Take two away from the five."
4110,"02:22:49","02:22:50",Delmar,"You got three left."
4111,"02:22:50","02:22:51",Delmar,"I didn't index in my head."
4112,"02:22:51","02:22:53",Delmar,"I did six plus five for some reason."
4113,"02:22:53","02:22:54",Delmar,"Thank you very much."
4114,"02:22:55","02:22:55",DM,"Thirteen."
4115,"02:22:56","02:22:57",DM,"Thirteen."
4116,"02:22:57","02:22:57",DM,"Healing."
4117,"02:22:59","02:22:59",Speaker 1,"Yes,"
4118,"02:22:59","02:23:00",Speaker 1,"thank you."
4119,"02:23:00","02:23:01",Perrin,"And that is my turn."
4120,"02:23:02","02:23:02",Speaker 1,"All right."
4121,"02:23:07","02:23:07",DM,"All right."
4122,"02:23:08","02:23:10",DM,"Are you going to use a legendary action?"
4123,"02:23:15","02:23:16",DM,"Hungry,"
4124,"02:23:16","02:23:16",DM,"hungry."
4125,"02:23:16","02:23:16",DM,"Oh,"
4126,"02:23:16","02:23:19",Perrin,"I meant to also on my turn,"
4127,"02:23:19","02:23:20",Perrin,"if I can,"
4128,"02:23:21","02:23:21",Perrin,"as a free action,"
4129,"02:23:22","02:23:23",Perrin,"to speak into the Sending Stone."
4130,"02:23:24","02:23:31",Perrin,"And I would say send Enzo or send help."
4131,"02:23:32","02:23:32",Perrin,"I guess I have one."
4132,"02:23:33","02:23:35",DM,"You'll have to roll on it."
4133,"02:23:35","02:23:36",DM,"Send help,"
4134,"02:23:36","02:23:37",DM,"send Enzo."
4135,"02:23:38","02:23:39",DM,"center square,"
4136,"02:23:39","02:23:41",DM,"center market or whatever,"
4137,"02:23:41","02:23:41",DM,"right?"
4138,"02:23:42","02:23:44",DM,"We'll go towards the big explosion."
4139,"02:23:44","02:23:44",DM,"Yeah."
4140,"02:23:46","02:23:47",DM,"So roll persuasion."
4141,"02:23:48","02:23:50",DM,"It's a good persuasion."
4142,"02:23:50","02:23:51",DM,"This is just you trying to,"
4143,"02:23:51","02:23:51",DM,"like,"
4144,"02:23:52","02:23:53",DM,"she can tell it's a big deal."
4145,"02:23:53","02:23:58",DM,"We're hoping Enzo is close enough to be 19."
4146,"02:23:59","02:24:00",DM,"19's pretty good."
4147,"02:24:00","02:24:00",DM,"So,"
4148,"02:24:00","02:24:01",DM,"yeah,"
4149,"02:24:02","02:24:02",DM,"no response."
4150,"02:24:03","02:24:03",DM,"Yes,"
4151,"02:24:03","02:24:05",DM,"we heard something's going on."
4152,"02:24:05","02:24:05",DM,"Okay,"
4153,"02:24:06","02:24:07",DM,"we're sending Enzo."
4154,"02:24:07","02:24:08",DM,"It was the big,"
4155,"02:24:08","02:24:10",DM,"the big explosion,"
4156,"02:24:11","02:24:12",DM,"not the other two,"
4157,"02:24:12","02:24:12",DM,"yeah?"
4158,"02:24:12","02:24:13",DM,"The big boom."
4159,"02:24:13","02:24:14",DM,"That answered my question."
4160,"02:24:15","02:24:17",Delmar,"I was wondering if the other two had gone off."
4161,"02:24:17","02:24:18",Delmar,"I just hadn't had a chance to see it."
4162,"02:24:19","02:24:20",Speaker 1,"Yes."
4163,"02:24:21","02:24:21",DM,"Okay,"
4164,"02:24:22","02:24:22",DM,"we're sending,"
4165,"02:24:23","02:24:25",DM,"Rocky and Enzo are down at the other sites,"
4166,"02:24:25","02:24:26",DM,"but I'll send Enzo to help out."
4167,"02:24:26","02:24:27",DM,"Sorry,"
4168,"02:24:27","02:24:27",DM,"25 words or less."
4169,"02:24:28","02:24:29",DM,"She's got the unlimited point."
4170,"02:24:30","02:24:32",DM,"I wish I could do that."
4171,"02:24:33","02:24:35",Delmar,"The crystal slowly grows,"
4172,"02:24:35","02:24:36",Delmar,"and they just keep talking."
4173,"02:24:37","02:24:40",Delmar,"The other one just done and it sends and it reverts back to the regular size."
4174,"02:24:41","02:24:42",DM,"So yeah,"
4175,"02:24:42","02:24:43",DM,"that was successful."
4176,"02:24:44","02:24:45",DM,"Here at the moment,"
4177,"02:24:45","02:24:46",DM,"it will take him a round or two."
4178,"02:24:47","02:24:51",DM,"Just because he's not quite as quick as Kyzil and Kyzil could literally be anywhere."
4179,"02:24:51","02:24:54",DM,"Just fulfilling the Admiral's request there."
4180,"02:24:56","02:24:57",DM,"Okay."
4181,"02:24:57","02:24:58",DM,"Slod 5,"
4182,"02:24:58","02:24:59",DM,"I believe."
4183,"02:24:59","02:25:00",DM,"Yeah?"
4184,"02:25:01","02:25:01",DM,"Oh,"
4185,"02:25:01","02:25:03",DM,"this one was the one who was eating the gator."
4186,"02:25:05","02:25:05",DM,"So yeah,"
4187,"02:25:05","02:25:06",DM,"he's going to eat the gator."
4188,"02:25:09","02:25:09",DM,"Yeah,"
4189,"02:25:09","02:25:10",DM,"and he definitely eats the gator,"
4190,"02:25:10","02:25:15",DM,"so he's going to run up a little bit and pull on..."
4191,"02:25:17","02:25:19",DM,"The gator didn't get an attack of opportunity?"
4192,"02:25:20","02:25:21",Crissdalynn,"Yeah!"
4193,"02:25:23","02:25:23",Crissdalynn,"No,"
4194,"02:25:23","02:25:24",Crissdalynn,"it's when you lead the threat,"
4195,"02:25:24","02:25:24",Crissdalynn,"right?"
4196,"02:25:24","02:25:25",Crissdalynn,"Well,"
4197,"02:25:25","02:25:26",Crissdalynn,"he does lead it."
4198,"02:25:26","02:25:27",Crissdalynn,"It's an ambush predator."
4199,"02:25:27","02:25:27",DM,"Yeah,"
4200,"02:25:27","02:25:29",DM,"he's ready."
4201,"02:25:29","02:25:30",DM,"He's waiting to hold on."
4202,"02:25:31","02:25:34",DM,"The gator has a readied action for ambush."
4203,"02:25:34","02:25:36",Delmar,"He got him from behind his head."
4204,"02:25:36","02:25:38",Delmar,"He had no way of getting back there."
4205,"02:25:38","02:25:38",Delmar,"Yeah."
4206,"02:25:40","02:25:41",DM,"So that's logs done."
4207,"02:25:42","02:25:42",DM,"Don't plug."
4208,"02:25:43","02:25:43",DM,"Sweet."
4209,"02:25:44","02:25:45",DM,"Well,"
4210,"02:25:45","02:25:45",DM,"first off,"
4211,"02:25:45","02:25:46",DM,"I'm going to heal myself,"
4212,"02:25:46","02:25:49",DM,"because that seems pretty fucking prudent right now."
4213,"02:25:57","02:25:58",DM,"Six and one."
4214,"02:25:59","02:26:00",DM,"So seven."
4215,"02:26:00","02:26:01",DM,"He's your famine."
4216,"02:26:01","02:26:01",DM,"God,"
4217,"02:26:01","02:26:01",DM,"yeah."
4218,"02:26:02","02:26:02",DM,"Ten."
4219,"02:26:03","02:26:06",DM,"And then as a bonus action,"
4220,"02:26:06","02:26:08",DM,"I cast Hunter's Mark on the big fucker."
4221,"02:26:10","02:26:11",DM,"And that's pretty much it."
4222,"02:26:12","02:26:12",Speaker 1,"Now,"
4223,"02:26:12","02:26:12",Speaker 1,"fuck it,"
4224,"02:26:12","02:26:13",Speaker 1,"I move."
4225,"02:26:13","02:26:14",Speaker 1,"Beep-a-doo."
4226,"02:26:16","02:26:16",Speaker 1,"And that's me."
4227,"02:26:17","02:26:18",Speaker 1,"All right."
4228,"02:26:19","02:26:19",Speaker 1,"Okay,"
4229,"02:26:19","02:26:20",DM,"so what's that?"
4230,"02:26:20","02:26:20",DM,"Enemy."
4231,"02:26:23","02:26:25",DM,"What's the far one?"
4232,"02:26:25","02:26:26",DM,"That one is..."
4233,"02:26:27","02:26:27",DM,"Oh,"
4234,"02:26:27","02:26:27",DM,"yeah,"
4235,"02:26:27","02:26:29",DM,"that one was the one that got pushed up."
4236,"02:26:29","02:26:29",DM,"Oh,"
4237,"02:26:29","02:26:30",DM,"shit."
4238,"02:26:31","02:26:31",DM,"Yeah."
4239,"02:26:31","02:26:33",DM,"I was looking at the wrong number."
4240,"02:26:34","02:26:38",DM,"I was looking at my leftover movement from last turn that I wrote down,"
4241,"02:26:38","02:26:39",DM,"not my hit points."
4242,"02:26:40","02:26:41",DM,"Can I take back?"
4243,"02:26:41","02:26:42",DM,"Can I redo my turn?"
4244,"02:26:42","02:26:42",DM,"Sure."
4245,"02:26:42","02:26:43",DM,"Cool."
4246,"02:26:46","02:26:46",DM,"Because,"
4247,"02:26:46","02:26:47",DM,"yeah,"
4248,"02:26:47","02:26:48",DM,"I can take at least one hit before dying,"
4249,"02:26:48","02:26:48",DM,"I think."
4250,"02:26:50","02:26:51",DM,"So,"
4251,"02:26:51","02:26:51",DM,"yeah,"
4252,"02:26:51","02:26:53",DM,"I still Hunter's Mark that motherfucker,"
4253,"02:26:53","02:26:54",DM,"and then I attack him,"
4254,"02:26:55","02:26:55",DM,"probably twice."
4255,"02:27:01","02:27:02",DM,"First attack."
4256,"02:27:02","02:27:03",DM,"Six."
4257,"02:27:03","02:27:03",DM,"So,"
4258,"02:27:03","02:27:03",DM,"16."
4259,"02:27:04","02:27:04",DM,"16."
4260,"02:27:06","02:27:07",DM,"16 just hit."
4261,"02:27:07","02:27:07",DM,"Nice."
4262,"02:27:07","02:27:08",DM,"That's fucking dope."
4263,"02:27:09","02:27:12",DM,"I use Dread Strike on this hit."
4264,"02:27:13","02:27:14",DM,"So,"
4265,"02:27:14","02:27:18",DM,"I'm doing two die six psychic."
4266,"02:27:19","02:27:19",DM,"Is he resistant to that?"
4267,"02:27:20","02:27:20",DM,"Nope."
4268,"02:27:20","02:27:24",DM,"One die six piercing and one die six force."
4269,"02:27:25","02:27:25",DM,"Any resistance?"
4270,"02:27:26","02:27:26",DM,"No."
4271,"02:27:26","02:27:26",DM,"Nope."
4272,"02:27:27","02:27:27",Speaker 1,"Okay."
4273,"02:27:33","02:27:34",DM,"We got 10,"
4274,"02:27:34","02:27:36",DM,"16,"
4275,"02:27:36","02:27:36",DM,"21."
4276,"02:27:37","02:27:38",DM,"21 points of damage?"
4277,"02:27:38","02:27:38",DM,"Yep."
4278,"02:27:38","02:27:38",DM,"Okay."
4279,"02:27:39","02:27:39",DM,"He's still up."
4280,"02:27:40","02:27:40",DM,"He's still up."
4281,"02:27:40","02:27:40",DM,"Cool."
4282,"02:27:41","02:27:41",DM,"Then I attack."
4283,"02:27:41","02:27:42",DM,"He is now back,"
4284,"02:27:42","02:27:45",DM,"so I get advantage on this attack roll."
4285,"02:27:45","02:27:45",DM,"Yep."
4286,"02:27:46","02:27:47",DM,"Good thing I have that,"
4287,"02:27:47","02:27:49",DM,"so that's either a 5 or a 2."
4288,"02:27:49","02:27:49",DM,"Oh,"
4289,"02:27:49","02:27:50",DM,"fuck me."
4290,"02:27:51","02:27:51",DM,"15."
4291,"02:27:52","02:27:52",DM,"15."
4292,"02:27:52","02:27:52",DM,"Just miss."
4293,"02:27:53","02:27:53",DM,"Yeah,"
4294,"02:27:53","02:27:54",DM,"just miss."
4295,"02:27:54","02:27:55",DM,"Ball sack."
4296,"02:27:58","02:27:59",Speaker 1,"That's me."
4297,"02:27:59","02:28:00",Speaker 1,"That's it?"
4298,"02:28:00","02:28:00",Speaker 1,"Yep."
4299,"02:28:00","02:28:01",DM,"Alright,"
4300,"02:28:01","02:28:04",DM,"I've used..."
4301,"02:28:05","02:28:06",DM,"I think he's gone."
4302,"02:28:06","02:28:06",DM,"Yeah,"
4303,"02:28:06","02:28:06",DM,"okay."
4304,"02:28:11","02:28:13",DM,"He's gonna use his legendary action."
4305,"02:28:22","02:28:23",Speaker 4,"Yeah."
4306,"02:28:28","02:28:29",Speaker 1,"Actually,"
4307,"02:28:30","02:28:30",DM,"no it's not."
4308,"02:28:30","02:28:31",DM,"That's it."
4309,"02:28:31","02:28:32",DM,"Slug 1,"
4310,"02:28:32","02:28:33",DM,"this one here,"
4311,"02:28:33","02:28:37",DM,"is gonna go off and eat a person."
4312,"02:28:37","02:28:40",DM,"And if he gets a Twitter hacker,"
4313,"02:28:40","02:28:41",DM,"he successfully eats that person."
4314,"02:28:42","02:28:44",Catarina,"Do we just bunch of people and just like..."
4315,"02:28:45","02:28:48",DM,"The Wallygaggers who are not getting the message they should be running."
4316,"02:28:50","02:28:50",DM,"There's always some."
4317,"02:28:51","02:28:52",DM,"they ran away."
4318,"02:28:52","02:28:52",DM,"That one,"
4319,"02:28:52","02:28:53",DM,"yeah,"
4320,"02:28:53","02:28:53",DM,"for them."
4321,"02:28:53","02:28:53",DM,"Yep,"
4322,"02:28:54","02:28:54",DM,"yep."
4323,"02:28:54","02:28:54",DM,"Um,"
4324,"02:28:54","02:28:55",DM,"quick question."
4325,"02:28:56","02:28:57",DM,"When that one ate the gator,"
4326,"02:28:58","02:28:59",DM,"it formed a body,"
4327,"02:28:59","02:28:59",DM,"like,"
4328,"02:28:59","02:29:00",DM,"is it a gator?"
4329,"02:29:01","02:29:01",DM,"Like,"
4330,"02:29:01","02:29:02",DM,"is it a gator body?"
4331,"02:29:03","02:29:04",DM,"It's kind of gator-y."
4332,"02:29:04","02:29:04",DM,"Yeah,"
4333,"02:29:04","02:29:06",DM,"it kind of looks like a gator's voice."
4334,"02:29:07","02:29:08",DM,"It looks like a toad and a gator."
4335,"02:29:08","02:29:09",DM,"Kind of."
4336,"02:29:09","02:29:09",Speaker 1,"Um,"
4337,"02:29:10","02:29:11",Speaker 1,"yeah."
4338,"02:29:12","02:29:12",Speaker 1,"Uh,"
4339,"02:29:13","02:29:14",DM,"as the round ends,"
4340,"02:29:14","02:29:14",DM,"I,"
4341,"02:29:14","02:29:15",DM,"you can hear the,"
4342,"02:29:15","02:29:17",DM,"the banging in the distance getting the water."
4343,"02:29:18","02:29:19",DM,"And,"
4344,"02:29:19","02:29:19",DM,"uh,"
4345,"02:29:19","02:29:20",DM,"you're seeing some,"
4346,"02:29:20","02:29:20",DM,"You can see,"
4347,"02:29:20","02:29:21",DM,"you know,"
4348,"02:29:21","02:29:21",DM,"in the distance,"
4349,"02:29:21","02:29:26",DM,"people coming back towards the explosion."
4350,"02:29:26","02:29:28",DM,"Small crowds coming up from the streets."
4351,"02:29:29","02:29:31",DM,"People carrying just,"
4352,"02:29:31","02:29:33",DM,"you can see them walking down the street."
4353,"02:29:34","02:29:39",DM,"Some have skillets and pots and pans and banging them together."
4354,"02:29:39","02:29:40",DM,"And this is that."
4355,"02:29:41","02:29:42",DM,"That really good thing."
4356,"02:29:43","02:29:44",DM,"They're all doing it."
4357,"02:29:44","02:29:45",DM,"Yeah."
4358,"02:29:45","02:29:49",DM,"And it's just a bunch of random people coming towards."
4359,"02:29:50","02:29:52",DM,"back towards the fight."
4360,"02:29:53","02:29:58",DM,"The that one slot is very excited about it."
4361,"02:29:58","02:29:59",DM,"Begins running towards them."
4362,"02:30:01","02:30:02",DM,"Top of the round."
4363,"02:30:03","02:30:03",DM,"Delmar,"
4364,"02:30:03","02:30:03",DM,"you're up."
4365,"02:30:04","02:30:04",Speaker 1,"Damn."
4366,"02:30:07","02:30:07",Speaker 1,"Thank you."
4367,"02:30:09","02:30:10",Speaker 1,"I can't do it like you can."
4368,"02:30:10","02:30:11",Speaker 1,"I was trying to,"
4369,"02:30:11","02:30:12",Delmar,"but it's not the same."
4370,"02:30:12","02:30:12",Delmar,"Damn."
4371,"02:30:15","02:30:16",Delmar,"Alright."
4372,"02:30:16","02:30:50",Delmar,"Kind of like I'm looking around I'm assuming I'm high enough where I can look around and I see two other things that smoke off in the distance confirming the other two went off and then I see if you're high enough give me perception I'll tell you what maybe I have to smoke more What is my perception?"
4373,"02:30:51","02:30:52",Delmar,"Son of a bitch What'd you do?"
4374,"02:30:53","02:30:56",DM,"Stabbed myself with my pencil Have you tried not doing that?"
4375,"02:30:57","02:31:12",DM,"I've heard things People have said that that's an option I've heard theories There are There are crowds of people that The explosions in the distance There's a lot of activity near them And in fact,"
4376,"02:31:12","02:31:17",DM,"you can see quite a lot of boats in the harbor nearby as well."
4377,"02:31:19","02:31:22",DM,"And there seems to be commotion near the explosion sites."
4378,"02:31:24","02:31:25",DM,"Something's going on over there."
4379,"02:31:26","02:31:29",DM,"Maybe it's another little otar or something,"
4380,"02:31:29","02:31:30",DM,"but there's activity there."
4381,"02:31:30","02:31:39",DM,"And you can also see the crowds of people that were running away from the center of the city have started to kind of come back slowly."
4382,"02:31:41","02:31:41",Delmar,"They're,"
4383,"02:31:41","02:31:41",Delmar,"like,"
4384,"02:31:41","02:31:42",Delmar,"hitting pots,"
4385,"02:31:42","02:31:42",Delmar,"pans,"
4386,"02:31:42","02:31:43",Delmar,"all that kind of stuff,"
4387,"02:31:43","02:31:43",Delmar,"like,"
4388,"02:31:43","02:31:44",Delmar,"in that,"
4389,"02:31:44","02:31:44",Delmar,"like,"
4390,"02:31:44","02:31:44",Delmar,"one,"
4391,"02:31:44","02:31:44",Delmar,"two,"
4392,"02:31:45","02:31:45",Delmar,"three,"
4393,"02:31:45","02:31:45",Delmar,"one,"
4394,"02:31:45","02:31:45",Delmar,"two,"
4395,"02:31:45","02:31:45",Delmar,"three."
4396,"02:31:46","02:31:46",Delmar,"Yeah,"
4397,"02:31:46","02:31:47",DM,"it's a coordinated effort,"
4398,"02:31:47","02:31:48",DM,"yeah."
4399,"02:31:49","02:31:50",DM,"This is a Calveno,"
4400,"02:31:50","02:31:51",DM,"I mean,"
4401,"02:31:51","02:31:52",DM,"yeah,"
4402,"02:31:52","02:31:58",DM,"it's a Calveno defense mechanism against the Drebro Sea."
4403,"02:31:58","02:31:58",DM,"Yeah,"
4404,"02:31:58","02:32:00",DM,"this is the rash."
4405,"02:32:00","02:32:30",DM,"works well in like guerrilla tactics against an organized naval force or whatever imperial army but versus this kind of shit it's like you guys should run away so I'm going to send you guys a stat block this is your new ally over the next couple rounds of the fight it's the second war I really have to pee so I'm going to send you guys this you guys get Legendary actions."
4406,"02:32:31","02:32:31",Crissdalynn,"Ooh."
4407,"02:32:32","02:32:34",Crissdalynn,"We get required by the town."
4408,"02:32:35","02:32:35",Speaker 1,"Cool."
4409,"02:32:36","02:32:36",Speaker 1,"The rattle."
4410,"02:32:37","02:32:38",Speaker 1,"Swaps."
4411,"02:32:40","02:32:44",DM,"We've now teleported to a nice place."
4412,"02:32:46","02:32:46",Speaker 1,"In the meantime."
4413,"02:32:48","02:32:49",Speaker 1,"The battle."
4414,"02:32:49","02:32:50",DM,"Or the rattle."
4415,"02:32:50","02:32:51",DM,"The rattle."
4416,"02:32:51","02:32:52",Speaker 1,"I can read."
4417,"02:32:53","02:32:53",DM,"Can you?"
4418,"02:32:54","02:32:55",DM,"Kind of."
4419,"02:32:55","02:32:55",DM,"Sometimes."
4420,"02:32:56","02:32:56",DM,"Usually."
4421,"02:33:04","02:34:08",Catarina,"oh that's awesome very cool bandages I like that over here cocktail it's a molotov it's a molotov yeah that's awesome and how many actions do we get would you say five uh the party shares a pool of five legendary actions while the rival is active spent one at a time and refreshing at the start of each round on initiative count 20 nice cool duty forward post two Stabilizes the dying PC outright Alright so this is With it healing itself This is definitely going to be a fucking fight How dare you have"
4422,"02:34:08","02:34:20",Crissdalynn,"bodily function I hate to ask but Do you have any chips A little bit yeah What was that I'm gonna grab a smoothball."
4423,"02:34:22","02:34:22",Speaker 1,"Are you sure?"
4424,"02:34:22","02:34:23",Speaker 1,"Oh,"
4425,"02:34:23","02:34:23",Speaker 1,"yeah."
4426,"02:34:23","02:34:23",Speaker 1,"I'll take,"
4427,"02:34:23","02:34:23",Speaker 1,"like,"
4428,"02:34:23","02:34:24",Speaker 1,"a small ball."
4429,"02:34:24","02:34:25",Speaker 1,"That's good for us."
4430,"02:34:27","02:34:27",Speaker 1,"Oh,"
4431,"02:34:27","02:34:28",Speaker 1,"it's raining."
4432,"02:34:28","02:34:29",Delmar,"Yeah,"
4433,"02:34:29","02:34:30",Delmar,"it's been raining for a bit."
4434,"02:34:32","02:34:32",Speaker 1,"It's waning?"
4435,"02:34:33","02:34:33",Crissdalynn,"Yeah,"
4436,"02:34:33","02:34:35",Crissdalynn,"good thing I put the cover on the bike."
4437,"02:34:36","02:34:36",Speaker 1,"Oh."
4438,"02:34:36","02:34:37",Speaker 1,"It's getting good."
4439,"02:34:38","02:34:38",Catarina,"How's that been?"
4440,"02:34:39","02:34:39",Catarina,"Have you been,"
4441,"02:34:39","02:34:40",Catarina,"like..."
4442,"02:34:40","02:34:40",Catarina,"Good,"
4443,"02:34:40","02:34:40",Catarina,"yeah."
4444,"02:34:41","02:34:41",Catarina,"Yeah."
4445,"02:34:41","02:34:41",Catarina,"Yeah,"
4446,"02:34:41","02:34:42",Catarina,"that's awesome."
4447,"02:34:43","02:34:44",Speaker 1,"It's very fun."
4448,"02:34:47","02:34:47",Speaker 1,"Thank you."
4449,"02:34:48","02:34:48",Speaker 1,"Yeah,"
4450,"02:34:48","02:34:48",Speaker 1,"no problem."
4451,"02:34:49","02:34:51",Speaker 1,"I'm gonna see if there are any geysers."
4452,"02:34:56","02:34:58",Crissdalynn,"So you're like trying to just plot."
4453,"02:35:00","02:35:02",Crissdalynn,"Remind me of a guy who was just plotting over here."
4454,"02:35:17","02:35:19",DM,"I mean it's super light rain."
4455,"02:35:28","02:35:29",Speaker 7,"I ain't no grass bearer,"
4456,"02:35:29","02:35:29",Speaker 7,"champ."
4457,"02:35:32","02:35:32",Speaker 4,"It's just,"
4458,"02:35:32","02:35:33",Speaker 4,"it's super,"
4459,"02:35:33","02:35:33",Speaker 4,"super light."
4460,"02:35:34","02:35:34",Speaker 7,"Yeah,"
4461,"02:35:34","02:35:35",Speaker 7,"it's just little flicks."
4462,"02:35:38","02:35:39",Speaker 1,"Not bad."
4463,"02:35:41","02:35:46",Speaker 1,"What are we listening to?"
4464,"02:35:48","02:35:49",Crissdalynn,"It would watch up the shore somewhere."
4465,"02:35:50","02:35:50",DM,"Apparently."
4466,"02:35:54","02:35:55",Crissdalynn,"Reminds me of the game Lost at Sea."
4467,"02:35:57","02:35:58",DM,"I'm going to just take over."
4468,"02:35:59","02:36:00",DM,"I don't know what I think."
4469,"02:36:01","02:36:02",DM,"We're listening to,"
4470,"02:36:02","02:36:04",DM,"I don't know what we're listening to."
4471,"02:36:05","02:36:05",DM,"Guys,"
4472,"02:36:05","02:36:05",DM,"guys,"
4473,"02:36:05","02:36:06",DM,"oh my gosh,"
4474,"02:36:06","02:36:07",DM,"I think I'm being socked."
4475,"02:36:07","02:36:08",DM,"Someone put this in."
4476,"02:36:12","02:36:13",Delmar,"What have you done?"
4477,"02:36:13","02:36:14",Delmar,"Who did you sock?"
4478,"02:36:15","02:36:17",DM,"Now I understand what the post-it note was."
4479,"02:36:21","02:36:23",DM,"I got a good laugh out of that."
4480,"02:36:24","02:36:25",DM,"Mission successful."
4481,"02:36:27","02:36:57",Crissdalynn,"and like i don't know i thought about leaving it on the front door for you to discover like a couple hours later but then the sticky note wasn't super super sticky so i'm like it'll blow yeah i don't know when to get a bill more to start planting those all over the floor it's gonna be a little couple of days yeah it would when i randomly between some cereal somewhere yeah you guys here in the distance um kitchen and cartwheels,"
4482,"02:36:57","02:36:59",DM,"window ledges taking up the beat together,"
4483,"02:36:59","02:37:00",DM,"people leaning out of their windows,"
4484,"02:37:00","02:37:02",DM,"banging together whatever they have,"
4485,"02:37:02","02:37:05",DM,"sending the message wide across town,"
4486,"02:37:05","02:37:07",DM,"hide or get ready to fight."
4487,"02:37:08","02:37:12",DM,"The crowd scattered from the blast comes back over the crater's broken lips,"
4488,"02:37:12","02:37:14",DM,"slow and deliberate,"
4489,"02:37:14","02:37:17",DM,"carrying whatever the last few minutes they had gathered."
4490,"02:37:18","02:37:19",DM,"A woman near the rim,"
4491,"02:37:19","02:37:23",DM,"heaves a jar of burning lamp oil down in the crater,"
4492,"02:37:23","02:37:27",DM,"catching the red hide of Otar and bursting on his face."
4493,"02:37:28","02:37:29",DM,"Nice."
4494,"02:37:29","02:37:30",DM,"Just a second here."
4495,"02:37:30","02:37:32",Catarina,"Am I in range of his damage,"
4496,"02:37:32","02:37:34",Catarina,"considering he's scrabbling me?"
4497,"02:37:34","02:37:36",DM,"You're lucky you're in his mouth,"
4498,"02:37:36","02:37:37",DM,"so..."
4499,"02:37:37","02:37:38",Speaker 1,"He might let you go."
4500,"02:37:38","02:37:40",DM,"Someone just threw a Calveno cocktail."
4501,"02:37:41","02:37:41",DM,"I was like,"
4502,"02:37:41","02:37:41",DM,"oh,"
4503,"02:37:41","02:37:41",DM,"fuck."
4504,"02:37:43","02:37:43",DM,"Um,"
4505,"02:37:46","02:37:47",DM,"40 feet back along the tunnel mouth."
4506,"02:37:49","02:37:49",DM,"Um..."
4507,"02:37:49","02:37:51",DM,"Let's see here."
4508,"02:37:53","02:37:58",DM,"Local medics start walking up towards you carrying stretchers out."
4509,"02:37:59","02:38:01",DM,"People carrying bandages."
4510,"02:38:02","02:38:06",DM,"You see people from all across town seem to show up."
4511,"02:38:08","02:38:09",DM,"Otar's head snaps around,"
4512,"02:38:09","02:38:13",DM,"confused by the sudden appearance of all these people."
4513,"02:38:14","02:38:16",DM,"And the numbers seem almost confusing."
4514,"02:38:17","02:38:18",Speaker 1,"Alright,"
4515,"02:38:18","02:38:19",Speaker 1,"so here,"
4516,"02:38:19","02:38:20",DM,"the fight continues."
4517,"02:38:24","02:38:25",Speaker 1,"Where were we in the old game?"
4518,"02:38:26","02:38:27",DM,"I think we were starting a new round."
4519,"02:38:27","02:38:28",DM,"Yeah,"
4520,"02:38:28","02:38:28",DM,"it was a new round,"
4521,"02:38:28","02:38:29",DM,"yep."
4522,"02:38:30","02:38:30",Speaker 1,"Delmar."
4523,"02:38:33","02:38:33",Delmar,"Well,"
4524,"02:38:33","02:38:34",Delmar,"seeing that she is,"
4525,"02:38:35","02:38:36",Delmar,"sorry,"
4526,"02:38:38","02:38:38",Delmar,"Ms."
4527,"02:38:38","02:38:40",Delmar,"Deverelli is,"
4528,"02:38:41","02:38:41",Delmar,"Varelli,"
4529,"02:38:41","02:38:41",Delmar,"Ms."
4530,"02:38:42","02:38:43",Delmar,"Deverelli,"
4531,"02:38:43","02:38:45",Delmar,"is in the frog's mouth,"
4532,"02:38:45","02:38:46",Delmar,"I'm going to,"
4533,"02:38:46","02:38:47",Delmar,"uh,"
4534,"02:38:47","02:38:48",Delmar,"uh,"
4535,"02:38:48","02:38:52",Delmar,"gun on my back,"
4536,"02:38:52","02:38:52",Delmar,"um,"
4537,"02:38:53","02:38:55",Delmar,"and I'm actually going to fly down,"
4538,"02:38:56","02:38:56",Delmar,"uh,"
4539,"02:38:56","02:38:59",Delmar,"and pull up my rapier to,"
4540,"02:38:59","02:38:59",Delmar,"um,"
4541,"02:38:59","02:39:00",Delmar,"oh,"
4542,"02:39:00","02:39:01",Delmar,"wait,"
4543,"02:39:01","02:39:01",Delmar,"no,"
4544,"02:39:01","02:39:02",Delmar,"that would be funnier."
4545,"02:39:02","02:39:03",Delmar,"I'm going to fly down,"
4546,"02:39:03","02:39:04",Delmar,"zip,"
4547,"02:39:04","02:39:05",Delmar,"like kind of fly down,"
4548,"02:39:05","02:39:06",Delmar,"zip around it,"
4549,"02:39:06","02:39:09",Delmar,"grab the chair,"
4550,"02:39:09","02:39:13",Delmar,"and then spin with the chair in my hand,"
4551,"02:39:13","02:39:15",Delmar,"like kind of like flying in a quick circle,"
4552,"02:39:15","02:39:18",Delmar,"and I'm going to launch the thing to try and hit it in its throat."
4553,"02:39:18","02:39:19",Delmar,"So try to like..."
4554,"02:39:19","02:39:20",DM,"Are you going to pull it?"
4555,"02:39:20","02:39:20",DM,"Yeah."
4556,"02:39:21","02:39:21",DM,"Okay."
4557,"02:39:21","02:39:24",DM,"So you're throwing Adam's apple chair at it."
4558,"02:39:24","02:39:24",DM,"Okay."
4559,"02:39:24","02:39:24",DM,"Yeah."
4560,"02:39:24","02:39:25",DM,"Roll the hit."
4561,"02:39:27","02:39:27",Delmar,"Please."
4562,"02:39:28","02:39:28",Delmar,"Please."
4563,"02:39:30","02:39:31",Delmar,"I am burning heroic."
4564,"02:39:32","02:39:32",Delmar,"Wait,"
4565,"02:39:32","02:39:32",Delmar,"no,"
4566,"02:39:32","02:39:33",Delmar,"I have advantage."
4567,"02:39:33","02:39:33",Delmar,"I have advantage."
4568,"02:39:34","02:39:35",Delmar,"Because the thing is..."
4569,"02:39:36","02:39:36",Delmar,"Okay,"
4570,"02:39:36","02:39:37",Delmar,"now I'm burning a heroic."
4571,"02:39:38","02:39:39",Speaker 1,"Come on,"
4572,"02:39:39","02:39:39",Speaker 1,"come on,"
4573,"02:39:39","02:39:39",Speaker 1,"come on."
4574,"02:39:40","02:39:40",Speaker 1,"What about bardic?"
4575,"02:39:41","02:39:41",Delmar,"There we go."
4576,"02:39:42","02:39:42",Delmar,"That is..."
4577,"02:39:43","02:39:44",Delmar,"Where's my..."
4578,"02:39:44","02:39:44",Delmar,"Bardic,"
4579,"02:39:45","02:39:45",Speaker 1,"unfortunately."
4580,"02:39:45","02:39:46",Speaker 1,"Oh,"
4581,"02:39:46","02:39:46",Speaker 1,"oh,"
4582,"02:39:46","02:39:46",Delmar,"yeah."
4583,"02:39:46","02:39:47",Delmar,"I have an anti-aggression."
4584,"02:39:49","02:39:50",DM,"No problem."
4585,"02:39:50","02:39:52",DM,"I'm trying to buff during the..."
4586,"02:39:52","02:39:52",DM,"Yeah,"
4587,"02:39:52","02:39:52",DM,"no,"
4588,"02:39:52","02:39:53",DM,"that was great."
4589,"02:39:53","02:39:54",DM,"This is why she has to..."
4590,"02:39:56","02:39:56",Delmar,"Fuck,"
4591,"02:39:56","02:39:57",Delmar,"how do I look at my arm?"
4592,"02:39:57","02:39:58",Delmar,"Damn buff."
4593,"02:39:58","02:39:58",Delmar,"Now,"
4594,"02:39:58","02:39:58",Delmar,"so..."
4595,"02:39:58","02:40:01",DM,"She started just dealing damage or healing."
4596,"02:40:02","02:40:04",DM,"from the first two turns."
4597,"02:40:04","02:40:05",Delmar,"I'm a crazy person."
4598,"02:40:05","02:40:06",Delmar,"I know where this is."
4599,"02:40:07","02:40:07",Delmar,"Yeah,"
4600,"02:40:07","02:40:07",Delmar,"that's the hard part."
4601,"02:40:09","02:40:10",Delmar,"Plus three,"
4602,"02:40:10","02:40:11",Delmar,"so that is eight."
4603,"02:40:11","02:40:12",Delmar,"I'm seeing..."
4604,"02:40:12","02:40:13",Delmar,"What do you mean?"
4605,"02:40:13","02:40:14",Delmar,"What do I put after?"
4606,"02:40:15","02:40:15",Delmar,"Oh,"
4607,"02:40:15","02:40:16",Delmar,"yeah,"
4608,"02:40:16","02:40:16",Delmar,"eight."
4609,"02:40:17","02:40:18",Delmar,"Okay."
4610,"02:40:19","02:40:20",Delmar,"Okay,"
4611,"02:40:20","02:40:20",Delmar,"so..."
4612,"02:40:21","02:40:21",Speaker 1,"Yeah,"
4613,"02:40:23","02:40:23",Delmar,"all right."
4614,"02:40:23","02:40:26",Delmar,"So that's one arm striking with the special chair."
4615,"02:40:27","02:40:27",Delmar,"Everybody."
4616,"02:40:28","02:40:28",Delmar,"Yay."
4617,"02:40:30","02:40:30",Delmar,"Sorry,"
4618,"02:40:30","02:40:31",Delmar,"I was just very happy."
4619,"02:40:32","02:40:33",Delmar,"I sit with the chair."
4620,"02:40:34","02:40:34",Delmar,"Okay,"
4621,"02:40:34","02:40:37",Delmar,"and then an arm strike is..."
4622,"02:40:38","02:40:39",Speaker 1,"Yeah."
4623,"02:40:40","02:40:40",Speaker 1,"Especially for Bart."
4624,"02:40:42","02:40:42",Delmar,"Alright,"
4625,"02:40:42","02:40:43",Delmar,"so that's..."
4626,"02:40:46","02:40:47",DM,"In due time."
4627,"02:40:47","02:40:48",DM,"Let me go."
4628,"02:40:51","02:40:52",Delmar,"So that's..."
4629,"02:40:53","02:40:53",Delmar,"Where are you?"
4630,"02:40:57","02:40:59",Delmar,"That is five."
4631,"02:41:00","02:41:01",Delmar,"damage,"
4632,"02:41:01","02:41:02",Delmar,"and then I need to do my sneak attack."
4633,"02:41:04","02:41:04",Speaker 1,"Okay."
4634,"02:41:07","02:41:12",Delmar,"Because I don't think I add anything to the unarmed other than the three."
4635,"02:41:17","02:41:18",DM,"Sneak attack,"
4636,"02:41:18","02:41:19",DM,"you would..."
4637,"02:41:19","02:41:19",DM,"Oh,"
4638,"02:41:19","02:41:20",DM,"wait."
4639,"02:41:20","02:41:21",DM,"You're in melee range,"
4640,"02:41:21","02:41:22",DM,"or are you doing ranged attack?"
4641,"02:41:23","02:41:24",DM,"Oh,"
4642,"02:41:24","02:41:24",DM,"right."
4643,"02:41:24","02:41:25",DM,"Yeah."
4644,"02:41:26","02:41:32",DM,"So you wouldn't get sneak attack on it You can get sneak attack up ranged because other people are agape."
4645,"02:41:32","02:41:32",DM,"Oh,"
4646,"02:41:33","02:41:33",DM,"yeah,"
4647,"02:41:33","02:41:34",DM,"he's flanking."
4648,"02:41:34","02:41:34",DM,"Yeah,"
4649,"02:41:34","02:41:35",DM,"he may not have advantage."
4650,"02:41:35","02:41:37",DM,"And he had advantage anyways."
4651,"02:41:38","02:41:39",DM,"Because of the blocks or whatever,"
4652,"02:41:40","02:41:40",DM,"right?"
4653,"02:41:40","02:41:40",DM,"Yeah."
4654,"02:41:43","02:41:44",Delmar,"Can I use..."
4655,"02:41:44","02:41:47",Delmar,"Can I also use my cunning action?"
4656,"02:41:47","02:41:48",Delmar,"Not cunning action."
4657,"02:41:49","02:41:50",Delmar,"My other one."
4658,"02:41:51","02:41:51",Delmar,"My,"
4659,"02:41:51","02:41:52",Delmar,"um..."
4660,"02:41:55","02:41:56",Delmar,"I just got it."
4661,"02:41:59","02:42:27",Delmar,"uh cutting strike or whatever it's called where I can burn a dice to either it would be nice to do either a trip a poison or yeah that's what I want to do dodge or run away or something like that yeah basically there it is yeah we're going to find a cunning action and it will tell you them no it doesn't no it's not this one it's another uh poison trip or withdraw can I trip it?"
4662,"02:42:28","02:42:29",Speaker 1,"You can certainly drive."
4663,"02:42:30","02:42:31",DM,"Wait,"
4664,"02:42:31","02:42:31",DM,"wait,"
4665,"02:42:31","02:42:31",DM,"wait."
4666,"02:42:32","02:42:32",DM,"You're above it."
4667,"02:42:32","02:42:33",Speaker 1,"How are you tripping it?"
4668,"02:42:33","02:42:34",Delmar,"No,"
4669,"02:42:34","02:42:35",Delmar,"I flew down,"
4670,"02:42:35","02:42:36",Delmar,"spun the chair,"
4671,"02:42:37","02:42:38",Delmar,"launched the chair out."
4672,"02:42:38","02:42:38",Delmar,"Basically,"
4673,"02:42:39","02:42:41",Delmar,"I just built the momentum and sent the chair flying."
4674,"02:42:42","02:42:42",Delmar,"And then,"
4675,"02:42:42","02:42:43",Delmar,"I mean,"
4676,"02:42:43","02:42:44",Delmar,"I sure wanted to hit it like this,"
4677,"02:42:44","02:42:46",Delmar,"but maybe it's like instead I hit it in the,"
4678,"02:42:46","02:42:46",Delmar,"I don't know,"
4679,"02:42:46","02:42:50",Delmar,"the equivalent of the frog's nuts or kneecap or something."
4680,"02:42:50","02:42:51",Delmar,"So it's like,"
4681,"02:42:51","02:42:51",Delmar,"you know,"
4682,"02:42:52","02:42:53",Delmar,"and then it lands and maybe spits her out."
4683,"02:42:54","02:42:55",Delmar,"That's a lot of asks."
4684,"02:42:56","02:42:57",Delmar,"Okay,"
4685,"02:42:57","02:43:00",Delmar,"do I have to choose between either Adam's appling him or dropping him?"
4686,"02:43:01","02:43:01",Delmar,"Yeah,"
4687,"02:43:01","02:43:01",Delmar,"one of the two."
4688,"02:43:02","02:43:03",Delmar,"It's either or not to the Adam's apple."
4689,"02:43:05","02:43:05",Delmar,"High or low."
4690,"02:43:07","02:43:07",DM,"Alright,"
4691,"02:43:07","02:43:09",DM,"I'm going for the Adam's apple."
4692,"02:43:09","02:43:12",DM,"17 is what you need to make it spit out."
4693,"02:43:12","02:43:13",Speaker 1,"Alright."
4694,"02:43:16","02:43:18",Delmar,"Am I adding anything to that?"
4695,"02:43:18","02:43:19",Delmar,"Or is it just straight roll 17?"
4696,"02:43:20","02:43:24",DM,"Do you get the roll or add stuff for your tossing stuff?"
4697,"02:43:24","02:43:27",DM,"Your proficiency bonus and your strength or dex,"
4698,"02:43:27","02:43:27",DM,"whichever's higher."
4699,"02:43:28","02:43:28",DM,"Oh,"
4700,"02:43:28","02:43:29",Delmar,"definitely my dex then."
4701,"02:43:30","02:43:31",DM,"Your proficiency bonus."
4702,"02:43:33","02:43:33",DM,"Which is three."
4703,"02:43:34","02:43:34",Speaker 1,"Yep."
4704,"02:43:36","02:43:36",Speaker 1,"Five."
4705,"02:43:38","02:43:39",DM,"So there's the..."
4706,"02:43:39","02:43:40",DM,"Am I the only one with C-blast?"
4707,"02:43:41","02:43:42",DM,"I think so."
4708,"02:43:43","02:43:44",Speaker 1,"I think it's in my 14."
4709,"02:43:44","02:43:44",Delmar,"Alright,"
4710,"02:43:44","02:43:45",Delmar,"well,"
4711,"02:43:45","02:43:47",Delmar,"I'm going to burn my last heroic and..."
4712,"02:43:48","02:43:50",DM,"I have a plumb tube."
4713,"02:43:50","02:43:50",DM,"Come on,"
4714,"02:43:50","02:43:51",DM,"come on."
4715,"02:43:52","02:43:52",DM,"No,"
4716,"02:43:52","02:43:52",DM,"it's X."
4717,"02:43:53","02:43:53",Speaker 1,"Nope."
4718,"02:43:53","02:43:54",Delmar,"Rolled a seven."
4719,"02:43:54","02:43:54",Delmar,"He didn't."
4720,"02:43:55","02:43:55",Delmar,"That was me."
4721,"02:43:56","02:43:57",Delmar,"You're literally one shy."
4722,"02:43:58","02:43:59",Delmar,"Add up both of your classes."
4723,"02:44:01","02:44:02",Delmar,"I'm pretty bad."
4724,"02:44:02","02:44:04",Delmar,"I don't get the plus one because I'm not using the gun."
4725,"02:44:05","02:44:06",Delmar,"It's moist in here."
4726,"02:44:06","02:44:07",Delmar,"No,"
4727,"02:44:07","02:44:08",Delmar,"you don't get that shit."
4728,"02:44:08","02:44:08",Delmar,"You get that shit."
4729,"02:44:08","02:44:09",Delmar,"So then I do,"
4730,"02:44:10","02:44:11",Delmar,"what was it,"
4731,"02:44:11","02:44:13",Delmar,"65 to that ghost?"
4732,"02:44:13","02:44:14",Delmar,"Because they all advantage."
4733,"02:44:14","02:44:14",Delmar,"5,"
4734,"02:44:14","02:44:14",Delmar,"11,"
4735,"02:44:15","02:44:19",Delmar,"16 points of bludgeoning on him."
4736,"02:44:20","02:44:21",Delmar,"And then I ask the question."
4737,"02:44:22","02:44:23",Delmar,"He said otherwise,"
4738,"02:44:23","02:44:24",Delmar,"I'm not sure."
4739,"02:44:24","02:44:25",Delmar,"I'll look it up."
4740,"02:44:26","02:44:28",Delmar,"It's looking real rough."
4741,"02:44:28","02:44:32",Delmar,"Unless someone's got a hero they can give me."
4742,"02:44:33","02:44:34",Speaker 1,"You've already used a hero."
4743,"02:44:35","02:44:36",Delmar,"Oh wait,"
4744,"02:44:36","02:44:36",Delmar,"that's right."
4745,"02:44:36","02:44:37",Delmar,"Yeah."
4746,"02:44:38","02:44:38",Delmar,"Okay."
4747,"02:44:41","02:44:42",Crissdalynn,"Just attack it."
4748,"02:44:42","02:44:43",Crissdalynn,"Yeah,"
4749,"02:44:43","02:44:44",Delmar,"it's my bonus action."
4750,"02:44:46","02:44:48",Crissdalynn,"The chair intact."
4751,"02:44:48","02:44:50",DM,"The chair is surprisingly intact."
4752,"02:44:51","02:44:53",DM,"It is an oddly durable chair,"
4753,"02:44:53","02:44:54",DM,"actually."
4754,"02:44:54","02:45:02",DM,"The fact that it's like almost unstuck after being thrown at this massive dog and getting the explosion is odd."
4755,"02:45:03","02:45:04",DM,"Suspicious,"
4756,"02:45:04","02:45:04",DM,"even."
4757,"02:45:04","02:45:05",Crissdalynn,"A little suspicious."
4758,"02:45:06","02:45:06",Crissdalynn,"We're bringing this chair home."
4759,"02:45:07","02:45:07",Delmar,"Oh,"
4760,"02:45:07","02:45:08",Delmar,"I'm absolutely bringing this chair home."
4761,"02:45:08","02:45:09",Delmar,"Okay,"
4762,"02:45:09","02:45:10",Delmar,"what was it they say again,"
4763,"02:45:10","02:45:10",Delmar,"16?"
4764,"02:45:11","02:45:12",Delmar,"Yes."
4765,"02:45:12","02:45:12",Delmar,"Okay."
4766,"02:45:12","02:45:13",Delmar,"Looks like a prone."
4767,"02:45:14","02:45:15",Delmar,"Looks like an orange."
4768,"02:45:16","02:45:16",Delmar,"Yep,"
4769,"02:45:16","02:45:17",Delmar,"so that hits."
4770,"02:45:17","02:45:19",Delmar,"So then it's just pistol damage."
4771,"02:45:21","02:45:25",Delmar,"And that was the 1d5 or 1d10."
4772,"02:45:27","02:45:28",Speaker 1,"You've been around a while."
4773,"02:45:29","02:45:30",Speaker 1,"No."
4774,"02:45:30","02:45:31",Delmar,"Alright,"
4775,"02:45:31","02:45:31",Delmar,"well,"
4776,"02:45:31","02:45:33",Delmar,"I'm just not doing a whole lot of damage this time,"
4777,"02:45:33","02:45:35",Delmar,"so another 6 bludgeoning."
4778,"02:45:36","02:45:37",Delmar,"Pretty good."
4779,"02:45:37","02:45:38",Delmar,"And it's vexed,"
4780,"02:45:38","02:45:40",Delmar,"so I have advantage again."
4781,"02:45:40","02:45:40",Speaker 1,"Okay."
4782,"02:45:41","02:45:43",Crissdalynn,"Was that an arm strike?"
4783,"02:45:43","02:45:45",Crissdalynn,"It was a funny image of us."
4784,"02:45:45","02:45:46",Delmar,"I get everything."
4785,"02:45:48","02:45:48",Delmar,"Sorry,"
4786,"02:45:48","02:45:49",Delmar,"how much was that?"
4787,"02:45:50","02:45:52",Delmar,"That was an additional six points of damage."
4788,"02:45:54","02:45:55",Speaker 1,"Five."
4789,"02:45:56","02:45:56",Delmar,"Right?"
4790,"02:45:56","02:45:57",Delmar,"Or was it..."
4791,"02:45:57","02:45:58",Delmar,"Hold on."
4792,"02:45:58","02:45:59",Delmar,"Oh."
4793,"02:46:00","02:46:01",Delmar,"That might have been..."
4794,"02:46:01","02:46:01",Delmar,"Yeah,"
4795,"02:46:01","02:46:01",Delmar,"one d10."
4796,"02:46:01","02:46:02",Delmar,"I rolled a one."
4797,"02:46:02","02:46:03",Delmar,"Then I get the plus five."
4798,"02:46:03","02:46:03",Delmar,"Yeah,"
4799,"02:46:03","02:46:04",Delmar,"so that's six."
4800,"02:46:04","02:46:05",Delmar,"Meaning I might get a plus two."
4801,"02:46:05","02:46:06",Delmar,"How do you want to do this?"
4802,"02:46:07","02:46:08",DM,"I don't know if it rounds up or rounds down."
4803,"02:46:08","02:46:09",DM,"No way."
4804,"02:46:10","02:46:10",DM,"Yeah,"
4805,"02:46:10","02:46:12",DM,"because you get half."
4806,"02:46:12","02:46:13",Delmar,"Holy shit."
4807,"02:46:15","02:46:15",Delmar,"Okay,"
4808,"02:46:15","02:46:17",Delmar,"so Delmar flies down."
4809,"02:46:19","02:46:23",Delmar,"sees it and instead of pulling the gun,"
4810,"02:46:24","02:46:25",Delmar,"he's too worried he's going to shoot,"
4811,"02:46:25","02:46:25",Delmar,"do damage to her,"
4812,"02:46:26","02:46:27",Delmar,"so he flies down and grabs this chair,"
4813,"02:46:27","02:46:29",Delmar,"this immaculate beautiful chair,"
4814,"02:46:29","02:46:31",Delmar,"and using your momentum,"
4815,"02:46:31","02:46:32",Delmar,"kind of like feed out,"
4816,"02:46:32","02:46:35",Delmar,"pushing in one direction then kind of twisting,"
4817,"02:46:35","02:46:45",Delmar,"so he's almost like Bowser-style spinning his chair so it's just like spinning and just like hits him right here,"
4818,"02:46:45","02:46:48",Delmar,"and you just hear this crunch snap."
4819,"02:46:48","02:46:50",Delmar,"It was the perfect angle."
4820,"02:46:50","02:46:51",Delmar,"It was like..."
4821,"02:46:52","02:46:55",Delmar,"And then I just whip out the pistol really quick,"
4822,"02:46:55","02:46:57",Delmar,"just take aim and fire,"
4823,"02:46:57","02:47:00",Delmar,"and the bullet just goes straight into his eye."
4824,"02:47:01","02:47:03",Delmar,"And just spreads through it."
4825,"02:47:04","02:47:07",Catarina,"I was picturing that Catarina's in this..."
4826,"02:47:07","02:47:09",Catarina,"I pictured her swallowed,"
4827,"02:47:09","02:47:15",Catarina,"and she's hearing the muttering of a rat saying,"
4828,"02:47:15","02:47:45",Catarina,"you got the hell hey in there right was my hearing uh words i'm like doing this thing at the back of his throat as i'm trying to like not and i'm i'm like okay maybe i need to just grab my smoke bomb and just drop it you know kind of like that's what i are you what's this about a smoke bomb are you using a smoke bomb well i was going to on my next turn following after what You would have probably seen me come out with like,"
4829,"02:47:45","02:47:45",Catarina,"yeah."
4830,"02:47:45","02:47:47",DM,"So just because I like the image,"
4831,"02:47:47","02:47:50",DM,"let's describe it from your perspective inside the tunnel too."
4832,"02:47:51","02:47:52",DM,"You're sitting there,"
4833,"02:47:52","02:47:53",DM,"you're hearing all this stuff going on,"
4834,"02:47:54","02:47:55",DM,"and then you see this just,"
4835,"02:47:55","02:47:56",DM,"boom,"
4836,"02:47:56","02:47:57",DM,"get right underneath you."
4837,"02:47:58","02:47:59",DM,"And then,"
4838,"02:48:00","02:48:00",DM,"oh my God,"
4839,"02:48:00","02:48:00",DM,"and then,"
4840,"02:48:00","02:48:01",DM,"boom."
4841,"02:48:02","02:48:06",DM,"And you just see this flash of light appear through the top of the mouth."
4842,"02:48:07","02:48:07",DM,"Yeah."
4843,"02:48:07","02:48:11",DM,"A little pin drop of light coming in into the dark of the mouth."
4844,"02:48:11","02:48:12",DM,"before you just..."
4845,"02:48:14","02:48:15",Speaker 1,"I'm throwing up."
4846,"02:48:16","02:48:17",Speaker 1,"I'm rolling out."
4847,"02:48:17","02:48:18",Speaker 4,"That's how far."
4848,"02:48:19","02:48:19",Speaker 1,"Yeah,"
4849,"02:48:19","02:48:20",Speaker 1,"that's how far."
4850,"02:48:22","02:48:23",Speaker 4,"I'm dreading it."
4851,"02:48:23","02:48:26",Crissdalynn,"I dealt it 67 damage in one tap."
4852,"02:48:27","02:48:28",Crissdalynn,"Yeah,"
4853,"02:48:28","02:48:28",Crissdalynn,"that was good."
4854,"02:48:28","02:48:29",Crissdalynn,"That was awesome."
4855,"02:48:30","02:48:31",DM,"I tumble out of his mouth."
4856,"02:48:32","02:48:36",DM,"The pans keep the beat a moment past the last blow landing."
4857,"02:48:37","02:48:38",DM,"Two quick taps,"
4858,"02:48:38","02:48:38",DM,"once,"
4859,"02:48:39","02:48:39",DM,"and stop."
4860,"02:48:41","02:48:42",DM,"Dust hangs in the air,"
4861,"02:48:42","02:48:45",DM,"finally starting to settle on your shoulders."
4862,"02:48:47","02:48:47",DM,"Bruised,"
4863,"02:48:47","02:48:48",DM,"battered,"
4864,"02:48:48","02:48:48",DM,"defeated,"
4865,"02:48:48","02:48:52",DM,"the citizen Calveno clucked around you."
4866,"02:48:54","02:48:55",Speaker 1,"Nobody chews."
4867,"02:48:56","02:49:01",DM,"A woman near the rim who threw that first jar sits down hard on a chunk of masonry,"
4868,"02:49:01","02:49:03",DM,"hands still shaking with adrenaline."
4869,"02:49:04","02:49:09",DM,"Pieces of the thing lie scattered across the crater floor where the fight tore them loose."
4870,"02:49:10","02:49:11",DM,"It's a rotting hide,"
4871,"02:49:11","02:49:14",DM,"already decaying and melting into the ground."
4872,"02:49:17","02:49:25",DM,"You can see a small little scrap of paper in the decaying corpse."
4873,"02:49:27","02:49:27",DM,"Yeah."
4874,"02:49:28","02:49:29",DM,"Up on the left,"
4875,"02:49:29","02:49:30",DM,"the crowd starts to move."
4876,"02:49:32","02:49:32",DM,"Oh,"
4877,"02:49:32","02:49:33",DM,"there is one still there."
4878,"02:49:34","02:49:34",Delmar,"Yeah,"
4879,"02:49:34","02:49:35",Delmar,"there is."
4880,"02:49:35","02:49:35",Delmar,"I forgot."
4881,"02:49:36","02:49:38",Delmar,"We're not in combat yet."
4882,"02:49:38","02:49:38",Delmar,"I'm sorry."
4883,"02:49:40","02:49:41",Delmar,"I forgot about that."
4884,"02:49:41","02:49:42",Delmar,"Thank you for mentioning it."
4885,"02:49:42","02:49:43",DM,"I thought maybe I just wasn't paying attention."
4886,"02:49:43","02:49:44",DM,"I was like,"
4887,"02:49:44","02:49:44",Speaker 1,"oh,"
4888,"02:49:44","02:49:44",Speaker 1,"fuck."
4889,"02:49:44","02:49:47",Crissdalynn,"I just realized that there were still two things."
4890,"02:49:47","02:49:47",Crissdalynn,"Yeah,"
4891,"02:49:47","02:49:48",Delmar,"that's right."
4892,"02:49:48","02:49:49",Delmar,"They're independent."
4893,"02:49:49","02:49:50",Delmar,"They aren't connected to it."
4894,"02:49:50","02:49:50",Delmar,"Like,"
4895,"02:49:50","02:49:52",Delmar,"it's not like it's out of the way."
4896,"02:49:52","02:49:52",Delmar,"No."
4897,"02:49:52","02:49:52",Delmar,"Okay."
4898,"02:49:53","02:49:54",DM,"I was hoping he wouldn't notice,"
4899,"02:49:54","02:49:55",DM,"and I ain't no snitch."
4900,"02:49:57","02:49:58",Crissdalynn,"So,"
4901,"02:49:58","02:49:58",Crissdalynn,"yeah."
4902,"02:49:58","02:49:58",Crissdalynn,"Nice."
4903,"02:49:58","02:50:00",Crissdalynn,"I like continuity in my story."
4904,"02:50:01","02:50:02",Crissdalynn,"You love that XP,"
4905,"02:50:02","02:50:03",Crissdalynn,"you know?"
4906,"02:50:03","02:50:03",Crissdalynn,"I respect that."
4907,"02:50:03","02:50:03",DM,"Yeah,"
4908,"02:50:03","02:50:05",DM,"I can't help myself either way."
4909,"02:50:05","02:50:05",Crissdalynn,"Think about the XP."
4910,"02:50:06","02:50:07",DM,"Spotted what?"
4911,"02:50:07","02:50:07",DM,"Yeah."
4912,"02:50:07","02:50:07",DM,"Yeah."
4913,"02:50:08","02:50:08",DM,"Yeah,"
4914,"02:50:09","02:50:09",DM,"so two more left."
4915,"02:50:11","02:50:13",Crissdalynn,"Will I come rolling out of a..."
4916,"02:50:13","02:50:14",Speaker 1,"Yeah,"
4917,"02:50:14","02:50:14",Speaker 1,"I'm done."
4918,"02:50:14","02:50:17",Crissdalynn,"Kyzil is going to be chucking some daggers this way."
4919,"02:50:17","02:50:19",Crissdalynn,"I don't know what we need,"
4920,"02:50:19","02:50:20",Crissdalynn,"but one of them's a 20."
4921,"02:50:20","02:50:20",Crissdalynn,"Yeah,"
4922,"02:50:20","02:50:21",Crissdalynn,"that hits."
4923,"02:50:22","02:50:22",DM,"Ooh,"
4924,"02:50:22","02:50:23",DM,"actually,"
4925,"02:50:23","02:50:23",DM,"what did they see?"
4926,"02:50:24","02:50:24",DM,"Is it a nat 21?"
4927,"02:50:24","02:50:25",DM,"A 13."
4928,"02:50:25","02:50:26",DM,"Oh,"
4929,"02:50:26","02:50:26",Speaker 1,"okay."
4930,"02:50:27","02:50:28",Crissdalynn,"Seven plus 11."
4931,"02:50:28","02:50:28",Crissdalynn,"Yeah,"
4932,"02:50:28","02:50:29",Crissdalynn,"everything hits."
4933,"02:50:30","02:50:31",Crissdalynn,"Do you want me to roll?"
4934,"02:50:31","02:50:31",Crissdalynn,"They're dead."
4935,"02:50:31","02:50:31",Crissdalynn,"Yeah?"
4936,"02:50:34","02:50:34",Speaker 1,"Nice."
4937,"02:50:35","02:50:35",Crissdalynn,"Splat."
4938,"02:50:35","02:50:37",Crissdalynn,"And I split two and two."
4939,"02:50:37","02:50:38",Crissdalynn,"Yeah."
4940,"02:50:38","02:50:39",Crissdalynn,"Would that be okay?"
4941,"02:50:39","02:50:40",DM,"You have four shots."
4942,"02:50:40","02:50:41",DM,"You could get both."
4943,"02:50:41","02:50:41",DM,"I have four shots."
4944,"02:50:42","02:50:42",DM,"Like,"
4945,"02:50:42","02:50:43",DM,"just realizing I spent,"
4946,"02:50:43","02:50:44",DM,"like,"
4947,"02:50:44","02:50:45",DM,"two rounds buffing,"
4948,"02:50:45","02:50:46",DM,"and I didn't actually do anything."
4949,"02:50:47","02:50:48",DM,"You healed."
4950,"02:50:48","02:50:48",DM,"The first one."
4951,"02:50:48","02:50:49",DM,"I healed once."
4952,"02:50:50","02:50:52",Delmar,"I need to look at the,"
4953,"02:50:52","02:50:52",Delmar,"uh..."
4954,"02:50:52","02:50:52",Delmar,"Fuck."
4955,"02:50:53","02:50:54",Delmar,"Are they both dead?"
4956,"02:50:54","02:50:54",Delmar,"Like..."
4957,"02:50:54","02:50:54",Delmar,"Meh."
4958,"02:50:55","02:50:55",Delmar,"I could've done more."
4959,"02:50:55","02:50:56",Delmar,"I could've fucking done that with a hand."
4960,"02:50:57","02:50:57",Delmar,"Okay."
4961,"02:50:57","02:50:57",Delmar,"I mean,"
4962,"02:50:58","02:51:00",Delmar,"it's like my three clones and my 17 temporary..."
4963,"02:51:01","02:51:02",DM,"My armor."
4964,"02:51:03","02:51:03",DM,"All right,"
4965,"02:51:04","02:51:04",DM,"I'm ready,"
4966,"02:51:04","02:51:04",DM,"guys."
4967,"02:51:05","02:51:05",DM,"Oh,"
4968,"02:51:05","02:51:05",DM,"fuck."
4969,"02:51:05","02:51:06",DM,"I killed him already."
4970,"02:51:06","02:51:06",DM,"There you go."
4971,"02:51:07","02:51:08",Crissdalynn,"Kyzil takes out the other two with ease."
4972,"02:51:09","02:51:09",Crissdalynn,"Nice."
4973,"02:51:11","02:51:12",Delmar,"I don't know where they are,"
4974,"02:51:12","02:51:12",Delmar,"but splat,"
4975,"02:51:12","02:51:13",Delmar,"splat,"
4976,"02:51:13","02:51:13",Delmar,"they're dead."
4977,"02:51:14","02:51:15",Delmar,"I don't even have a chance to get a roll."
4978,"02:51:16","02:51:16",DM,"That was,"
4979,"02:51:16","02:51:17",DM,"yeah."
4980,"02:51:18","02:51:19",DM,"What's the fact here?"
4981,"02:51:20","02:51:21",DM,"I got very intimidating,"
4982,"02:51:22","02:51:22",DM,"Mr."
4983,"02:51:22","02:51:22",DM,"Black-Jaw."
4984,"02:51:24","02:51:25",Crissdalynn,"You did help."
4985,"02:51:25","02:51:25",Crissdalynn,"You helped."
4986,"02:51:26","02:51:26",Crissdalynn,"Yeah."
4987,"02:51:26","02:51:27",Crissdalynn,"Oh,"
4988,"02:51:27","02:51:27",Crissdalynn,"yeah."
4989,"02:51:28","02:51:29",Crissdalynn,"I'm still there with,"
4990,"02:51:29","02:51:29",Crissdalynn,"like,"
4991,"02:51:30","02:51:32",DM,"I'll try to do what you guys are all sitting around now."
4992,"02:51:33","02:51:33",DM,"Nice."
4993,"02:51:35","02:51:36",DM,"Who's sitting over here?"
4994,"02:51:36","02:51:37",DM,"It was a quadruped?"
4995,"02:51:38","02:51:39",DM,"I was picturing it as,"
4996,"02:51:39","02:51:39",DM,"like,"
4997,"02:51:39","02:51:39",DM,"bipedal."
4998,"02:51:40","02:51:40",DM,"It was."
4999,"02:51:40","02:51:40",DM,"It was."
5000,"02:51:41","02:51:41",DM,"Oh,"
5001,"02:51:41","02:51:41",DM,"oh,"
5002,"02:51:41","02:51:42",DM,"oh."
5003,"02:51:42","02:51:43",DM,"It's like Frank sitting on the chair."
5004,"02:51:45","02:51:46",DM,"That's just a sad woman."
5005,"02:51:47","02:51:47",DM,"I don't know."
5006,"02:51:47","02:51:48",DM,"It's just a sad woman."
5007,"02:51:48","02:51:49",Crissdalynn,"Sad woman."
5008,"02:51:49","02:51:49",Crissdalynn,"Oh,"
5009,"02:51:49","02:51:50",Crissdalynn,"it's not a chair."
5010,"02:51:50","02:51:51",DM,"I thought it was a chair at first."
5011,"02:51:52","02:51:52",DM,"No,"
5012,"02:51:52","02:51:52",DM,"no."
5013,"02:51:52","02:51:53",Crissdalynn,"Not our chair."
5014,"02:51:54","02:51:54",Crissdalynn,"No,"
5015,"02:51:54","02:51:55",Crissdalynn,"I'm not that kind of a fighter."
5016,"02:51:55","02:51:56",Crissdalynn,"You can't all go back."
5017,"02:51:56","02:51:57",Crissdalynn,"He was a brand fighter."
5018,"02:51:58","02:51:58",Delmar,"All right,"
5019,"02:51:58","02:51:59",Delmar,"Gilmore,"
5020,"02:51:59","02:51:59",Delmar,"I was telling you,"
5021,"02:52:00","02:52:01",Delmar,"Kara is going to basically fly around."
5022,"02:52:01","02:52:02",Delmar,"Like,"
5023,"02:52:02","02:52:03",Delmar,"she's kind of,"
5024,"02:52:03","02:52:03",Delmar,"like,"
5025,"02:52:04","02:52:05",Delmar,"above the hole,"
5026,"02:52:05","02:52:06",Delmar,"but people can see me kind of thing."
5027,"02:52:06","02:52:07",Delmar,"A little bit higher."
5028,"02:52:08","02:52:09",Delmar,"I'm trying to cheer out."
5029,"02:52:09","02:52:10",Delmar,"I'm so wanted."
5030,"02:52:11","02:52:15",Delmar,"Does anyone know of the other two locations?"
5031,"02:52:16","02:52:17",Delmar,"I don't know what this voice is."
5032,"02:52:18","02:52:26",Delmar,"Does anyone know of these other two locations where I believe there's been explosions in those areas as well."
5033,"02:52:26","02:52:27",Delmar,"Does anyone know anything?"
5034,"02:52:28","02:52:29",Delmar,"Are there other abominations like this?"
5035,"02:52:29","02:52:32",Delmar,"And I'll point down to what Kyzil just fucked up."
5036,"02:52:34","02:52:36",Delmar,"You're just asking the crowd?"
5037,"02:52:36","02:52:38",DM,"I'm asking anyone who can hear me."
5038,"02:52:39","02:52:40",DM,"Just shouting it out."
5039,"02:52:40","02:52:40",DM,"Yeah,"
5040,"02:52:40","02:52:41",DM,"roll persuasion."
5041,"02:52:42","02:52:44",DM,"See if someone is willing to chat and not in shock."
5042,"02:52:47","02:52:48",Speaker 1,"Ten."
5043,"02:52:48","02:52:52",Delmar,"So my persuasion is quite good,"
5044,"02:52:52","02:52:53",Delmar,"I believe."
5045,"02:52:54","02:52:55",Delmar,"Oh,"
5046,"02:52:56","02:52:56",Speaker 1,"eighteen."
5047,"02:52:57","02:52:57",DM,"Eighteen?"
5048,"02:52:57","02:52:58",DM,"Yeah."
5049,"02:52:58","02:52:59",DM,"That's a ten plus eight."
5050,"02:53:00","02:53:04",DM,"You're able to command the crowd to snap someone out of the shock and they're I don't know."
5051,"02:53:06","02:53:07",DM,"Nothing like this."
5052,"02:53:08","02:53:08",DM,"Everyone,"
5053,"02:53:08","02:53:09",DM,"we ran away from this."
5054,"02:53:11","02:53:12",DM,"I know there's a lot of,"
5055,"02:53:12","02:53:12",DM,"like,"
5056,"02:53:12","02:53:13",DM,"grung over there."
5057,"02:53:14","02:53:17",DM,"But nothing like this."
5058,"02:53:19","02:53:21",DM,"This was probably the main site."
5059,"02:53:21","02:53:22",DM,"Yeah,"
5060,"02:53:22","02:53:25",DM,"and you guys can hear that there is still commotion in the distance."
5061,"02:53:25","02:53:26",Delmar,"Anything that sounds like weapons,"
5062,"02:53:26","02:53:30",Delmar,"like swords clanging or anything like that?"
5063,"02:53:30","02:53:30",Delmar,"Something that,"
5064,"02:53:30","02:53:30",Delmar,"like,"
5065,"02:53:30","02:53:33",Delmar,"Delmar would have heard before on ships or in distant things?"
5066,"02:53:33","02:53:34",DM,"It does sound like,"
5067,"02:53:34","02:53:36",DM,"it's hard to tell what you're hearing."
5068,"02:53:37","02:53:37",Delmar,"I'm hearing commotion,"
5069,"02:53:37","02:53:39",Delmar,"but it's not distinct sounds like battle,"
5070,"02:53:40","02:53:41",Delmar,"of like pistols or..."
5071,"02:53:41","02:53:41",Delmar,"Yeah,"
5072,"02:53:41","02:53:41",Delmar,"no,"
5073,"02:53:41","02:53:43",DM,"you're not hearing any gunshots,"
5074,"02:53:44","02:53:44",DM,"anything like that."
5075,"02:53:45","02:53:46",DM,"You're just hearing shouting."
5076,"02:53:47","02:53:48",DM,"That's about it."
5077,"02:53:48","02:53:49",DM,"You're hearing people shouting names,"
5078,"02:53:50","02:53:51",DM,"people,"
5079,"02:53:51","02:53:51",DM,"you know,"
5080,"02:53:52","02:53:52",DM,"Anthony,"
5081,"02:53:52","02:53:53",DM,"James,"
5082,"02:53:53","02:53:54",DM,"stuff like that."
5083,"02:53:54","02:53:54",DM,"Okay."
5084,"02:53:56","02:53:57",DM,"That's about it."
5085,"02:53:57","02:53:59",DM,"I'm just a second here."
5086,"02:53:59","02:54:07",Catarina,"Can I go over to these human things and identify them or find the further matters of what we just fought?"
5087,"02:54:08","02:54:11",Catarina,"Petrine would have never faced something like this out of the ordinary."
5088,"02:54:12","02:54:15",Catarina,"It seems very unusual and worries her that this is,"
5089,"02:54:16","02:54:16",Catarina,"yeah."
5090,"02:54:16","02:54:18",DM,"Are you using the identify spell?"
5091,"02:54:18","02:54:20",Catarina,"I'm using the identify spell."
5092,"02:54:20","02:54:21",Catarina,"It's going to take me about 10 minutes."
5093,"02:54:22","02:54:22",Delmar,"You got time."
5094,"02:54:23","02:54:24",Delmar,"Well,"
5095,"02:54:24","02:54:24",Delmar,"if she's doing that,"
5096,"02:54:24","02:54:26",Delmar,"I would like to fly down and look at the chair."
5097,"02:54:26","02:54:27",Delmar,"Yeah."
5098,"02:54:27","02:54:29",Delmar,"I would like to surly inspect this chair."
5099,"02:54:29","02:54:29",Delmar,"Um,"
5100,"02:54:30","02:54:31",DM,"it's fairly messy now,"
5101,"02:54:32","02:54:33",DM,"because he did fall on it,"
5102,"02:54:33","02:54:34",DM,"um,"
5103,"02:54:34","02:54:35",DM,"and it is a rotting,"
5104,"02:54:35","02:54:36",DM,"oozing,"
5105,"02:54:36","02:54:37",DM,"um,"
5106,"02:54:37","02:54:37",DM,"thing,"
5107,"02:54:37","02:54:38",DM,"but,"
5108,"02:54:38","02:54:38",DM,"uh,"
5109,"02:54:38","02:54:39",DM,"surprisingly,"
5110,"02:54:39","02:54:39",DM,"it is,"
5111,"02:54:39","02:54:42",DM,"does not seem to have taken any damage."
5112,"02:54:43","02:54:44",DM,"This is like a big,"
5113,"02:54:44","02:54:45",DM,"like..."
5114,"02:54:45","02:54:46",DM,"It's a full,"
5115,"02:54:46","02:54:46",DM,"like,"
5116,"02:54:46","02:54:47",DM,"clawed armchair."
5117,"02:54:48","02:54:48",DM,"Yeah."
5118,"02:54:48","02:54:48",DM,"It's got,"
5119,"02:54:48","02:54:48",DM,"like,"
5120,"02:54:49","02:54:49",DM,"a red and kind of,"
5121,"02:54:49","02:54:49",DM,"like,"
5122,"02:54:50","02:54:51",DM,"purplish kind of fur."
5123,"02:54:52","02:55:28",Delmar,"La Jury is a little gaudy but nice it's a bit over the top but not like not way Delmar is it and we'll at least take it over before like wanting to go address the crowd or whatever it's just like is there anything on it like a switch a button or is it just like a really nice seemingly indestructible chair it's a big heavy chair made by Honda would you like to roll an investigation or perception?"
5124,"02:55:28","02:56:26",Catarina,"absolutely yeah totally you'll see my bird come over and fly over to me and hear wounds while I'm identifying things you're just going to see him like poop out little nuts and bolts you're not kidding why would you like make that a part of it um uh the best uh you said investigation yeah uh i can give you bardic that's because we probably have the action i would take the bardic sure yeah it's a d8 now oh yay that did me actually no with the investigation right okay so that's maybe that is that is"
5125,"02:56:26","02:56:34",Delmar,"six I barely got a sixteen sixteen okay um here sorry and then would like ask Mr."
5126,"02:56:34","02:56:40",Delmar,"Tabarnack to like you know pose it after I like pull the thing out like hose it down really quick with his decanter in this water or something like that."
5127,"02:56:41","02:56:41",DM,"Yeah,"
5128,"02:56:41","02:56:41",DM,"I mean,"
5129,"02:56:41","02:56:45",DM,"you're able to clean it up and it looks like a..."
5130,"02:56:46","02:56:46",DM,"It's weird."
5131,"02:56:47","02:56:48",DM,"It looks like a really..."
5132,"02:56:49","02:56:54",DM,"You're pretty sure it's a magical chair of some sort because it's seemingly indestructible."
5133,"02:56:54","02:56:58",DM,"But that's as far as you can guess from that is that you're pretty sure that this..."
5134,"02:56:59","02:56:59",DM,"Like,"
5135,"02:57:00","02:57:01",DM,"this isn't a normal chair."
5136,"02:57:01","02:57:05",Delmar,"I have never wanted a bag of holding so badly in my life."
5137,"02:57:06","02:57:06",Delmar,"By the way,"
5138,"02:57:06","02:57:08",DM,"it is a favorite character."
5139,"02:57:08","02:57:10",DM,"It's a heavy character."
5140,"02:57:10","02:57:11",DM,"Oh,"
5141,"02:57:11","02:57:11",DM,"no,"
5142,"02:57:11","02:57:12",DM,"I felt it."
5143,"02:57:12","02:57:14",Catarina,"Do you see it as a character or yourself?"
5144,"02:57:16","02:57:16",Delmar,"Oh,"
5145,"02:57:16","02:57:16",Delmar,"yeah."
5146,"02:57:17","02:57:19",Catarina,"I'm just curious."
5147,"02:57:20","02:57:20",Speaker 1,"Oh,"
5148,"02:57:20","02:57:21",Speaker 1,"um..."
5149,"02:57:24","02:57:25",DM,"Is Catarina going to help him out?"
5150,"02:57:27","02:57:27",Crissdalynn,"Wait,"
5151,"02:57:27","02:57:29",Crissdalynn,"did you say this is a..."
5152,"02:57:29","02:57:29",Speaker 1,"19."
5153,"02:57:32","02:57:32",Speaker 1,"19."
5154,"02:57:33","02:57:36",Delmar,"If only I had..."
5155,"02:57:36","02:57:36",Delmar,"fuck,"
5156,"02:57:36","02:57:37",Delmar,"what the hell,"
5157,"02:57:37","02:57:37",Delmar,"Mark?"
5158,"02:57:37","02:57:37",Delmar,"No,"
5159,"02:57:37","02:57:38",Delmar,"that was close enough."
5160,"02:57:39","02:57:41",Delmar,"If only I had a bag of holding."
5161,"02:57:41","02:57:43",Delmar,"Or even just one of those,"
5162,"02:57:43","02:57:44",Delmar,"you know,"
5163,"02:57:44","02:57:47",Delmar,"the ones with the pockets inside that are very large."
5164,"02:57:48","02:57:48",Delmar,"You know,"
5165,"02:57:48","02:57:49",Delmar,"I'm saying this to Kindress."
5166,"02:57:49","02:57:51",Delmar,"To Miss Kindress kind of thing."
5167,"02:57:51","02:57:55",DM,"I know we just dealt with this giant rotting monster here,"
5168,"02:57:55","02:57:56",DM,"but boy,"
5169,"02:57:56","02:57:57",DM,"this chair is great."
5170,"02:57:57","02:57:57",DM,"I need a bag."
5171,"02:57:58","02:57:59",DM,"Like,"
5172,"02:57:59","02:58:01",DM,"she's taking 10 minutes to identify things."
5173,"02:58:01","02:58:02",Crissdalynn,"You and chairs."
5174,"02:58:03","02:58:04",Crissdalynn,"But it's a little weird,"
5175,"02:58:05","02:58:09",Crissdalynn,"and I'm just over to Master Tecno."
5176,"02:58:10","02:58:10",Crissdalynn,"Yeah,"
5177,"02:58:11","02:58:11",Crissdalynn,"it's effective,"
5178,"02:58:11","02:58:11",Crissdalynn,"see?"
5179,"02:58:12","02:58:12",Crissdalynn,"Everything broke,"
5180,"02:58:12","02:58:13",Crissdalynn,"don't fix it."
5181,"02:58:13","02:58:13",Catarina,"Catarina,"
5182,"02:58:14","02:58:16",Catarina,"her ears are going to perk from that."
5183,"02:58:16","02:58:18",Catarina,"That kind of thing is in here."
5184,"02:58:19","02:58:19",Catarina,"Well,"
5185,"02:58:19","02:58:21",Catarina,"let me tell you about such a thing."
5186,"02:58:21","02:58:22",Catarina,"She's going to,"
5187,"02:58:22","02:58:22",Catarina,"like,"
5188,"02:58:22","02:58:23",Catarina,"we're scrimmaging."
5189,"02:58:23","02:58:23",Catarina,"She's,"
5190,"02:58:23","02:58:23",Catarina,"you know,"
5191,"02:58:23","02:58:26",Catarina,"doing her investigation."
5192,"02:58:26","02:58:32",Catarina,"She's going to pull out a bag and you're going to kind of see her kind of go over it and,"
5193,"02:58:32","02:58:33",Catarina,"you know,"
5194,"02:58:33","02:58:35",Catarina,"just inspect it,"
5195,"02:58:35","02:58:35",Catarina,"pat it down,"
5196,"02:58:36","02:58:36",Catarina,"make sure it's all good."
5197,"02:58:37","02:58:38",Catarina,"You know,"
5198,"02:58:38","02:58:38",Catarina,"it's a little dusty."
5199,"02:58:39","02:58:41",Catarina,"And she's going to pat,"
5200,"02:58:41","02:58:42",Catarina,"will this suffice?"
5201,"02:58:43","02:58:52",Catarina,"And she's going to give you an increased item that she is now You can make bags of holding."
5202,"02:58:52","02:58:52",Crissdalynn,"I know,"
5203,"02:58:53","02:58:53",Crissdalynn,"right?"
5204,"02:58:53","02:58:54",Speaker 1,"Yeah,"
5205,"02:58:54","02:58:54",Speaker 1,"wait,"
5206,"02:58:54","02:58:54",Speaker 1,"actually."
5207,"02:58:55","02:58:55",Delmar,"Yeah,"
5208,"02:58:55","02:58:55",Delmar,"dude."
5209,"02:58:58","02:59:00",Delmar,"I can't make my mind."
5210,"02:59:00","02:59:02",Delmar,"Do I want to be an artisopher or a rogue next character?"
5211,"02:59:03","02:59:04",Delmar,"Because Yeah,"
5212,"02:59:04","02:59:04",Delmar,"fuck bards."
5213,"02:59:04","02:59:08",Delmar,"You always fuck the bards."
5214,"02:59:10","02:59:12",DM,"Would you like to roll perception for me?"
5215,"02:59:12","02:59:12",DM,"Sure."
5216,"02:59:14","02:59:14",DM,"No problem."
5217,"02:59:15","02:59:17",DM,"I can't believe there's any in Fever."
5218,"02:59:18","02:59:21",DM,"I'm just noticing the rotting corpse."
5219,"02:59:22","02:59:22",DM,"Yeah,"
5220,"02:59:22","02:59:25",DM,"I have that identified."
5221,"02:59:25","02:59:26",DM,"Not bad."
5222,"02:59:26","02:59:27",DM,"That is a 19."
5223,"02:59:28","02:59:28",DM,"Sorry,"
5224,"02:59:28","02:59:29",DM,"21."
5225,"02:59:32","02:59:33",DM,"We'll just get back to,"
5226,"02:59:33","02:59:34",DM,"as you're identifying this,"
5227,"02:59:34","02:59:35",DM,"we'll just resolve this real quick."
5228,"02:59:36","02:59:44",DM,"You do notice a little scrap of paper with wrong writing inside the running bits of the corpse."
5229,"02:59:46","02:59:47",DM,"Can I take it and read it?"
5230,"02:59:48","02:59:48",DM,"Yeah."
5231,"02:59:49","02:59:53",DM,"You're not very familiar with exactly what it is,"
5232,"02:59:53","02:59:54",DM,"but it's written in grung."
5233,"02:59:54","02:59:55",DM,"It's red cast."
5234,"02:59:55","02:59:57",DM,"It's not something you've ever been given before."
5235,"02:59:59","03:00:01",DM,"Just a tiny little slip of paper."
5236,"03:00:04","03:00:33",DM,"you can roll an arcana to try and identify it or you could have better me do it in 10 minutes when she's I could have a look at it I've got a good arcana and if you want to do any more looting of the I was going to say I was just waiting for her to speak but yeah I do want to dig through looking for any poisons any of those grenades and I also watch other people who are looting through and..."
5237,"03:00:33","03:00:33",DM,"Oh,"
5238,"03:00:33","03:00:34",DM,"no one else is going near it."
5239,"03:00:35","03:00:35",DM,"Oh,"
5240,"03:00:35","03:00:36",DM,"okay,"
5241,"03:00:36","03:00:36",DM,"okay."
5242,"03:00:36","03:00:36",DM,"Yeah,"
5243,"03:00:36","03:00:38",DM,"everyone else is standing very far back,"
5244,"03:00:38","03:00:39",DM,"all the people are there."
5245,"03:00:39","03:00:44",DM,"I just reiterate to the group if we find any poisons,"
5246,"03:00:44","03:00:45",DM,"poison grenades,"
5247,"03:00:45","03:00:46",DM,"anything like that on them,"
5248,"03:00:47","03:00:56",DM,"I would like to gently insist that those be given to me for I am building a case."
5249,"03:00:57","03:00:58",DM,"Yeah,"
5250,"03:00:58","03:01:02",DM,"for their evidence against great transgression."
5251,"03:01:02","03:01:02",DM,"Okay."
5252,"03:01:02","03:01:03",DM,"Blah,"
5253,"03:01:03","03:01:03",DM,"blah,"
5254,"03:01:03","03:01:03",DM,"blah."
5255,"03:01:03","03:01:04",DM,"I will tell you,"
5256,"03:01:04","03:01:05",DM,"you don't find any poison grenades."
5257,"03:01:06","03:01:06",DM,"You don't find any grenades."
5258,"03:01:06","03:01:09",DM,"There's in fact very little anything made here."
5259,"03:01:09","03:01:14",DM,"You do find a sliver of the..."
5260,"03:01:16","03:01:19",DM,"There's a fragment of red hives the size of a fist."
5261,"03:01:20","03:01:21",DM,"Still faintly warm."
5262,"03:01:24","03:01:26",DM,"And it just seems to be almost still alive."
5263,"03:01:27","03:01:27",DM,"Slightly."
5264,"03:01:29","03:02:01",DM,"almost like it's a little heartbeat yeah I pointed out to everyone namely those that might have a better idea of what it may be because I have zero intelligence skills all wisdom so for the sake of ease of narrative does it spend the next 30 minutes or so Catarina identifying yeah it takes about 10 minutes to identify I'm just so speechless of what's been occurring here."
5265,"03:02:01","03:02:01",Catarina,"Well,"
5266,"03:02:01","03:02:04",DM,"let's say with your assistance because you have some arcana."
5267,"03:02:04","03:02:06",DM,"I would love to assist as well."
5268,"03:02:06","03:02:09",DM,"I also want to use a magical coming to regen a warlock spell."
5269,"03:02:10","03:02:11",DM,"Take a minute."
5270,"03:02:11","03:02:13",DM,"In 15 minutes,"
5271,"03:02:13","03:02:14",DM,"you guys can identify all three."
5272,"03:02:15","03:02:15",DM,"First,"
5273,"03:02:16","03:02:27",DM,"the creature you found was a Slodtodmul whose pathway through its metamorphosis eating a person,"
5274,"03:02:27","03:02:31",DM,"and then they eat their way from the inside out."
5275,"03:02:33","03:02:36",DM,"They will rapidly change someone into a slot,"
5276,"03:02:37","03:02:39",DM,"and once you change,"
5277,"03:02:40","03:02:40",DM,"you are..."
5278,"03:02:40","03:02:41",DM,"it's permanent."
5279,"03:02:43","03:02:49",DM,"Second thing was the paper from Jean-Claude."
5280,"03:02:49","03:02:51",DM,"A little tiny slip of paper here."
5281,"03:02:52","03:02:52",DM,"You,"
5282,"03:02:53","03:02:54",DM,"after examining it,"
5283,"03:02:55","03:02:55",Speaker 1,"Um,"
5284,"03:02:55","03:03:00",DM,"this is a,"
5285,"03:03:00","03:03:04",DM,"this is a very powerful form of magic."
5286,"03:03:05","03:03:05",DM,"Um,"
5287,"03:03:05","03:03:09",DM,"it only works on specific species."
5288,"03:03:09","03:03:10",DM,"However,"
5289,"03:03:10","03:03:11",DM,"um,"
5290,"03:03:11","03:03:12",DM,"if,"
5291,"03:03:12","03:03:13",DM,"if used,"
5292,"03:03:13","03:03:14",DM,"a,"
5293,"03:03:14","03:03:15",DM,"um,"
5294,"03:03:15","03:03:19",DM,"when used on a member of the Grung within 60 feet,"
5295,"03:03:19","03:03:26",DM,"they are compelled to obey the command indefinitely and treat it as if it is their own."
5296,"03:03:26","03:03:27",DM,"Wow."
5297,"03:03:28","03:03:28",DM,"So a command,"
5298,"03:03:29","03:03:32",DM,"like a really high-level command itself?"
5299,"03:03:33","03:03:33",DM,"It's basically,"
5300,"03:03:34","03:03:34",DM,"yeah,"
5301,"03:03:34","03:03:35",DM,"it's a scroll,"
5302,"03:03:35","03:03:36",DM,"it's effective."
5303,"03:03:36","03:03:38",DM,"I'm holding on to that."
5304,"03:03:38","03:03:40",DM,"No one else is allowed to have that."
5305,"03:03:45","03:03:47",DM,"That is fucking damning evidence,"
5306,"03:03:48","03:03:48",DM,"too."
5307,"03:03:48","03:03:49",DM,"So,"
5308,"03:03:49","03:03:51",DM,"perhaps not all these wrong."
5309,"03:03:51","03:03:52",DM,"I'm like,"
5310,"03:03:52","03:03:52",DM,"yeah."
5311,"03:03:52","03:03:52",DM,"Yeah."
5312,"03:03:53","03:03:53",DM,"Yeah,"
5313,"03:03:54","03:03:56",DM,"which we already knew because of Zuma."
5314,"03:03:57","03:03:57",DM,"No,"
5315,"03:03:57","03:03:58",DM,"Ruma."
5316,"03:03:58","03:03:58",DM,"Ruma."
5317,"03:04:00","03:04:00",DM,"Zuma."
5318,"03:04:01","03:04:01",DM,"So,"
5319,"03:04:01","03:04:02",DM,"I just went wrong."
5320,"03:04:02","03:04:02",DM,"So,"
5321,"03:04:02","03:04:06",Catarina,"I identify he is holding it."
5322,"03:04:06","03:04:07",Catarina,"I didn't actually physically touch it,"
5323,"03:04:07","03:04:09",Catarina,"but it looks like I recognize him."
5324,"03:04:09","03:04:10",DM,"I actually got some parent to do it."
5325,"03:04:10","03:04:10",DM,"No,"
5326,"03:04:10","03:04:12",DM,"I know him better."
5327,"03:04:12","03:04:12",DM,"Yeah."
5328,"03:04:12","03:04:13",Speaker 1,"No,"
5329,"03:04:13","03:04:13",Speaker 1,"that's fine."
5330,"03:04:13","03:04:13",Speaker 1,"No,"
5331,"03:04:13","03:04:14",DM,"perfect match."
5332,"03:04:15","03:04:15",DM,"Yeah."
5333,"03:04:16","03:04:18",DM,"You're the weird spider lady that makes robots poop."
5334,"03:04:18","03:04:19",Speaker 1,"True."
5335,"03:04:20","03:04:20",Speaker 1,"Fair enough."
5336,"03:04:21","03:04:22",DM,"Which I respect."
5337,"03:04:23","03:04:24",DM,"Would you not?"
5338,"03:04:25","03:04:25",DM,"Yeah."
5339,"03:04:26","03:04:27",DM,"Would you not?"
5340,"03:04:27","03:04:29",DM,"Now that I think about it,"
5341,"03:04:29","03:04:29",DM,"yeah,"
5342,"03:04:29","03:04:30",DM,"it's fucking hilarious."
5343,"03:04:30","03:04:30",DM,"Yeah,"
5344,"03:04:30","03:04:31",DM,"actually."
5345,"03:04:33","03:04:37",DM,"The bit of hide that you got after identifying it,"
5346,"03:04:37","03:04:41",DM,"this is a sliver of the unstable form."
5347,"03:04:43","03:04:44",DM,"It requires attunement."
5348,"03:04:45","03:04:45",DM,"However,"
5349,"03:04:46","03:04:47",DM,"attune to it."
5350,"03:04:47","03:04:48",DM,"Once for long rest,"
5351,"03:04:49","03:04:53",DM,"regenerate a burst of hit points at the start of each of your turns for one minute,"
5352,"03:04:53","03:04:56",DM,"unless you've taken fire acid damage since your last turn."
5353,"03:04:57","03:04:58",Catarina,"So it's a hide,"
5354,"03:04:58","03:04:59",Catarina,"and I attune?"
5355,"03:05:00","03:05:01",DM,"It's like some..."
5356,"03:05:02","03:05:04",DM,"It's gross otar hide."
5357,"03:05:05","03:05:05",DM,"Yeah?"
5358,"03:05:06","03:05:06",DM,"Yeah."
5359,"03:05:07","03:05:07",DM,"Okay."
5360,"03:05:09","03:05:13",DM,"You regenerate 2d8 hit points every single turn to the next minute."
5361,"03:05:14","03:05:15",Catarina,"That's insane."
5362,"03:05:16","03:05:16",Catarina,"2d8."
5363,"03:05:17","03:05:18",Catarina,"2d8 of the HP."
5364,"03:05:19","03:05:20",DM,"Wow."
5365,"03:05:21","03:05:23",DM,"Fire or acid damage."
5366,"03:05:23","03:05:26",Catarina,"Every turn unless fire and damage."
5367,"03:05:26","03:05:27",Catarina,"Fire and what?"
5368,"03:05:28","03:05:28",Speaker 1,"Fire or acid."
5369,"03:05:28","03:05:29",Catarina,"Fire and acid."
5370,"03:05:29","03:05:30",Catarina,"Sorry."
5371,"03:05:31","03:05:32",Speaker 1,"Wow."
5372,"03:05:33","03:05:33",DM,"That's it."
5373,"03:05:33","03:05:37",DM,"The scroll of permanent domination."
5374,"03:05:37","03:05:37",DM,"Yeah,"
5375,"03:05:38","03:05:40",DM,"it's called a Solange Authority Seal."
5376,"03:05:41","03:05:42",DM,"Should I write that down?"
5377,"03:05:42","03:05:44",DM,"You can just call it Authority Seal or whatever."
5378,"03:05:45","03:05:50",Catarina,"And this thing looks like just like a bigger version of Jaune in a way."
5379,"03:05:50","03:05:51",Catarina,"In my eyes,"
5380,"03:05:51","03:05:52",Catarina,"in my perspective."
5381,"03:05:52","03:05:53",Catarina,"I mean,"
5382,"03:05:53","03:05:54",Catarina,"like a toad looks like a frog."
5383,"03:05:55","03:05:56",Crissdalynn,"Because they all look the same to you?"
5384,"03:05:56","03:05:56",Crissdalynn,"Yeah."
5385,"03:05:57","03:05:58",Crissdalynn,"Fucking racist."
5386,"03:05:58","03:05:58",DM,"Wow."
5387,"03:05:59","03:05:59",DM,"No,"
5388,"03:05:59","03:06:00",DM,"it's weird."
5389,"03:06:00","03:06:00",DM,"No,"
5390,"03:06:00","03:06:01",DM,"you see,"
5391,"03:06:01","03:06:02",DM,"you know,"
5392,"03:06:02","03:06:04",DM,"toad frogs are skinny."
5393,"03:06:04","03:06:05",DM,"Toads are big and bulls."
5394,"03:06:06","03:06:06",DM,"It's been a while."
5395,"03:06:07","03:06:08",Catarina,"We've gone raiding,"
5396,"03:06:08","03:06:08",Catarina,"understand?"
5397,"03:06:08","03:06:09",Catarina,"And I'm just going to be like,"
5398,"03:06:09","03:06:11",Catarina,"was this one of your kind?"
5399,"03:06:11","03:06:12",Catarina,"And after you had,"
5400,"03:06:12","03:06:12",Catarina,"like,"
5401,"03:06:13","03:06:14",Catarina,"tried to,"
5402,"03:06:14","03:06:14",Catarina,"like,"
5403,"03:06:14","03:06:19",Catarina,"take poison that you were trying to explain was important to you,"
5404,"03:06:19","03:06:21",Catarina,"I'm going to be trying to treat it like it's,"
5405,"03:06:21","03:06:22",Catarina,"like,"
5406,"03:06:22","03:06:24",Catarina,"some level of respect towards you."
5407,"03:06:24","03:06:25",Catarina,"Like,"
5408,"03:06:25","03:06:26",Catarina,"was this someone that,"
5409,"03:06:27","03:06:27",Catarina,"like,"
5410,"03:06:27","03:06:30",Catarina,"did you know these people that we were,"
5411,"03:06:30","03:06:31",Catarina,"like,"
5412,"03:06:31","03:06:32",Catarina,"you're dating?"
5413,"03:06:32","03:06:34",DM,"Are you related to these guys?"
5414,"03:06:34","03:06:38",Speaker 4,"Are you okay if I..."
5415,"03:06:38","03:06:45",DM,"I take a deep long drag of my cigarettes and I twirl my wine around and I just kind of dismissively,"
5416,"03:06:45","03:06:48",DM,"because he is a little offended by that."
5417,"03:06:48","03:06:49",DM,"We all have the same thing."
5418,"03:06:50","03:06:52",DM,"We're different colors and I have a mustache."
5419,"03:06:53","03:06:55",DM,"He's like 12 feet tall."
5420,"03:06:56","03:06:57",DM,"But I just say."
5421,"03:07:00","03:07:01",Catarina,"I'm a big pussy-sus."
5422,"03:07:02","03:07:03",Catarina,"And I love potatoes."
5423,"03:07:04","03:07:05",DM,"I've been digging through it too."
5424,"03:07:06","03:07:06",DM,"No,"
5425,"03:07:06","03:07:06",DM,"yeah."
5426,"03:07:07","03:07:07",DM,"No."
5427,"03:07:08","03:07:08",DM,"I say no."
5428,"03:07:09","03:07:09",DM,"I pause and say,"
5429,"03:07:10","03:07:10",DM,"uh,"
5430,"03:07:11","03:07:12",DM,"ze le abomination."
5431,"03:07:13","03:07:13",Speaker 1,"Ah."
5432,"03:07:14","03:07:14",DM,"See,"
5433,"03:07:15","03:07:15",DM,"I mean..."
5434,"03:07:15","03:07:16",DM,"Have I ever heard of..."
5435,"03:07:16","03:07:17",DM,"Do I know anything of slobs?"
5436,"03:07:18","03:07:18",DM,"Is this..."
5437,"03:07:18","03:07:19",DM,"This is all..."
5438,"03:07:20","03:07:20",DM,"Transpagandism."
5439,"03:07:20","03:07:20",DM,"Oh,"
5440,"03:07:20","03:07:21",DM,"okay."
5441,"03:07:21","03:07:21",DM,"But..."
5442,"03:07:22","03:07:23",DM,"It looks kind of like a grung,"
5443,"03:07:24","03:07:25",DM,"but it's obviously an abomination."
5444,"03:07:25","03:07:25",DM,"Yeah,"
5445,"03:07:25","03:07:26",DM,"yeah."
5446,"03:07:26","03:07:27",DM,"That is not a stretch of logic."
5447,"03:07:28","03:07:28",DM,"Yeah."
5448,"03:07:28","03:07:30",DM,"I think I've never seen it just be like,"
5449,"03:07:30","03:07:31",DM,"that ain't it."
5450,"03:07:31","03:07:33",DM,"It's like ten times the size of a normal grung,"
5451,"03:07:33","03:07:34",DM,"way fatter."
5452,"03:07:35","03:07:36",DM,"Like..."
5453,"03:07:36","03:07:44",DM,"It's really like rotting I feel like she died And fell apart in like 30 minutes Um,"
5454,"03:07:44","03:07:48",DM,"Catarina would With that,"
5455,"03:07:48","03:07:49",Catarina,"she's Confirming,"
5456,"03:07:49","03:07:49",Catarina,"you know,"
5457,"03:07:49","03:08:00",Catarina,"may I And she'd like to investigate or be able to extract Some of these ingredients or elements From the slob that is dead in front of her If it's collecting skin Acid,"
5458,"03:08:00","03:08:02",Catarina,"whatever I could as,"
5459,"03:08:02","03:08:07",DM,"you know She's fascinated by it You won't need to roll for that."
5460,"03:08:08","03:08:08",Speaker 1,"Yeah,"
5461,"03:08:08","03:08:09",DM,"okay."
5462,"03:08:09","03:08:10",DM,"As this is all happening,"
5463,"03:08:10","03:08:12",DM,"the crowd's starting to relax a bit more."
5464,"03:08:13","03:08:22",DM,"You can hear this slow kind of chant as people are starting to celebrate."
5465,"03:08:22","03:08:25",DM,"And then you can hear a booing in the distance."
5466,"03:08:28","03:08:30",DM,"The crowd kind of like hearts a little bit."
5467,"03:08:31","03:08:34",DM,"You see this very well-dressed maiden coming up."
5468,"03:08:35","03:08:37",DM,"He's running up there,"
5469,"03:08:37","03:08:38",DM,"hair all messed up,"
5470,"03:08:38","03:08:38",DM,"sweaty."
5471,"03:08:39","03:08:40",DM,"He's in a very fine,"
5472,"03:08:40","03:08:41",DM,"nice Italian suit,"
5473,"03:08:42","03:08:44",DM,"completely fucked up and astray."
5474,"03:08:45","03:08:45",DM,"What's an Italian?"
5475,"03:08:48","03:08:50",DM,"Very nice Calveno-ian suit."
5476,"03:08:50","03:08:50",DM,"Oh,"
5477,"03:08:50","03:08:51",DM,"okay."
5478,"03:08:51","03:08:52",DM,"I know what those look like."
5479,"03:08:53","03:08:53",DM,"Yeah,"
5480,"03:08:53","03:08:53",DM,"that's what they matter."
5481,"03:08:57","03:08:58",DM,"Calvinese."
5482,"03:08:58","03:09:40",DM,"um you would uh Perrin you know of him and you recognize him this is uh the the Tessarine Concordat uh factor in charge of Calveno this is basically equivalent to the mayor um he is uh this is a merchant owned or merchant controlled city and he is the representative from that merchant guild here uh the man named Iacopo Fieschi um and he's already talking he's chatting with the so sorry for the loss so sorry so we will make this right I am so sorry oh the heroes of Calveno I am so glad that these"
5483,"03:09:40","03:09:56",DM,"fine heroes were here to defend us I am so infinitely grateful did I detect a note of sarcasm in his voice he's being genuine and he's being a bit performative."
5484,"03:09:57","03:09:58",DM,"He's definitely a fucking politician."
5485,"03:09:58","03:10:00",DM,"He's being a politician."
5486,"03:10:03","03:10:05",DM,"I can't believe all this."
5487,"03:10:05","03:10:07",DM,"The fucking Gravosis,"
5488,"03:10:07","03:10:09",DM,"of course they abandon us when this happens."
5489,"03:10:09","03:10:12",DM,"Not a single one of them in the fucking port."
5490,"03:10:12","03:10:14",DM,"I am so sorry."
5491,"03:10:15","03:10:17",DM,"Can we speak in my office?"
5492,"03:10:17","03:10:20",DM,"I believe that such fine,"
5493,"03:10:20","03:10:23",DM,"heroic efforts deserve to be rewarded."
5494,"03:10:25","03:10:25",DM,"As he reacted,"
5495,"03:10:26","03:10:26",DM,"all the same,"
5496,"03:10:26","03:10:27",DM,"Perrin."
5497,"03:10:28","03:10:29",Perrin,"Actually,"
5498,"03:10:29","03:10:34",Perrin,"I want to walk up to him and offer to shake his hand and then kind of lean in close and be like,"
5499,"03:10:35","03:10:37",Perrin,"let's see if I can do this in voice."
5500,"03:10:38","03:10:38",Perrin,"Men,"
5501,"03:10:39","03:10:42",Perrin,"the Black-Jaws will always be here for the city,"
5502,"03:10:42","03:10:42",Perrin,"see?"
5503,"03:10:43","03:10:45",Perrin,"And then I pull back and,"
5504,"03:10:45","03:10:46",Perrin,"you know,"
5505,"03:10:46","03:10:46",Perrin,"my pleasure."
5506,"03:10:47","03:10:49",Perrin,"Is that an intimidation?"
5507,"03:10:49","03:10:50",Perrin,"No,"
5508,"03:10:50","03:10:51",Perrin,"just being like,"
5509,"03:10:51","03:10:52",Perrin,"hey,"
5510,"03:10:52","03:10:54",Perrin,"I'm with the Black-Jaws,"
5511,"03:10:54","03:10:55",Perrin,"we just saved your ass."
5512,"03:10:55","03:10:55",Perrin,"Like,"
5513,"03:10:55","03:10:57",Perrin,"we're here for you,"
5514,"03:10:57","03:10:58",Perrin,"kind of right,"
5515,"03:10:58","03:10:59",Perrin,"but also,"
5516,"03:10:59","03:10:59",Perrin,"like,"
5517,"03:10:59","03:10:59",Perrin,"look,"
5518,"03:10:59","03:11:00",Perrin,"we just saved your ass,"
5519,"03:11:00","03:11:00",Perrin,"buddy,"
5520,"03:11:00","03:11:01",Perrin,"huh?"
5521,"03:11:01","03:11:02",DM,"Roll persuasion for me."
5522,"03:11:02","03:11:02",DM,"Yeah,"
5523,"03:11:02","03:11:02",DM,"say,"
5524,"03:11:02","03:11:02",DM,"like,"
5525,"03:11:03","03:11:03",DM,"persuade."
5526,"03:11:03","03:11:03",DM,"Not really."
5527,"03:11:04","03:11:04",DM,"Yeah,"
5528,"03:11:04","03:11:04",DM,"I know."
5529,"03:11:04","03:11:06",DM,"I'm picking up what you're putting down."
5530,"03:11:06","03:11:08",DM,"That is a 21."
5531,"03:11:09","03:11:09",DM,"Okay."
5532,"03:11:09","03:11:10",DM,"Black Jack for the Black-Jaws."
5533,"03:11:10","03:11:11",DM,"21,"
5534,"03:11:11","03:11:11",DM,"yeah."
5535,"03:11:11","03:11:11",DM,"Nice."
5536,"03:11:13","03:11:13",DM,"I like that."
5537,"03:11:13","03:11:14",DM,"That's cool."
5538,"03:11:15","03:11:16",DM,"Black Jack for the Black-Jaws."
5539,"03:11:17","03:11:17",Speaker 1,"Okay."
5540,"03:11:17","03:11:17",Speaker 1,"So,"
5541,"03:11:18","03:11:18",Speaker 1,"yeah."
5542,"03:11:18","03:11:20",DM,"A 21 absolutely does it."
5543,"03:11:20","03:11:20",DM,"Oh,"
5544,"03:11:20","03:11:21",DM,"of course."
5545,"03:11:23","03:11:32",DM,"we love all the community work that the great Nona Blanchard does for The Warren and Laput Ludi."
5546,"03:11:32","03:11:33",DM,"Of course,"
5547,"03:11:33","03:11:39",DM,"we understand that you stand with us and we want to reward that effort."
5548,"03:11:40","03:11:40",Speaker 1,"Of course."
5549,"03:11:41","03:11:41",DM,"Give them a wink."
5550,"03:11:43","03:11:44",Speaker 1,"So,"
5551,"03:11:44","03:11:46",DM,"if you don't come back to me,"
5552,"03:11:46","03:11:50",DM,"I'd like to discuss this somewhere without the rotting forks nearby."
5553,"03:11:51","03:11:52",DM,"It's awful."
5554,"03:11:53","03:11:54",Speaker 1,"Can't argue with that one."
5555,"03:11:54","03:11:55",Delmar,"I'll,"
5556,"03:11:55","03:11:55",Delmar,"like,"
5557,"03:11:55","03:11:56",Delmar,"really quickly..."
5558,"03:11:57","03:11:57",Speaker 1,"No,"
5559,"03:11:57","03:11:57",Speaker 1,"please,"
5560,"03:11:57","03:11:57",Speaker 1,"go ahead."
5561,"03:11:58","03:11:59",DM,"Can I roll an insight?"
5562,"03:11:59","03:12:00",DM,"When he said,"
5563,"03:12:00","03:12:01",DM,"like,"
5564,"03:12:01","03:12:04",DM,"and of course this happens when all the Dervosi have left us and stuff."
5565,"03:12:05","03:12:07",DM,"Is he overselling this?"
5566,"03:12:07","03:12:08",DM,"Did this guy fucking know?"
5567,"03:12:09","03:12:09",DM,"Roll an insight."
5568,"03:12:11","03:12:12",DM,"How's your insight?"
5569,"03:12:12","03:12:13",DM,"Pretty good."
5570,"03:12:13","03:12:13",DM,"Immediately,"
5571,"03:12:13","03:12:16",DM,"Chris looks over at that..."
5572,"03:12:16","03:12:16",DM,"Yeah,"
5573,"03:12:16","03:12:17",DM,"I'm heavy with it."
5574,"03:12:18","03:12:18",DM,"Yeah,"
5575,"03:12:18","03:12:19",DM,"it's..."
5576,"03:12:19","03:12:19",DM,"Inside out,"
5577,"03:12:19","03:12:20",DM,"I'm like..."
5578,"03:12:20","03:12:20",DM,"Is yours better?"
5579,"03:12:20","03:12:20",DM,"No,"
5580,"03:12:20","03:12:21",DM,"it's the..."
5581,"03:12:21","03:12:21",DM,"Oh,"
5582,"03:12:21","03:12:21",DM,"okay."
5583,"03:12:21","03:12:23",DM,"How funny would it be for you to just be like,"
5584,"03:12:23","03:12:23",Speaker 1,"look."
5585,"03:12:23","03:12:24",DM,"It's kind of a jack of all trades."
5586,"03:12:25","03:12:25",DM,"It's not what it's supposed to be."
5587,"03:12:25","03:12:26",DM,"Kind of tucking down the jacket a little bit."
5588,"03:12:27","03:12:27",DM,"Yeah."
5589,"03:12:30","03:12:30",DM,"So,"
5590,"03:12:30","03:12:30",DM,"sorry."
5591,"03:12:31","03:12:32",DM,"You are trying to find exact..."
5592,"03:12:32","03:12:33",DM,"You're trying to..."
5593,"03:12:33","03:12:35",DM,"I'm just watching it mannerisms,"
5594,"03:12:35","03:12:36",DM,"and when he was talking about,"
5595,"03:12:36","03:12:36",DM,"like,"
5596,"03:12:37","03:12:38",DM,"he seems to be overselling things."
5597,"03:12:39","03:12:39",DM,"I don't trust this guy."
5598,"03:12:40","03:12:44",DM,"I think perhaps he was in on the conspiracy or had advanced knowledge of it."
5599,"03:12:44","03:12:46",DM,"He is freaking the fuck out."
5600,"03:12:46","03:12:47",DM,"With a 19,"
5601,"03:12:48","03:12:49",DM,"you get the impression that,"
5602,"03:12:49","03:12:51",DM,"um..."
5603,"03:12:51","03:13:21",DM,"he is responsible for the city's protection and the fact that this occurred at all is extremely bad and he's trying not to get that across he's trying to he's legit shook he's not putting on airs or like oh my god who could have seen this coming he seems more concerned with himself than anything else Yeah,"
5604,"03:13:21","03:13:21",DM,"again,"
5605,"03:13:21","03:13:22",DM,"politician."
5606,"03:13:24","03:13:27",DM,"He seems like a normal politician and not like a villain."
5607,"03:13:27","03:13:27",DM,"Oh,"
5608,"03:13:27","03:13:29",DM,"so he was definitely an otter."
5609,"03:13:29","03:13:29",DM,"Yeah."
5610,"03:13:30","03:13:30",DM,"Normal politician."
5611,"03:13:30","03:13:31",DM,"Sure,"
5612,"03:13:31","03:13:32",DM,"the first thing he thought of was,"
5613,"03:13:32","03:13:32",Crissdalynn,"well,"
5614,"03:13:32","03:13:33",Crissdalynn,"there goes my politician."
5615,"03:13:33","03:13:34",DM,"Yeah."
5616,"03:13:35","03:13:36",Crissdalynn,"Two things."
5617,"03:13:36","03:13:37",Crissdalynn,"How am I ever going to get them to vote?"
5618,"03:13:37","03:13:38",Delmar,"Did Enzo ever show up?"
5619,"03:13:39","03:13:40",Crissdalynn,"How much of a game is this?"
5620,"03:13:40","03:13:41",Delmar,"Enzo never showed up."
5621,"03:13:41","03:13:42",Crissdalynn,"He wasn't needed,"
5622,"03:13:42","03:13:43",Crissdalynn,"I told you."
5623,"03:13:43","03:13:44",Delmar,"It was too quick."
5624,"03:13:45","03:13:45",Delmar,"No,"
5625,"03:13:45","03:13:45",Delmar,"no,"
5626,"03:13:45","03:13:45",Delmar,"no,"
5627,"03:13:45","03:13:46",Delmar,"no,"
5628,"03:13:46","03:13:46",Delmar,"no."
5629,"03:13:46","03:13:46",Delmar,"I'm talking about,"
5630,"03:13:47","03:13:47",Delmar,"like,"
5631,"03:13:47","03:13:48",Delmar,"post-battle when Enzo's still been,"
5632,"03:13:48","03:13:49",Delmar,"like,"
5633,"03:13:49","03:13:50",Delmar,"looking at..."
5634,"03:13:50","03:13:51",Delmar,"And then she'd show up and like,"
5635,"03:13:51","03:13:51",DM,"you know."
5636,"03:13:52","03:13:52",DM,"Yeah,"
5637,"03:13:52","03:13:52",DM,"he would."
5638,"03:13:52","03:13:53",DM,"And you guys spent 30 minutes here."
5639,"03:13:54","03:13:54",DM,"So,"
5640,"03:13:54","03:13:55",DM,"yeah,"
5641,"03:13:55","03:13:57",DM,"Enzo absolutely would have showed up by now."
5642,"03:13:57","03:13:57",DM,"Okay."
5643,"03:14:00","03:14:00",DM,"No,"
5644,"03:14:00","03:14:01",Speaker 1,"that was just for me."
5645,"03:14:02","03:14:02",Speaker 1,"Oh,"
5646,"03:14:02","03:14:04",Speaker 1,"so you guys didn't make the improvisation at all?"
5647,"03:14:04","03:14:04",Delmar,"Oh,"
5648,"03:14:05","03:14:05",Delmar,"yeah,"
5649,"03:14:05","03:14:05",Delmar,"no."
5650,"03:14:05","03:14:05",Delmar,"I just,"
5651,"03:14:06","03:14:06",Delmar,"I don't know."
5652,"03:14:06","03:14:07",Delmar,"Like,"
5653,"03:14:07","03:14:07",Delmar,"basically,"
5654,"03:14:07","03:14:08",Delmar,"like,"
5655,"03:14:08","03:14:10",Delmar,"maybe there's like a funny moment or something where it's,"
5656,"03:14:10","03:14:10",Delmar,"you know,"
5657,"03:14:10","03:14:10",Delmar,"Enzo,"
5658,"03:14:10","03:14:10",Delmar,"like,"
5659,"03:14:10","03:14:11",Delmar,"shows up and is like,"
5660,"03:14:12","03:14:12",Speaker 1,"Hey,"
5661,"03:14:12","03:14:13",Crissdalynn,"buddy,"
5662,"03:14:13","03:14:13",Crissdalynn,"it's,"
5663,"03:14:14","03:14:14",Crissdalynn,"uh,"
5664,"03:14:14","03:14:18",DM,"they all got a good pair of it,"
5665,"03:14:18","03:14:18",DM,"see?"
5666,"03:14:18","03:14:19",DM,"Yeah."
5667,"03:14:19","03:14:51",DM,"I am he's like completely out of breath like he's sprinted the whole way here which is like oh I'm sorry he's got bladders of blood he's had to like kill Grung out of his way here to be like he has pants that are like rolled up and he's carrying his his very nice Italian shoes in it or Calveno in the shoes in one it's just kind of like yeah and he just walks away without saying anything oh he's so pissed off that you're okay and he's like it was really big and there was this big explosion."
5668,"03:14:51","03:14:51",DM,"A Dex."
5669,"03:14:53","03:14:53",DM,"Yeah."
5670,"03:14:55","03:14:56",DM,"That's pretty good."
5671,"03:14:56","03:14:57",DM,"16 plus 7."
5672,"03:14:57","03:14:59",DM,"He dodged a chewy droid."
5673,"03:15:01","03:15:03",DM,"He just keeps going."
5674,"03:15:04","03:15:06",Delmar,"The shoes are already right."
5675,"03:15:06","03:15:08",Delmar,"He just finally gave up."
5676,"03:15:10","03:15:10",Delmar,"Alright,"
5677,"03:15:11","03:15:12",Delmar,"just very quickly,"
5678,"03:15:12","03:15:15",Delmar,"while the mayor is there and while everyone is still around or whatever,"
5679,"03:15:16","03:15:21",Delmar,"Delmar's going to point straight to Tabarnack and it's like I want to make something very clear."
5680,"03:15:21","03:15:22",Delmar,"This man right here,"
5681,"03:15:23","03:15:24",Delmar,"remember this mustache."
5682,"03:15:25","03:15:27",Delmar,"Of the many that are probably still in town,"
5683,"03:15:27","03:15:28",Delmar,"this one,"
5684,"03:15:28","03:15:30",Delmar,"this man right here,"
5685,"03:15:30","03:15:31",Delmar,"is among our friends."
5686,"03:15:33","03:15:35",Delmar,"Remember this mustache."
5687,"03:15:35","03:15:36",Delmar,"And I'm like,"
5688,"03:15:36","03:15:37",Delmar,"I'm saying it."
5689,"03:15:37","03:15:38",Delmar,"Don't forget his cigarette."
5690,"03:15:40","03:15:41",Delmar,"You know,"
5691,"03:15:41","03:15:44",Delmar,"and it's like basically the defining thing that makes."
5692,"03:15:44","03:15:45",Delmar,"And the beret."
5693,"03:15:45","03:15:45",Delmar,"Yeah,"
5694,"03:15:45","03:15:45",Delmar,"and the beret."
5695,"03:15:46","03:15:46",Delmar,"Oh,"
5696,"03:15:46","03:15:46",Delmar,"yeah."
5697,"03:15:46","03:15:46",Delmar,"Oh,"
5698,"03:15:47","03:15:47",Delmar,"okay,"
5699,"03:15:47","03:15:47",Delmar,"yeah."
5700,"03:15:47","03:15:48",Delmar,"The red beret."
5701,"03:15:48","03:15:48",Delmar,"Yeah,"
5702,"03:15:48","03:15:50",Delmar,"the Bray and the Mustang,"
5703,"03:15:50","03:15:50",Delmar,"like,"
5704,"03:15:50","03:15:51",Delmar,"remember these."
5705,"03:15:51","03:15:51",Delmar,"Like,"
5706,"03:15:51","03:15:52",Delmar,"he is among the friends."
5707,"03:15:53","03:15:55",Delmar,"Because I don't want us walking around and then all of a sudden someone's like,"
5708,"03:15:56","03:15:56",Delmar,"it's one of them,"
5709,"03:15:56","03:15:57",Delmar,"and then we have to,"
5710,"03:15:57","03:15:58",Delmar,"you know."
5711,"03:15:59","03:15:59",Delmar,"You know,"
5712,"03:15:59","03:16:00",Delmar,"let it be known."
5713,"03:16:00","03:16:00",Delmar,"Yeah."
5714,"03:16:01","03:16:01",Delmar,"Like,"
5715,"03:16:01","03:16:03",Delmar,"spread word that this one,"
5716,"03:16:03","03:16:04",Delmar,"his name is,"
5717,"03:16:04","03:16:04",Delmar,"you know."
5718,"03:16:04","03:16:05",Delmar,"Jean-Claude."
5719,"03:16:05","03:16:06",Delmar,"Jean-Claude Tavernet."
5720,"03:16:08","03:16:10",Delmar,"And he is among friends."
5721,"03:16:10","03:16:11",Delmar,"Something to that effect."
5722,"03:16:12","03:16:12",Catarina,"A quick word."
5723,"03:16:13","03:16:13",Catarina,"You,"
5724,"03:16:13","03:16:15",Catarina,"if I may."
5725,"03:16:16","03:16:16",DM,"Yes,"
5726,"03:16:16","03:16:16",DM,"you're cool,"
5727,"03:16:16","03:16:16",DM,"Paul."
5728,"03:16:17","03:16:17",DM,"Hi."
5729,"03:16:17","03:16:18",DM,"Nice to meet you."
5730,"03:16:19","03:16:20",DM,"Oh,"
5731,"03:16:20","03:16:20",Catarina,"what?"
5732,"03:16:20","03:16:21",Catarina,"You mentioned the Dravosti?"
5733,"03:16:21","03:16:22",DM,"I know of you."
5734,"03:16:22","03:16:23",DM,"You are from here."
5735,"03:16:23","03:16:24",Catarina,"Yes,"
5736,"03:16:24","03:16:25",Catarina,"it troubles me that you've,"
5737,"03:16:25","03:16:27",Catarina,"in an angle,"
5738,"03:16:27","03:16:30",Catarina,"spoken ill towards the Dravosti."
5739,"03:16:30","03:16:30",Catarina,"I mean,"
5740,"03:16:30","03:16:32",Catarina,"did not my..."
5741,"03:16:32","03:16:34",Catarina,"Is it Rook?"
5742,"03:16:34","03:16:35",Catarina,"Rupert."
5743,"03:16:35","03:16:35",Catarina,"Rupert."
5744,"03:16:35","03:16:37",Catarina,"Did not Rupert come to you?"
5745,"03:16:38","03:16:39",Catarina,"I'm troubled by that."
5746,"03:16:39","03:16:43",Catarina,"He gave me strict orders to evacuate."
5747,"03:16:43","03:16:49",Catarina,"and I'm surprised to hear from your remarks that you were not informed."
5748,"03:16:51","03:16:52",Speaker 1,"You were left here."
5749,"03:16:52","03:16:56",DM,"It is not unusual for the Drosci not to inform us of their decisions."
5750,"03:16:56","03:17:01",DM,"It is unusual for them to not leave a single ship here."
5751,"03:17:02","03:17:08",DM,"We are going to look into our trade agreements going forward because..."
5752,"03:17:09","03:17:09",DM,"Perrinversin."
5753,"03:17:11","03:17:13",Crissdalynn,"I'll make fun of the Dravoshi all day long,"
5754,"03:17:13","03:17:13",Crissdalynn,"sister."
5755,"03:17:15","03:17:16",Crissdalynn,"They can suck my toes."
5756,"03:17:17","03:17:21",Catarina,"I can't make exactly the same accusations or statements."
5757,"03:17:21","03:17:23",Catarina,"They do not work for them."
5758,"03:17:23","03:17:26",Catarina,"But this is something that is troubling to know."
5759,"03:17:27","03:17:29",Catarina,"Where might have they gone to?"
5760,"03:17:30","03:17:31",Speaker 7,"I assume..."
5761,"03:17:31","03:17:32",Speaker 7,"When you say they left."
5762,"03:17:33","03:17:34",Speaker 1,"They..."
5763,"03:17:36","03:17:39",DM,"Your guess is good of mine."
5764,"03:17:39","03:18:04",DM,"I assume poor Tidefall they're uh they do what the crown commands them to do and we are just simple merchants who have to pay for their services unfortunately though it does appear that we do have some new mercenaries who I think could be a bit more reliable for Calveno's protection and we would love to put you on retainer who's that?"
5765,"03:18:08","03:18:09",DM,"Very funny."
5766,"03:18:10","03:18:11",DM,"Who's he talking about?"
5767,"03:18:12","03:18:12",DM,"Oh,"
5768,"03:18:12","03:18:12",DM,"us?"
5769,"03:18:13","03:18:13",DM,"Oh."
5770,"03:18:13","03:18:16",DM,"We must be rather large to fit all of that into our body."
5771,"03:18:16","03:18:17",DM,"And he's,"
5772,"03:18:17","03:18:18",DM,"you know,"
5773,"03:18:18","03:18:20",DM,"he's got several very shiny brains."
5774,"03:18:20","03:18:20",DM,"Yeah."
5775,"03:18:21","03:18:21",DM,"Oh,"
5776,"03:18:21","03:18:21",DM,"gosh."
5777,"03:18:23","03:18:25",DM,"That's like a lot."
5778,"03:18:26","03:18:27",DM,"He's just going to start,"
5779,"03:18:27","03:18:28",DM,"you know,"
5780,"03:18:28","03:18:31",DM,"going back towards,"
5781,"03:18:32","03:18:32",DM,"like,"
5782,"03:18:32","03:18:33",DM,"yeah."
5783,"03:18:37","03:18:38",DM,"Oh,"
5784,"03:18:38","03:18:38",DM,"don't."
5785,"03:18:39","03:18:41",DM,"It's like not listening anymore."
5786,"03:18:43","03:18:44",Crissdalynn,"And so I was like,"
5787,"03:18:44","03:18:44",Crissdalynn,"well,"
5788,"03:18:44","03:18:45",Crissdalynn,"who's that?"
5789,"03:18:46","03:18:47",DM,"What do y'all want to do?"
5790,"03:18:49","03:18:50",DM,"Work the crowd here,"
5791,"03:18:50","03:18:51",DM,"hang out with them,"
5792,"03:18:51","03:18:53",DM,"or go back to his office?"
5793,"03:18:53","03:18:55",DM,"I want to go back to his office,"
5794,"03:18:55","03:18:56",DM,"and I'm not going to say much,"
5795,"03:18:57","03:19:00",DM,"but I'm still suspicious of this guy."
5796,"03:19:01","03:19:02",DM,"If not for conspiracy,"
5797,"03:19:03","03:19:05",DM,"then just gross incompetence."
5798,"03:19:05","03:19:07",DM,"Because this shit happened right under his fucking nose."
5799,"03:19:08","03:19:13",DM,"Perrin sees this as an opportunity to rub shoulders more and make more connections and be like,"
5800,"03:19:13","03:19:13",DM,"hey,"
5801,"03:19:13","03:19:15",DM,"you totally owe us for this,"
5802,"03:19:15","03:19:15",DM,"right?"
5803,"03:19:15","03:19:15",DM,"Right."
5804,"03:19:15","03:19:18",DM,"It's a solid opportunity for Perrin."
5805,"03:19:19","03:19:20",DM,"He's all about pulling the string."
5806,"03:19:21","03:19:21",DM,"And he's not."
5807,"03:19:23","03:19:25",DM,"And he leans into you guys real quick."
5808,"03:19:26","03:19:26",Speaker 1,"It is..."
5809,"03:19:27","03:19:29",DM,"I do not want to say in public,"
5810,"03:19:29","03:19:34",DM,"but this is A rare time in which the Tessarine,"
5811,"03:19:35","03:19:36",DM,"the creditors,"
5812,"03:19:36","03:19:37",DM,"are in debt."
5813,"03:19:38","03:19:40",DM,"And in your debt."
5814,"03:19:40","03:19:42",DM,"We want to pay our debts."
5815,"03:19:43","03:19:44",DM,"I'll say that for Turner."
5816,"03:19:44","03:19:46",DM,"So you can lead it back to his office."
5817,"03:19:46","03:19:47",DM,"Anyone who does want to come."
5818,"03:19:48","03:19:48",Speaker 1,"Yeah."
5819,"03:19:50","03:19:51",DM,"Very nice."
5820,"03:19:52","03:19:52",DM,"Fleshy,"
5821,"03:19:52","03:19:57",DM,"we receive you in a room with more letters in it than furniture,"
5822,"03:19:58","03:20:00",DM,"and get to the point before the door finishes closing."
5823,"03:20:02","03:20:05",DM,"He's got two clerks behind his desk,"
5824,"03:20:05","03:20:06",DM,"tapping away at writing."
5825,"03:20:10","03:20:15",DM,"And behind the open window you can see the still smoking crater of Mercatura."
5826,"03:20:17","03:20:17",DM,"Mercatura!"
5827,"03:20:20","03:20:21",DM,"Sits down behind his desk."
5828,"03:20:23","03:20:27",DM,"The Tessarine Concordat would like to offer you 300 gold each."
5829,"03:20:28","03:20:30",DM,"He has thanks for your service."
5830,"03:20:32","03:20:39",DM,"And we would like to say that we have you on retainer and that we have you as defenders of Calveno."
5831,"03:20:40","03:20:42",DM,"Because clearly the Dravosi are not."
5832,"03:20:44","03:20:45",DM,"What is that?"
5833,"03:20:45","03:20:46",DM,"Should we ask for more?"
5834,"03:20:49","03:20:49",DM,"Legit,"
5835,"03:20:50","03:20:53",DM,"I ask you that because I don't really have a good idea."
5836,"03:20:53","03:20:54",DM,"Grandparent is like,"
5837,"03:20:54","03:20:55",DM,"let's go."
5838,"03:20:57","03:20:57",DM,"Shalannach,"
5839,"03:20:57","03:20:58",DM,"Shalannach."
5840,"03:21:00","03:21:00",DM,"Although,"
5841,"03:21:00","03:21:02",DM,"if there's something else,"
5842,"03:21:02","03:21:02",DM,"I am..."
5843,"03:21:04","03:21:06",DM,"Gold is one thing that has been having an abundance,"
5844,"03:21:07","03:21:08",DM,"but I do have other..."
5845,"03:21:09","03:21:11",Catarina,"I do think you can take my portion."
5846,"03:21:11","03:21:16",Catarina,"I think the 300 gold would be more at use in the repairments of the city."
5847,"03:21:17","03:21:22",Catarina,"I would care more about the children that live on the streets."
5848,"03:21:23","03:21:29",Catarina,"What is your current stockpile of flies and crickets?"
5849,"03:21:30","03:21:31",Speaker 7,"And cigarettes,"
5850,"03:21:32","03:21:32",Speaker 7,"of course,"
5851,"03:21:32","03:21:33",Speaker 7,"cigarettes."
5852,"03:21:37","03:21:37",Speaker 7,"I'm kidding."
5853,"03:21:38","03:21:39",Speaker 7,"A lifetime supply?"
5854,"03:21:40","03:21:41",Speaker 1,"I will take the vote."
5855,"03:21:43","03:21:44",DM,"Okay."
5856,"03:21:44","03:21:46",DM,"So if you do not want to be paid..."
5857,"03:21:47","03:21:47",Catarina,"No,"
5858,"03:21:47","03:21:48",Catarina,"I simply do."
5859,"03:21:48","03:21:51",Catarina,"I am more than capable in a fair..."
5860,"03:21:52","03:21:56",Catarina,"I have my means of finances."
5861,"03:21:56","03:21:58",Crissdalynn,"But she won't take her money."
5862,"03:21:58","03:21:58",Crissdalynn,"We can."
5863,"03:22:00","03:22:02",DM,"A pet parent would like to walk up to him and say,"
5864,"03:22:03","03:22:04",DM,"you can keep your money,"
5865,"03:22:04","03:22:04",DM,"see?"
5866,"03:22:05","03:22:06",DM,"And I won't ask for it now,"
5867,"03:22:06","03:22:10",DM,"but one day I may come to you and need a favor,"
5868,"03:22:10","03:22:10",DM,"see?"
5869,"03:22:11","03:22:12",DM,"I am sorry."
5870,"03:22:13","03:22:14",DM,"Hi."
5871,"03:22:14","03:22:15",DM,"He's picking up,"
5872,"03:22:15","03:22:16",DM,"Godfather style."
5873,"03:22:17","03:22:17",DM,"Look at that politician."
5874,"03:22:17","03:22:18",DM,"That's a point he wanted."
5875,"03:22:19","03:22:19",DM,"What?"
5876,"03:22:19","03:22:20",DM,"What?"
5877,"03:22:20","03:22:20",DM,"What?"
5878,"03:22:20","03:22:20",DM,"What?"
5879,"03:22:21","03:22:22",DM,"Another 21,"
5880,"03:22:22","03:22:22",DM,"yeah."
5881,"03:22:25","03:22:28",DM,"I understand that Blackfields are in no need of money."
5882,"03:22:29","03:22:29",DM,"Basically,"
5883,"03:22:29","03:22:30",DM,"just be like,"
5884,"03:22:30","03:22:31",DM,"owe us a favor at some point."
5885,"03:22:32","03:22:33",DM,"It's fucking ambiguous as to whenever,"
5886,"03:22:33","03:22:33",DM,"when."
5887,"03:22:34","03:22:34",DM,"Just,"
5888,"03:22:34","03:22:35",DM,"you're in our pocket now,"
5889,"03:22:35","03:22:36",DM,"kind of."
5890,"03:22:36","03:22:37",Speaker 1,"Kind of."
5891,"03:22:38","03:22:40",DM,"That's not what he says to that."
5892,"03:22:40","03:22:40",DM,"I know,"
5893,"03:22:40","03:22:40",DM,"I know,"
5894,"03:22:40","03:22:40",DM,"I know."
5895,"03:22:42","03:22:43",DM,"He says,"
5896,"03:22:43","03:22:45",DM,"I may call on you for a favor at some point."
5897,"03:22:46","03:22:47",DM,"So,"
5898,"03:22:47","03:22:49",DM,"I may call on you for a favor at some point,"
5899,"03:22:49","03:22:49",DM,"Meaning,"
5900,"03:22:49","03:22:50",DM,"like,"
5901,"03:22:50","03:22:52",DM,"you kind of owe us a favor,"
5902,"03:22:52","03:22:53",DM,"but I'm not going to call it now."
5903,"03:22:53","03:22:54",DM,"I'm not going to say what it is."
5904,"03:22:54","03:22:55",DM,"Yeah,"
5905,"03:22:55","03:22:55",DM,"with 21s,"
5906,"03:22:55","03:22:57",DM,"you are able to get that."
5907,"03:22:58","03:23:01",DM,"You have a standing favor with the Tessarine Concord,"
5908,"03:23:01","03:23:04",DM,"the leader of Calveno."
5909,"03:23:05","03:23:07",DM,"You ain't going to regret giving this to you later."
5910,"03:23:07","03:23:08",DM,"I understand."
5911,"03:23:08","03:23:09",DM,"I'm going to do some sunup."
5912,"03:23:10","03:23:10",DM,"So,"
5913,"03:23:11","03:23:13",DM,"in case anyone else hasn't figured it out,"
5914,"03:23:13","03:23:14",DM,"300's the floor."
5915,"03:23:17","03:23:19",DM,"So if you guys want to negotiate..."
5916,"03:23:20","03:23:21",DM,"We have the floor."
5917,"03:23:22","03:23:22",DM,"We have the floor!"
5918,"03:23:23","03:23:26",Catarina,"I'm just happy to have my shop in one piece."
5919,"03:23:26","03:23:35",Catarina,"I was informed I have great urgency to evacuate and because of this and you all,"
5920,"03:23:35","03:23:39",Catarina,"I'm able to keep my shops running as quick and as fast."
5921,"03:23:40","03:23:40",DM,"Well,"
5922,"03:23:40","03:23:48",DM,"how about as long as I can call on you in times of Calveno's need And the Black-Jaw family too,"
5923,"03:23:48","03:23:48",DM,"of course."
5924,"03:23:48","03:23:49",DM,"Of course."
5925,"03:23:50","03:23:52",DM,"In the honor of another paper."
5926,"03:23:53","03:23:54",DM,"For you,"
5927,"03:23:55","03:23:55",DM,"Mr."
5928,"03:23:57","03:23:57",DM,"Verily,"
5929,"03:23:59","03:24:03",DM,"we can ensure that the test screen keeps you employed,"
5930,"03:24:03","03:24:03",DM,"keeps you working."
5931,"03:24:04","03:24:08",DM,"We have several jobs that need to be done."
5932,"03:24:09","03:24:12",DM,"One very exciting that we're calling the tax man."
5933,"03:24:13","03:24:16",Catarina,"I'm never not without any work."
5934,"03:24:17","03:24:17",Speaker 1,"consider yourself hired."
5935,"03:24:20","03:24:22",Speaker 1,"I'm kind of confused."
5936,"03:24:24","03:24:26",Delmar,"She's never without."
5937,"03:24:26","03:24:26",Delmar,"Oh,"
5938,"03:24:26","03:24:27",DM,"I'm sorry."
5939,"03:24:27","03:24:28",DM,"I misheard you."
5940,"03:24:28","03:24:29",DM,"You had too much work."
5941,"03:24:29","03:24:30",DM,"I misheard you."
5942,"03:24:31","03:24:32",Catarina,"It's all fired."
5943,"03:24:33","03:24:35",Catarina,"Like that."
5944,"03:24:35","03:24:45",Catarina,"I do admire and appreciate the compliment in the author and I am still simply under the contract of my experience."
5945,"03:24:46","03:24:50",Catarina,"They do feed me and provide me with very much of everything I need."
5946,"03:24:51","03:24:52",Speaker 1,"Except for safety."
5947,"03:24:54","03:24:54",Catarina,"I mean,"
5948,"03:24:54","03:24:59",Catarina,"they did try in their way by evacuating and promising me of a better new location set up."
5949,"03:24:59","03:25:00",Catarina,"But I am very..."
5950,"03:25:00","03:25:01",Catarina,"This is my home."
5951,"03:25:01","03:25:03",DM,"That is very interesting."
5952,"03:25:03","03:25:05",DM,"Do you mind telling me that..."
5953,"03:25:06","03:25:08",DM,"How did they know that this was about to occur?"
5954,"03:25:09","03:25:12",Catarina,"That is what's troubling me as well."
5955,"03:25:12","03:25:19",Catarina,"They did not specify just that I need to gather whatever materials I could and leave with them in a matter of,"
5956,"03:25:19","03:25:20",Catarina,"well,"
5957,"03:25:20","03:25:23",Catarina,"I'm sure it's any day now that they will be,"
5958,"03:25:23","03:25:24",Catarina,"if they do come back,"
5959,"03:25:24","03:25:25",Catarina,"but..."
5960,"03:25:26","03:25:28",DM,"It seems they left you here to die and they knew it would happen,"
5961,"03:25:28","03:25:31",DM,"and that they cared nothing for the people of this city."
5962,"03:25:32","03:25:33",Catarina,"They didn't leave me,"
5963,"03:25:33","03:25:34",Catarina,"they simply wanted to come with me."
5964,"03:25:35","03:25:36",Catarina,"I made the decision myself,"
5965,"03:25:37","03:25:38",Catarina,"too."
5966,"03:25:40","03:25:40",Speaker 1,"Today,"
5967,"03:25:40","03:25:42",Speaker 1,"my travels."
5968,"03:25:43","03:25:45",DM,"Perrin leans in."
5969,"03:25:46","03:25:47",DM,"Man,"
5970,"03:25:47","03:25:50",DM,"the Black-Jaws can not only provide support,"
5971,"03:25:50","03:25:50",DM,"see,"
5972,"03:25:50","03:25:51",DM,"sister,"
5973,"03:25:51","03:25:51",DM,"but protection,"
5974,"03:25:52","03:25:52",DM,"too."
5975,"03:25:53","03:25:54",DM,"We'll have your back."
5976,"03:25:55","03:25:57",DM,"You just gotta kick the grossy scum out,"
5977,"03:25:57","03:25:57",DM,"see?"
5978,"03:25:58","03:26:00",DM,"They're not welcome around here."
5979,"03:26:00","03:26:04",Crissdalynn,"I picture the entire time Chrysalyn's kind of offscreen and pan over."
5980,"03:26:04","03:26:05",Crissdalynn,"She's just like,"
5981,"03:26:05","03:26:06",Crissdalynn,"not even panning."
5982,"03:26:08","03:26:09",Speaker 1,"He can picture."
5983,"03:26:10","03:26:40",DM,"several very very very big gems gaudy huge which one is the shiniest um let's see here they're all diamonds and gems they're all gold are you a white gold are you a rose gold are you a silver are you a ruby sapphire diamond diamonds are going to shine the most in the sunlight talking about lumens here that is Crissdalynn's concern It could be fucking tinfoil."
5984,"03:26:40","03:26:40",DM,"Absolutely."
5985,"03:26:42","03:26:43",DM,"As long as it's shiny."
5986,"03:26:43","03:26:44",DM,"Just like really nice tinfoil."
5987,"03:26:44","03:26:45",DM,"There's a,"
5988,"03:26:45","03:26:45",DM,"yeah,"
5989,"03:26:45","03:26:46",DM,"one ring on his finger."
5990,"03:26:46","03:26:48",DM,"It looks about the size of a walnut."
5991,"03:26:49","03:26:51",DM,"And when it hits the light,"
5992,"03:26:51","03:26:52",DM,"it just almost,"
5993,"03:26:52","03:26:54",DM,"it looks a bit like your dreidel."
5994,"03:26:54","03:26:55",DM,"Oh."
5995,"03:26:55","03:26:55",DM,"Yeah."
5996,"03:26:56","03:26:57",DM,"Or eyes."
5997,"03:26:57","03:26:58",DM,"It goes all over the ring."
5998,"03:27:00","03:27:00",Speaker 1,"If,"
5999,"03:27:00","03:27:01",DM,"you know,"
6000,"03:27:01","03:27:05",DM,"to know that my city and my people are safe and to put their minds at ease,"
6001,"03:27:05","03:27:06",DM,"this is a small place,"
6002,"03:27:06","03:27:07",DM,"but of course."
6003,"03:27:08","03:27:11",DM,"You have a diamond ring worth 500 gold."
6004,"03:27:15","03:27:15",Delmar,"Delmar."
6005,"03:27:15","03:27:16",Delmar,"Sorry,"
6006,"03:27:16","03:27:17",Delmar,"can I finish the thread?"
6007,"03:27:17","03:27:18",DM,"300 the floor."
6008,"03:27:19","03:27:27",DM,"Perrin does legitimately offer the Black-Jaw's connection of protection and support and basically whatever the Dravosi is already giving you,"
6009,"03:27:27","03:27:28",DM,"plus actual protection."
6010,"03:27:29","03:27:30",DM,"Perrin is like,"
6011,"03:27:30","03:27:32",DM,"as the Black-Jaw diplomat,"
6012,"03:27:32","03:27:32",DM,"representative,"
6013,"03:27:33","03:27:33",DM,"whatever,"
6014,"03:27:33","03:27:35",DM,"he is offering that to you,"
6015,"03:27:35","03:27:35",DM,"to your shop,"
6016,"03:27:35","03:27:36",DM,"to whatever."
6017,"03:27:36","03:27:37",DM,"for Laura Billings."
6018,"03:27:37","03:27:38",DM,"As much as I would."
6019,"03:27:38","03:27:38",DM,"It is a legit,"
6020,"03:27:39","03:27:40",DM,"legit thing that he's like,"
6021,"03:27:40","03:27:40",DM,"hey,"
6022,"03:27:41","03:27:41",DM,"we can,"
6023,"03:27:41","03:27:44",DM,"we can give you a better deal if you want to work with us."
6024,"03:27:44","03:27:48",Catarina,"I personally think we should have this conversation while I'm not feeling,"
6025,"03:27:49","03:27:49",Catarina,"uh,"
6026,"03:27:49","03:27:50",Catarina,"she's kind of looking around."
6027,"03:27:51","03:27:52",DM,"I am in the room."
6028,"03:27:54","03:27:54",Catarina,"No,"
6029,"03:27:54","03:27:54",Catarina,"I,"
6030,"03:27:55","03:27:55",Catarina,"I see,"
6031,"03:27:55","03:27:55",Catarina,"I see."
6032,"03:27:56","03:27:59",Catarina,"They also provide me protection in ways that,"
6033,"03:27:59","03:27:59",Catarina,"uh,"
6034,"03:27:59","03:28:01",Catarina,"they always seem to have eyes on me."
6035,"03:28:02","03:28:03",Catarina,"I just think this is,"
6036,"03:28:03","03:28:04",DM,"Didn't do much this time,"
6037,"03:28:04","03:28:04",DM,"did they?"
6038,"03:28:05","03:28:05",DM,"No."
6039,"03:28:05","03:28:06",DM,"Did they both see,"
6040,"03:28:06","03:28:09",DM,"or did they like trade into slaves?"
6041,"03:28:11","03:28:13",Speaker 1,"Are you asking this out of character or directly to them?"
6042,"03:28:15","03:28:15",Speaker 1,"Act them,"
6043,"03:28:15","03:28:15",Speaker 1,"yeah."
6044,"03:28:16","03:28:16",DM,"In character."
6045,"03:28:17","03:28:18",DM,"No,"
6046,"03:28:18","03:28:18",DM,"no,"
6047,"03:28:18","03:28:18",DM,"no."
6048,"03:28:19","03:28:20",DM,"I don't know enough yet."
6049,"03:28:21","03:28:27",DM,"I seem to have it in my mind like the DeRossi are kind of like the bad guys but they're inferior."
6050,"03:28:28","03:28:28",DM,"They're inferior."
6051,"03:28:30","03:28:35",DM,"They're not necessarily horrible but they're participle."
6052,"03:28:36","03:28:38",DM,"I think like the Navy Some are good,"
6053,"03:28:38","03:28:54",DM,"some are really not They don't have an official policy of allowing slavery but you know That was on board the ship as an example of willing to capture and hold something as a specimen They didn't really consider that slavery that was getting a pet Yeah,"
6054,"03:28:54","03:29:06",Catarina,"yeah Keeping a personal It's just that they think that Rupert wouldn't take too kindly to that Well I wouldn't take too kindly Rupert,"
6055,"03:29:06","03:29:06",Catarina,"shouldn't he?"
6056,"03:29:08","03:29:10",DM,"He's not the one you want to piss off."
6057,"03:29:10","03:29:11",DM,"He is..."
6058,"03:29:11","03:29:15",Catarina,"I very much give him all the respect."
6059,"03:29:17","03:29:22",Catarina,"There's not knowing what he could do with that information if I were to betray him."
6060,"03:29:24","03:29:25",Catarina,"How about pushing his boots?"
6061,"03:29:25","03:29:31",DM,"If Rupert Knight in Wanderlust might probably take the entire city on his own with just his fleet."
6062,"03:29:32","03:29:32",Catarina,"Yes,"
6063,"03:29:32","03:29:34",DM,"I would worry about that."
6064,"03:29:35","03:29:36",DM,"primary general."
6065,"03:29:37","03:29:43",DM,"And he just lost a nephew and has been very angry about it."
6066,"03:29:44","03:29:45",DM,"I think we know who this is."
6067,"03:29:48","03:29:49",DM,"Perrin confidently laughs at it anyway."
6068,"03:29:51","03:29:52",DM,"I'd like to see him cry."
6069,"03:29:52","03:29:52",DM,"Is that something gorgeous?"
6070,"03:29:53","03:29:53",Speaker 1,"No."
6071,"03:29:55","03:29:55",Speaker 1,"Don't worry."
6072,"03:29:56","03:29:57",Delmar,"You've been very quiet during this interview."
6073,"03:29:58","03:30:00",Delmar,"So I'm trying to remember something I needed to ask."
6074,"03:30:00","03:30:01",Delmar,"Yeah,"
6075,"03:30:01","03:30:01",Delmar,"yeah."
6076,"03:30:01","03:30:01",Delmar,"Oh,"
6077,"03:30:01","03:30:01",Delmar,"no,"
6078,"03:30:02","03:30:02",Delmar,"no."
6079,"03:30:02","03:30:05",Delmar,"I need to double check one thing before I do the thing that I'm thinking about doing."
6080,"03:30:08","03:30:08",Speaker 1,"The indecision."
6081,"03:30:10","03:30:10",Speaker 1,"Our ship."
6082,"03:30:10","03:30:11",DM,"The Uncertainty."
6083,"03:30:11","03:30:12",Delmar,"The Uncertainty,"
6084,"03:30:12","03:30:12",Delmar,"thank you."
6085,"03:30:13","03:30:13",Delmar,"The indecision."
6086,"03:30:15","03:30:16",DM,"The Uncertainty."
6087,"03:30:16","03:30:20",DM,"You call us something different every time."
6088,"03:30:20","03:30:20",DM,"Actually,"
6089,"03:30:20","03:30:21",DM,"no."
6090,"03:30:21","03:30:21",DM,"Yeah."
6091,"03:30:22","03:30:23",DM,"It's like your last name."
6092,"03:30:24","03:30:25",DM,"The indecision."
6093,"03:30:26","03:30:26",DM,"The unknown."
6094,"03:30:27","03:30:27",DM,"The impossibility."
6095,"03:30:28","03:30:29",Delmar,"Something like that."
6096,"03:30:30","03:30:30",Delmar,"It's painful."
6097,"03:30:32","03:30:32",Delmar,"It's painful."
6098,"03:30:33","03:30:34",Delmar,"It's painful."
6099,"03:30:34","03:30:35",DM,"inconceivable."
6100,"03:30:35","03:30:36",Speaker 1,"Inconceivable."
6101,"03:30:37","03:30:37",Delmar,"So,"
6102,"03:30:37","03:30:44",Delmar,"it was basically we were having the Black Drop family strip it,"
6103,"03:30:45","03:30:46",DM,"repaint it."
6104,"03:30:46","03:30:48",DM,"It's one of the prime families,"
6105,"03:30:48","03:30:49",DM,"like,"
6106,"03:30:49","03:30:49",DM,"friendly shops,"
6107,"03:30:50","03:30:50",DM,"or shipyards."
6108,"03:30:52","03:30:52",DM,"Yeah,"
6109,"03:30:53","03:30:53",DM,"they're friendly,"
6110,"03:30:53","03:30:54",DM,"alright."
6111,"03:30:54","03:30:55",DM,"It's like,"
6112,"03:30:55","03:30:55",DM,"yeah,"
6113,"03:30:55","03:30:56",DM,"it's,"
6114,"03:30:56","03:30:57",Delmar,"you know."
6115,"03:30:58","03:30:59",Delmar,"My thought was like,"
6116,"03:31:00","03:31:00",Delmar,"okay,"
6117,"03:31:00","03:31:02",Delmar,"if he's offering to..."
6118,"03:31:02","03:31:10",Delmar,"I couldn't remember if they were covering everything for us or if it's just like That was the initial idea It was kind of like,"
6119,"03:31:10","03:31:10",Speaker 1,"oh,"
6120,"03:31:10","03:31:30",DM,"it's all going to be covered and then Spunk spent $1,000 I wasn't That didn't happen He did earn back $350 of that I don't know what's up with Spunk's thing So it's only $650 now A lot of our money that we're earning right now is going away You don't know about that expense yet So,"
6121,"03:31:30","03:31:32",Delmar,"like,"
6122,"03:31:32","03:31:33",Delmar,"that was my thought,"
6123,"03:31:33","03:31:33",Delmar,"was,"
6124,"03:31:33","03:31:34",Delmar,"like,"
6125,"03:31:34","03:31:34",Delmar,"I mean,"
6126,"03:31:35","03:31:35",Delmar,"this is going to be,"
6127,"03:31:35","03:31:35",Delmar,"like,"
6128,"03:31:37","03:31:37",Delmar,"you know,"
6129,"03:31:37","03:31:38",Delmar,"screw it."
6130,"03:31:38","03:31:41",Delmar,"Because this might bite us in the ass a little bit later,"
6131,"03:31:41","03:31:42",Delmar,"but right now,"
6132,"03:31:42","03:31:42",Delmar,"fuck it,"
6133,"03:31:42","03:31:43",Delmar,"I think it's a fun idea,"
6134,"03:31:44","03:31:45",Delmar,"and we'll see how it plays."
6135,"03:31:46","03:31:46",Delmar,"You know,"
6136,"03:31:46","03:31:46",Delmar,"it's,"
6137,"03:31:47","03:31:50",Delmar,"if you're talking about having a Sommelier Tanda,"
6138,"03:31:50","03:31:55",Delmar,"there is something I do have a bit of a wonder about,"
6139,"03:31:55","03:31:55",Delmar,"and,"
6140,"03:31:55","03:31:56",Delmar,"you know,"
6141,"03:31:56","03:31:57",Delmar,"I kind of,"
6142,"03:31:57","03:31:57",Delmar,"like,"
6143,"03:31:57","03:31:58",Delmar,"does one of these really quick,"
6144,"03:31:58","03:32:04",Delmar,"and just takes a long swag off of his flask of endless realm,"
6145,"03:32:05","03:32:06",Delmar,"and then he tucks it back in,"
6146,"03:32:06","03:32:09",Delmar,"and we have a ship,"
6147,"03:32:09","03:32:11",Delmar,"the Inquisition."
6148,"03:32:14","03:32:14",Delmar,"Uncertainty."
6149,"03:32:15","03:32:15",Speaker 1,"See?"
6150,"03:32:17","03:32:18",DM,"No,"
6151,"03:32:18","03:32:18",DM,"I'm quite certain."
6152,"03:32:20","03:32:22",Crissdalynn,"I'm quite certain we have a ship."
6153,"03:32:22","03:32:23",Crissdalynn,"Catarina's just like,"
6154,"03:32:23","03:32:24",Crissdalynn,"you have a ship."
6155,"03:32:26","03:32:32",Delmar,"And whereas the Black Draw family has been quite kind as to fix it up for,"
6156,"03:32:32","03:32:36",Delmar,"she was in a bit of a scaffold before we arrived to the island."
6157,"03:32:38","03:32:39",Delmar,"If you're going to have us on retainer,"
6158,"03:32:39","03:32:47",Delmar,"we need to be able to provide subservices both on land but also potentially on sea."
6159,"03:32:47","03:32:48",Delmar,"Would there be anything,"
6160,"03:32:48","03:32:53",Delmar,"would you be willing to send that coin towards stalking my ship,"
6161,"03:32:53","03:32:55",Delmar,"arming our crew,"
6162,"03:32:55","03:32:57",Delmar,"and maybe,"
6163,"03:32:57","03:32:59",Delmar,"dare I say something to the effect of,"
6164,"03:32:59","03:32:59",Delmar,"you know,"
6165,"03:33:00","03:33:02",Delmar,"how good are your blacksmiths at armoring a ship?"
6166,"03:33:02","03:33:06",Delmar,"Or maybe if you have a couple extra guns sitting around."
6167,"03:33:07","03:33:08",Delmar,"You understand what I'm saying?"
6168,"03:33:08","03:33:09",DM,"I do."
6169,"03:33:10","03:33:12",DM,"I just realized Delmar's accent,"
6170,"03:33:12","03:33:13",DM,"you're like a drunk Matt Berry."
6171,"03:33:13","03:33:14",DM,"Yeah."
6172,"03:33:15","03:33:18",Delmar,"It kind of blends in."
6173,"03:33:18","03:33:19",Delmar,"It just,"
6174,"03:33:19","03:33:21",Delmar,"and they kind of ships around,"
6175,"03:33:21","03:33:26",Delmar,"but it's just me not being able to hold an accent for a super long kind of thing."
6176,"03:33:26","03:33:29",Delmar,"So it's kind of like all the voices in my head kind of."
6177,"03:33:29","03:33:30",Delmar,"I don't understand."
6178,"03:33:31","03:33:32",Delmar,"We're getting rid of this."
6179,"03:33:34","03:33:34",Speaker 1,"I did."
6180,"03:33:35","03:33:35",DM,"Yeah,"
6181,"03:33:35","03:33:41",DM,"you actually touched on one of the things in my list of explicitly good things."
6182,"03:33:42","03:33:42",DM,"Oh,"
6183,"03:33:42","03:33:42",DM,"shit."
6184,"03:33:43","03:33:43",DM,"Okay."
6185,"03:33:45","03:34:06",DM,"You guys haven't even gone for the big one yet I don't even know what the big one is I'm trying to think I'm trying to go for the Godfather reference Actually I think that one probably Is the big one Because I think that one is going to cause me the most trouble When I forget about it And it comes up in six months I didn't even care what it was I just wanted to make the reference Persuasion?"
6186,"03:34:08","03:34:15",DM,"26 18 plus 8 Oh okay is high enough."
6187,"03:34:17","03:34:20",DM,"So 26 you can get..."
6188,"03:34:20","03:34:26",DM,"of course we would be able to outfit you and recruit you."
6189,"03:34:27","03:34:29",DM,"We need you in top fighting composition."
6190,"03:34:30","03:34:32",DM,"I'd be happy to offer you..."
6191,"03:34:32","03:34:39",DM,"I believe I could do a thousand gold at any Tessarine trade house for outfitting of your ship."
6192,"03:34:40","03:34:41",DM,"For supplies,"
6193,"03:34:41","03:34:41",DM,"rations,"
6194,"03:34:42","03:34:44",DM,"and only for the essential stuff like that."
6195,"03:34:45","03:34:46",DM,"An even thousand."
6196,"03:34:47","03:34:47",DM,"Hmm,"
6197,"03:34:47","03:34:49",DM,"but that's kind of that whole insight."
6198,"03:34:50","03:34:51",DM,"Or persuasion again,"
6199,"03:34:51","03:34:53",DM,"because with how high that is,"
6200,"03:34:55","03:34:58",DM,"you have not hit the bottom of his pockets yet."
6201,"03:34:58","03:34:59",Delmar,"Well,"
6202,"03:34:59","03:35:00",Delmar,"if we're going persuasion,"
6203,"03:35:00","03:35:02",Delmar,"then I just got a 16 plus 8,"
6204,"03:35:02","03:35:03",Delmar,"so that's a 24."
6205,"03:35:12","03:35:12",Speaker 1,"24."
6206,"03:35:14","03:35:15",DM,"Let's just say that Insight,"
6207,"03:35:15","03:35:16",DM,"sorry not Persuasion."
6208,"03:35:17","03:35:17",DM,"Oh,"
6209,"03:35:17","03:35:17",DM,"alright,"
6210,"03:35:17","03:35:18",Speaker 1,"then Insight,"
6211,"03:35:18","03:35:19",Speaker 1,"so that would be,"
6212,"03:35:20","03:35:21",Speaker 1,"that's a dirty 20."
6213,"03:35:21","03:35:21",Speaker 1,"Dirty 20?"
6214,"03:35:21","03:35:22",Speaker 1,"Yeah,"
6215,"03:35:22","03:35:23",Speaker 1,"so it's high enough for that."
6216,"03:35:26","03:35:26",Speaker 1,"He's,"
6217,"03:35:26","03:35:29",DM,"you can see on his desk,"
6218,"03:35:29","03:35:37",DM,"there is a letter of recommendation to the royal houses of Calveno."
6219,"03:35:38","03:35:38",DM,"Ooh."
6220,"03:35:39","03:35:40",DM,"As well,"
6221,"03:35:40","03:35:41",DM,"as you can see on his desk,"
6222,"03:35:41","03:35:45",DM,"there is a deed to a canal front house."
6223,"03:35:48","03:35:49",DM,"Oh,"
6224,"03:35:49","03:35:49",DM,"shit."
6225,"03:35:49","03:35:49",DM,"Oh,"
6226,"03:35:49","03:35:53",DM,"I think I know what the big one is."
6227,"03:35:53","03:35:54",DM,"It's a plus situation,"
6228,"03:35:54","03:35:55",DM,"but you can count it."
6229,"03:35:59","03:36:00",Delmar,"I mean,"
6230,"03:36:00","03:36:01",Delmar,"a thousand,"
6231,"03:36:01","03:36:02",Delmar,"it's..."
6232,"03:36:03","03:36:04",DM,"Supplies for the ship."
6233,"03:36:05","03:36:06",DM,"So that could be basically,"
6234,"03:36:06","03:36:08",DM,"it can't be supplies for you guys,"
6235,"03:36:08","03:36:10",DM,"the potions or items or stuff like that,"
6236,"03:36:10","03:36:10",DM,"but,"
6237,"03:36:10","03:36:10",DM,"you know,"
6238,"03:36:10","03:36:11",DM,"any expense."
6239,"03:36:11","03:36:13",Crissdalynn,"But we could have a place to stay permanently."
6240,"03:36:14","03:36:14",DM,"So,"
6241,"03:36:14","03:36:15",DM,"yeah."
6242,"03:36:16","03:36:16",DM,"So,"
6243,"03:36:16","03:36:16",DM,"no."
6244,"03:36:17","03:36:20",DM,"Four story Mercatura Canal front house."
6245,"03:36:20","03:36:21",Speaker 1,"Open concept."
6246,"03:36:22","03:36:22",Delmar,"All right."
6247,"03:36:23","03:36:24",Delmar,"So this is how Delmar handles it."
6248,"03:36:24","03:36:26",Delmar,"He'll see that and then just kind of like,"
6249,"03:36:26","03:36:28",Delmar,"you'll see this little twinkle in his eye or whatever."
6250,"03:36:28","03:36:28",Delmar,"And he just,"
6251,"03:36:28","03:36:29",Delmar,"you know,"
6252,"03:36:29","03:36:30",Delmar,"he throws on the smile."
6253,"03:36:30","03:36:30",Delmar,"It's like,"
6254,"03:36:30","03:36:31",Delmar,"yes,"
6255,"03:36:31","03:36:32",Delmar,"I mean,"
6256,"03:36:32","03:36:33",Delmar,"where there's a thousand sometimes could be considered."
6257,"03:36:34","03:36:34",Delmar,"I'm lucky enough."
6258,"03:36:34","03:36:36",Delmar,"But I feel in this case it would work."
6259,"03:36:36","03:36:37",Delmar,"But also,"
6260,"03:36:38","03:36:39",Delmar,"if we are going to provide,"
6261,"03:36:40","03:36:43",Delmar,"we can't just stay in our ship."
6262,"03:36:43","03:36:45",Delmar,"We would need a place to stay,"
6263,"03:36:46","03:36:47",Delmar,"a base of operations,"
6264,"03:36:47","03:36:47",Delmar,"if you will."
6265,"03:36:47","03:36:49",Delmar,"I'm sure you understand,"
6266,"03:36:50","03:36:50",Delmar,"you know,"
6267,"03:36:50","03:36:51",Delmar,"if we are to,"
6268,"03:36:51","03:36:55",Delmar,"especially if we need to house a citizenry or anything like that,"
6269,"03:36:55","03:36:55",Delmar,"you know,"
6270,"03:36:56","03:36:57",Delmar,"or need a quick communication with anyone."
6271,"03:36:58","03:37:01",Delmar,"And you can see he's like,"
6272,"03:37:01","03:37:04",DM,"that disturbs me."
6273,"03:37:05","03:37:05",DM,"Okay."
6274,"03:37:05","03:37:05",DM,"Yeah,"
6275,"03:37:05","03:37:06",DM,"of course."
6276,"03:37:06","03:37:06",DM,"Yes,"
6277,"03:37:07","03:37:09",DM,"he loses the accent there for a second."
6278,"03:37:11","03:37:12",DM,"He's so stunned."
6279,"03:37:13","03:37:14",DM,"You changed his accent."
6280,"03:37:15","03:37:16",DM,"Yes,"
6281,"03:37:16","03:37:17",DM,"of course."
6282,"03:37:18","03:37:33",DM,"As long as we could call on the defenders of Calveno and the people would feel safe and secure knowing that the Tessarine has people such as yourselves on retainer keeping Calveno safe."
6283,"03:37:34","03:37:36",DM,"I think we could do that."
6284,"03:37:37","03:37:38",Delmar,"My good sir,"
6285,"03:37:38","03:37:40",Delmar,"you would have no worries about that."
6286,"03:37:40","03:37:43",Delmar,"We won't even retain it and we still defended Calveno."
6287,"03:37:43","03:37:47",DM,"I will need your signature for such an ask."
6288,"03:37:48","03:37:55",DM,"All it is is that we are able to tell people that you are under our employ defending the city."
6289,"03:37:56","03:37:57",Delmar,"I would turn to everyone then."
6290,"03:37:58","03:37:59",Delmar,"It's like,"
6291,"03:38:00","03:38:01",Delmar,"as I am an admiral,"
6292,"03:38:02","03:38:03",Delmar,"I still must follow my,"
6293,"03:38:04","03:38:07",Delmar,"I still must show my crew that respect."
6294,"03:38:08","03:38:11",Delmar,"And I'll turn to each of you and basically kind of indicate,"
6295,"03:38:12","03:38:12",Delmar,"it's like,"
6296,"03:38:12","03:38:14",Delmar,"this is something that we all agree upon."
6297,"03:38:15","03:38:17",Delmar,"For I will not sign for all of us."
6298,"03:38:17","03:38:18",Delmar,"I have not earned that right yet."
6299,"03:38:19","03:38:21",DM,"This doesn't preclude everyone else's thing."
6300,"03:38:21","03:38:24",DM,"Does it miss much while I went to that room there?"
6301,"03:38:24","03:38:25",DM,"You got a house."
6302,"03:38:29","03:38:49",Delmar,"I negotiated for a thousand golds for basically stocking and armoring the ships for our ship and then I rolled really well and then I rolled an insight high enough to where I could see there was a deed to a really nice villa and I'm not bullshitting,"
6303,"03:38:50","03:39:34",Delmar,"it's right here in my notes Casa Faliere so you've got castle it will be we're re-eliminating we've got a villa here in the town where I'm going to be upgrading upgrades for the ship too reverse order I got I got a thousand golds for ornaments and supplies of the ship a thousand I just I'm getting us a villa but now basically I'm saying like is everyone okay with me signing for them kind of thing it's like sure essentially and i'm also trying not to be disrespectful to like obviously we are crew"
6304,"03:39:34","03:39:55",Delmar,"but it's like the hierarchy has never been established so dumb is trying to show every person kind of like their due respect kind of thing it's like i say if you guys are cool with me being the one signing this and like kind of taking up that role like it's essentially what he's indicating like are you okay if i put my name on this sounds like a grand deal ""How?"" and I reach up to you like this to shake your hand."
6305,"03:39:55","03:39:56",DM,"And you can reach like this."
6306,"03:39:56","03:39:56",DM,"Oh no no,"
6307,"03:39:57","03:39:58",Delmar,"I definitely like,"
6308,"03:39:58","03:40:00",Delmar,"I need to eye to eye,"
6309,"03:40:00","03:40:02",Delmar,"I show respect."
6310,"03:40:03","03:40:06",Delmar,"The Admiral would come down to the level of the whole thing."
6311,"03:40:07","03:40:08",DM,"And he turns,"
6312,"03:40:08","03:40:16",DM,"""You're my little friend."" He takes a handkerchief,"
6313,"03:40:16","03:40:18",DM,"wraps it around his hand,"
6314,"03:40:18","03:40:20",DM,"kind of reaches down to you,"
6315,"03:40:20","03:40:20",DM,"Jean-Claude,"
6316,"03:40:22","03:40:23",DM,"is there anything you want?"
6317,"03:40:23","03:40:25",DM,"And he kind of offers to shake your hand."
6318,"03:40:26","03:40:27",DM,"It's wrapped in cloth."
6319,"03:40:28","03:40:30",DM,"When he offers out his hand,"
6320,"03:40:30","03:40:32",Jean-Claude,"I drain my wine glass and I say,"
6321,"03:40:32","03:40:32",Jean-Claude,"yes,"
6322,"03:40:32","03:40:33",Jean-Claude,"I'll be fitted with tea."
6323,"03:40:41","03:40:41",Speaker 1,"Nice,"
6324,"03:40:41","03:40:41",Speaker 1,"Lina."
6325,"03:40:42","03:40:42",Delmar,"Thank you."
6326,"03:40:42","03:40:44",Delmar,"The room of the game."
6327,"03:40:45","03:40:48",Delmar,"What I just did is nothing compared to what he just did."
6328,"03:40:48","03:40:49",Delmar,"Holy shit."
6329,"03:40:51","03:40:53",Jean-Claude,"I grab it and I swirl it and sniff it,"
6330,"03:40:53","03:40:54",Jean-Claude,"but I do not drink it."
6331,"03:40:55","03:40:55",DM,"Oh,"
6332,"03:40:55","03:40:56",DM,"shit."
6333,"03:40:56","03:40:57",DM,"Or so,"
6334,"03:40:57","03:40:57",DM,"like,"
6335,"03:40:57","03:40:57",DM,"yeah,"
6336,"03:40:57","03:40:58",DM,"I'm flexed on it."
6337,"03:40:59","03:41:01",DM,"I'm flexed on these animals."
6338,"03:41:01","03:41:05",Catarina,"Can you imagine if he still is kind of drenched from being inside a frog?"
6339,"03:41:05","03:41:05",Catarina,"Oh,"
6340,"03:41:05","03:41:05",Catarina,"yeah,"
6341,"03:41:05","03:41:06",Catarina,"you're..."
6342,"03:41:06","03:41:07",Catarina,"I would love to have it."
6343,"03:41:08","03:41:10",Speaker 1,"I'll take that."
6344,"03:41:10","03:41:10",Speaker 1,"I'll take that."
6345,"03:41:13","03:41:14",DM,"I'm so sorry."
6346,"03:41:15","03:41:16",DM,"He sends off one of his orcs."
6347,"03:41:17","03:41:17",DM,"He runs off."
6348,"03:41:19","03:41:19",DM,"Yeah,"
6349,"03:41:19","03:41:19",DM,"yeah."
6350,"03:41:20","03:41:24",DM,"at the end and I said he's standing at the wall and he just de-cantered and shot her out of the couch."
6351,"03:41:24","03:41:25",DM,"I'm going to take your goat."
6352,"03:41:26","03:41:27",DM,"And you seem to be a man of means."
6353,"03:41:28","03:41:34",DM,"I would like for you to make accessible the dance the magic."
6354,"03:41:36","03:41:37",DM,"You're looking for nice person."
6355,"03:41:37","03:41:49",DM,"We and any discount or family at Frank's Field you can get for me or says the heroes of Galvinia would be much appreciated."
6356,"03:41:50","03:42:19",DM,"You're not on this earth Go on I am I am not a soldier myself I do not have But I do have I am a man of resources I am a man of needs And I am a man of direction I can get you There's only thing in particular you want Um I Well honestly Jean-Claude doesn't really know Um,"
6357,"03:42:20","03:42:22",DM,"I will know it when I see it."
6358,"03:42:24","03:42:24",DM,"Okay."
6359,"03:42:24","03:42:24",DM,"Because,"
6360,"03:42:24","03:42:24",DM,"like,"
6361,"03:42:24","03:42:26",DM,"I can think of some,"
6362,"03:42:26","03:42:26",DM,"like,"
6363,"03:42:26","03:42:28",DM,"Braces for Archery would be great."
6364,"03:42:28","03:42:29",DM,"I want a breaking head."
6365,"03:42:29","03:42:30",DM,"I can think of various things,"
6366,"03:42:30","03:42:31",DM,"but Jean-Claude wouldn't."
6367,"03:42:32","03:42:32",DM,"Oh,"
6368,"03:42:32","03:42:33",DM,"no."
6369,"03:42:33","03:42:33",DM,"Well,"
6370,"03:42:33","03:42:33",DM,"then,"
6371,"03:42:33","03:42:33",DM,"metagame,"
6372,"03:42:34","03:42:36",DM,"let's just say."
6373,"03:42:36","03:42:36",DM,"But,"
6374,"03:42:36","03:42:36",DM,"like,"
6375,"03:42:36","03:42:37",DM,"metagame,"
6376,"03:42:37","03:42:38",DM,"not metagame?"
6377,"03:42:38","03:42:38",DM,"Yeah,"
6378,"03:42:38","03:42:38",DM,"yeah."
6379,"03:42:39","03:42:40",DM,"I will know it when I see it."
6380,"03:42:41","03:42:44",DM,"I would like to peruse and go shopping."
6381,"03:42:45","03:42:45",DM,"You are,"
6382,"03:42:46","03:42:46",DM,"I see you."
6383,"03:42:47","03:42:47",DM,"That's so cute."
6384,"03:42:47","03:42:48",DM,"I see you carry a bow,"
6385,"03:42:48","03:42:48",DM,"yes?"
6386,"03:42:48","03:42:49",DM,"You are Archer."
6387,"03:42:49","03:42:51",DM,"We have many..."
6388,"03:42:51","03:42:51",DM,"No,"
6389,"03:42:51","03:42:52",DM,"it's just for show."
6390,"03:42:53","03:42:55",DM,"You are very funny,"
6391,"03:42:55","03:42:56",DM,"Grong."
6392,"03:42:56","03:42:59",DM,"I am loving all the Grong I am meeting later."
6393,"03:43:01","03:43:03",DM,"Now that was gimmick-out."
6394,"03:43:03","03:43:03",DM,"Oh,"
6395,"03:43:03","03:43:04",DM,"shit."
6396,"03:43:04","03:43:04",DM,"Really?"
6397,"03:43:05","03:43:07",DM,"You've met other Grong?"
6398,"03:43:07","03:43:08",DM,"He's in on it!"
6399,"03:43:08","03:43:08",DM,"I bet you can."
6400,"03:43:13","03:43:14",DM,"I fall off with Max."
6401,"03:43:15","03:43:16",DM,"The old man,"
6402,"03:43:16","03:43:18",DM,"Grong-emic frog face."
6403,"03:43:19","03:43:19",DM,"I don't know."
6404,"03:43:19","03:43:22",DM,"I can put in a word for you."
6405,"03:43:23","03:43:27",DM,"I know of a shop in town that specializes in magic."
6406,"03:43:28","03:43:36",DM,"I can have one of my assistants put in a word for you that they will give you a microexam."
6407,"03:43:36","03:43:37",Speaker 1,"Can I come too?"
6408,"03:43:38","03:43:38",Speaker 1,"Very good."
6409,"03:43:38","03:43:43",Crissdalynn,"You'll hear Catherine just kind of like you know."
6410,"03:43:47","03:43:49",Delmar,"It wasn't She'll talk to her other friends."
6411,"03:43:50","03:43:51",Delmar,"Maybe send her a surprise."
6412,"03:43:51","03:43:52",Delmar,"I think she should go."
6413,"03:43:54","03:43:55",Delmar,"Delmar is never getting drunk."
6414,"03:43:56","03:43:56",Delmar,"Like,"
6415,"03:43:56","03:43:57",Delmar,"his head is pounding,"
6416,"03:43:58","03:44:01",Delmar,"and he's drinking a lot."
6417,"03:44:02","03:44:03",Speaker 1,"Yes?"
6418,"03:44:04","03:44:04",Catarina,"Perhaps."
6419,"03:44:05","03:44:07",Catarina,"Where is this house that you had said that he had even..."
6420,"03:44:07","03:44:11",DM,"This is actually right in the Mercatura."
6421,"03:44:11","03:44:16",DM,"So it is not too far away from that smoking crater with the rotting slot in it,"
6422,"03:44:16","03:44:17",DM,"but it's a really nice house."
6423,"03:44:17","03:44:17",Speaker 1,"Oh,"
6424,"03:44:17","03:44:17",Speaker 1,"okay."
6425,"03:44:19","03:44:20",DM,"It's part of downtown."
6426,"03:44:20","03:44:20",DM,"Yeah,"
6427,"03:44:20","03:44:22",DM,"it's like you're in the downtown core."
6428,"03:44:22","03:44:25",DM,"This is where the young professionals live."
6429,"03:44:25","03:44:25",DM,"It's fine."
6430,"03:44:25","03:44:28",DM,"We'll spray her wings with lemon and she just casts guts."
6431,"03:44:28","03:44:28",DM,"Yeah."
6432,"03:44:34","03:44:38",DM,"It is actually kind of near Cats Curios because you are in the market too."
6433,"03:44:39","03:44:40",DM,"Oh,"
6434,"03:44:40","03:44:41",DM,"I thought it was on the store."
6435,"03:44:43","03:44:44",DM,"Your business?"
6436,"03:44:44","03:44:45",Catarina,"Yeah,"
6437,"03:44:45","03:44:46",Catarina,"my shop was..."
6438,"03:44:47","03:44:48",Catarina,"I thought it was more center town."
6439,"03:44:48","03:44:48",DM,"Oh,"
6440,"03:44:48","03:44:49",DM,"is it?"
6441,"03:44:49","03:44:50",DM,"Like,"
6442,"03:44:50","03:44:50",DM,"yeah,"
6443,"03:44:50","03:44:53",DM,"like the popular busy areas."
6444,"03:44:54","03:44:54",Speaker 1,"Gotcha."
6445,"03:44:59","03:45:00",Speaker 1,"Nope,"
6446,"03:45:00","03:45:00",Speaker 1,"I got one."
6447,"03:45:01","03:45:02",Delmar,"I mean,"
6448,"03:45:02","03:45:02",Delmar,"besides,"
6449,"03:45:02","03:45:04",Delmar,"the character's kind of loosely based on Pura."
6450,"03:45:05","03:45:06",Delmar,"I mean,"
6451,"03:45:06","03:45:06",Delmar,"like,"
6452,"03:45:06","03:45:08",Delmar,"people literally build stuff around her workshop."
6453,"03:45:09","03:45:10",Delmar,"So,"
6454,"03:45:10","03:45:10",Delmar,"like,"
6455,"03:45:10","03:45:12",Delmar,"it would make sense she would be in a busy..."
6456,"03:45:12","03:45:14",Delmar,"I'm not going to play her character."
6457,"03:45:14","03:45:16",Delmar,"The original character on day one was over."
6458,"03:45:16","03:46:03",DM,"I just want to know where the house was but if it's close by the original description you had on the first time you mentioned it was that it was over a cliff that's what it was a little out yeah I mean I hadn't established exactly where it is but it's waterfront property yeah you guys made that with a hell of a view luxurious by my boss a safe place I like to if that is from what I was under my impression of it I can't promise that I could live in this house with you monks but my shop is very very"
6459,"03:46:03","03:46:43",Catarina,"busy and I like to keep my work and studies in peace and quiet amongst I was a bit away from the people but perhaps I could have a a companion that could help better communicate with you guys whenever you needed help of any sort with any needs or equipment of your I'm sorry I had like Catarina's kind of thinking on signing on with the Slaves but she doesn't want to she doesn't see the value she has a great she already is kind of happy with it but she wouldn't mind having kind of like a companion"
6460,"03:46:44","03:46:56",Catarina,"that like a an assistant that could kind of go between the two to deliver or to whenever you needed something that could help deliver that to you."
6461,"03:46:56","03:47:17",Catarina,"We could hire an assistant for you of course um um let's see I can't always promise I can get away from my studies so it'd be nice to have somebody that could speak on my behalf or you can talk to and I would be happy to relay of any further help."
6462,"03:47:17","03:47:20",DM,"I am absolutely sure that if we put out a job offer,"
6463,"03:47:20","03:47:24",DM,"the Catherine of the Beauty of Beth Curios is looking for an intern,"
6464,"03:47:24","03:47:26",DM,"we absolutely will be able to find her and call you."
6465,"03:47:26","03:47:32",Catarina,"They need to be okay with being around a very messy closed space."
6466,"03:47:33","03:47:34",DM,"Of course,"
6467,"03:47:34","03:47:34",DM,"someone who's,"
6468,"03:47:35","03:47:35",DM,"you know,"
6469,"03:47:35","03:47:36",DM,"light on their feet,"
6470,"03:47:36","03:47:36",DM,"someone,"
6471,"03:47:36","03:47:37",DM,"yeah,"
6472,"03:47:37","03:47:37",DM,"yeah."
6473,"03:47:38","03:47:46",DM,"I think I know just the young in through who is we can absolutely be able to send you away."
6474,"03:47:47","03:47:49",Delmar,"I was hoping you were going to be like,"
6475,"03:47:49","03:47:49",Delmar,"it's like,"
6476,"03:47:49","03:47:50",Delmar,"oh no,"
6477,"03:47:50","03:47:50",Delmar,"I got one,"
6478,"03:47:50","03:47:51",Delmar,"and it's just like an automaton."
6479,"03:47:52","03:47:52",Delmar,"You know,"
6480,"03:47:52","03:47:53",Delmar,"like a robot person."
6481,"03:47:54","03:47:55",Catarina,"I take automatons."
6482,"03:47:55","03:47:56",Catarina,"I take any of that."
6483,"03:47:57","03:47:59",Catarina,"It doesn't need to be exactly a human."
6484,"03:48:00","03:48:03",DM,"It is you who would come through for the automaton."
6485,"03:48:03","03:48:05",DM,"Maybe perhaps I wasn't."
6486,"03:48:06","03:48:07",Catarina,"He's kind of like,"
6487,"03:48:07","03:48:07",Catarina,"oh,"
6488,"03:48:07","03:48:07",Catarina,"maybe."
6489,"03:48:08","03:48:11",DM,"You hear him just shout into the back of the room."
6490,"03:48:12","03:48:12",DM,"Something in,"
6491,"03:48:13","03:48:14",DM,"you understand it,"
6492,"03:48:14","03:48:16",DM,"he's calling for David."
6493,"03:48:18","03:48:18",DM,"David!"
6494,"03:48:18","03:48:19",DM,"David!"
6495,"03:48:19","03:48:20",DM,"And you see a,"
6496,"03:48:20","03:48:21",DM,"um,"
6497,"03:48:22","03:48:22",DM,"a,"
6498,"03:48:22","03:48:22",DM,"um,"
6499,"03:48:22","03:48:23",DM,"let's see here."
6500,"03:48:24","03:48:24",DM,"Toucan,"
6501,"03:48:24","03:48:25",DM,"Aarakagra,"
6502,"03:48:26","03:48:27",Speaker 1,"kind of walk in."
6503,"03:48:28","03:48:29",Speaker 1,"Big beak."
6504,"03:48:30","03:48:31",Crissdalynn,"What's that in Aarakagra?"
6505,"03:48:31","03:48:31",Crissdalynn,"Toucan."
6506,"03:48:34","03:48:35",DM,"Big beak."
6507,"03:48:36","03:48:36",DM,"That's enough,"
6508,"03:48:36","03:48:37",DM,"and once I saw it,"
6509,"03:48:37","03:48:37",DM,"three cans."
6510,"03:48:39","03:48:39",Speaker 1,"Oh,"
6511,"03:48:39","03:48:39",DM,"I'm sorry,"
6512,"03:48:40","03:48:40",DM,"sorry,"
6513,"03:48:40","03:48:41",DM,"wrong name."
6514,"03:48:41","03:48:41",DM,"Sorry."
6515,"03:48:41","03:48:42",DM,"Uh,"
6516,"03:48:42","03:48:42",DM,"Samuel."
6517,"03:48:47","03:48:48",Crissdalynn,"It's too cancerous."
6518,"03:48:50","03:48:51",DM,"So yeah,"
6519,"03:48:51","03:48:51",DM,"Samuel,"
6520,"03:48:51","03:48:52",DM,"come in."
6521,"03:48:52","03:48:53",DM,"And yeah,"
6522,"03:48:53","03:48:53",DM,"he,"
6523,"03:48:53","03:48:53",DM,"uh,"
6524,"03:48:53","03:48:54",DM,"yeah,"
6525,"03:48:54","03:48:54",DM,"what can I do?"
6526,"03:48:55","03:48:56",DM,"Just right on."
6527,"03:48:57","03:48:59",DM,"You're going to be helping out Mr."
6528,"03:48:59","03:49:01",DM,"Really here with messages,"
6529,"03:49:01","03:49:02",DM,"anything she needs around her shop."
6530,"03:49:03","03:49:04",Catarina,"It's Dad Really."
6531,"03:49:05","03:49:06",DM,"I'm so sorry,"
6532,"03:49:06","03:49:07",DM,"I'm from here."
6533,"03:49:07","03:49:07",DM,"No."
6534,"03:49:11","03:49:12",DM,"But I can't."
6535,"03:49:15","03:49:16",DM,"Just a sec."
6536,"03:49:20","03:49:21",DM,"Quick question."
6537,"03:49:21","03:49:23",DM,"Is this essentially a short rest?"
6538,"03:49:24","03:49:24",DM,"In fact,"
6539,"03:49:24","03:49:25",DM,"actually,"
6540,"03:49:25","03:49:27",DM,"he's going to give you guys a paper to sign."
6541,"03:49:27","03:49:28",DM,"At that point,"
6542,"03:49:28","03:49:28",DM,"you guys,"
6543,"03:49:28","03:49:29",DM,"you have taken a short rest,"
6544,"03:49:30","03:49:32",DM,"and you guys can take a long rest."
6545,"03:49:32","03:49:37",Crissdalynn,"This is how I picture what's happened as soon as Toucan Sam comes into the room."
6546,"03:49:49","03:49:51",DM,"He's pretty gross."
6547,"03:49:52","03:49:58",DM,"It looks like he It's like he polish his beak."
6548,"03:49:59","03:50:00",DM,"Like he waxes it."
6549,"03:50:02","03:50:04",DM,"You can almost see a reflection in his beak."
6550,"03:50:05","03:50:10",Crissdalynn,"I really wish Fred was here for that."
6551,"03:50:14","03:50:14",Crissdalynn,"Wait,"
6552,"03:50:14","03:50:16",Crissdalynn,"did I just buy a slave?"
6553,"03:50:16","03:50:17",DM,"You did not buy a slave."
6554,"03:50:18","03:50:18",DM,"Okay."
6555,"03:50:19","03:50:19",DM,"Well,"
6556,"03:50:19","03:50:20",DM,"my boyfriend apparently did."
6557,"03:50:21","03:50:21",DM,"Yeah,"
6558,"03:50:21","03:50:22",DM,"the difference is..."
6559,"03:50:23","03:50:23",Speaker 1,"Wait,"
6560,"03:50:23","03:50:23",Speaker 1,"nothing."
6561,"03:50:26","03:50:27",DM,"You missed a theory."
6562,"03:50:27","03:50:28",DM,"You will,"
6563,"03:50:28","03:50:28",DM,"right?"
6564,"03:50:29","03:50:31",Crissdalynn,"You're forcefully telling me."
6565,"03:50:31","03:50:31",Crissdalynn,"I guess,"
6566,"03:50:31","03:50:31",Crissdalynn,"yeah,"
6567,"03:50:31","03:50:32",DM,"the difference is funny moments."
6568,"03:50:35","03:50:36",Crissdalynn,"So we have a,"
6569,"03:50:36","03:50:37",Crissdalynn,"she has a new intern."
6570,"03:50:37","03:50:38",Crissdalynn,"His name is Sam."
6571,"03:50:39","03:50:40",Crissdalynn,"And he is a toucan."
6572,"03:50:42","03:50:42",Crissdalynn,"Yes."
6573,"03:50:43","03:50:43",Crissdalynn,"No,"
6574,"03:50:43","03:50:44",Crissdalynn,"that's not the best part."
6575,"03:50:45","03:50:46",Crissdalynn,"He's got a very shiny needy."
6576,"03:50:47","03:50:50",Crissdalynn,"So this is what happens as soon as Sam walked in the room."
6577,"03:50:52","03:50:52",Speaker 1,"Yes."
6578,"03:50:55","03:50:56",DM,"She just drops an egg,"
6579,"03:50:56","03:50:56",DM,"right?"
6580,"03:51:03","03:51:05",Crissdalynn,"I'm still holding on the diamond ring."
6581,"03:51:08","03:51:09",Crissdalynn,"I guess I have a little bit of a..."
6582,"03:51:10","03:51:10",Crissdalynn,"This is awkward."
6583,"03:51:11","03:51:13",DM,"He just frips right as he walks into..."
6584,"03:51:14","03:51:14",DM,"Oh."
6585,"03:51:15","03:51:16",Catarina,"Not a..."
6586,"03:51:16","03:51:18",Catarina,"A little bit of a clumsy one."
6587,"03:51:19","03:51:19",Delmar,"A lot of..."
6588,"03:51:19","03:51:19",Delmar,"Oh,"
6589,"03:51:19","03:51:20",Delmar,"no."
6590,"03:51:20","03:51:22",Delmar,"I see this and I immediately get,"
6591,"03:51:22","03:51:22",Delmar,"like..."
6592,"03:51:22","03:51:23",Delmar,"Bring them as gifts."
6593,"03:51:23","03:51:25",Delmar,"Defensive dad mode."
6594,"03:51:25","03:51:25",Delmar,"Oh,"
6595,"03:51:25","03:51:25",Delmar,"yeah,"
6596,"03:51:25","03:51:25",Delmar,"yeah."
6597,"03:51:26","03:51:26",Delmar,"They do?"
6598,"03:51:26","03:51:26",Delmar,"Yeah."
6599,"03:51:26","03:51:27",Delmar,"They do?"
6600,"03:51:29","03:51:29",DM,"He's got that,"
6601,"03:51:29","03:51:30",DM,"like,"
6602,"03:51:30","03:51:31",DM,"awkward teenager kind of energy."
6603,"03:51:31","03:51:32",DM,"Yeah."
6604,"03:51:32","03:51:34",Crissdalynn,"He's probably about the same age as me."
6605,"03:51:34","03:51:35",DM,"Yeah,"
6606,"03:51:35","03:51:35",DM,"I mean,"
6607,"03:51:35","03:51:35",DM,"yeah."
6608,"03:51:36","03:51:37",DM,"I don't know how long..."
6609,"03:51:37","03:51:39",Crissdalynn,"Is the mayor human?"
6610,"03:51:40","03:51:40",Speaker 1,"Yeah."
6611,"03:51:44","03:51:44",Delmar,"Racism still exists."
6612,"03:51:45","03:51:45",Delmar,"Yeah,"
6613,"03:51:45","03:51:45",Delmar,"he's human."
6614,"03:51:47","03:51:47",Speaker 1,"Yeah."
6615,"03:51:48","03:51:49",Speaker 4,"Do you understand the title?"
6616,"03:51:51","03:51:52",DM,"Is he with us?"
6617,"03:51:52","03:51:52",DM,"No,"
6618,"03:51:53","03:51:54",DM,"he did not get invited into the office."
6619,"03:51:56","03:52:00",DM,"He's presumably still in the Mercatero."
6620,"03:52:00","03:52:01",DM,"Probably helping people."
6621,"03:52:02","03:52:03",Crissdalynn,"Is Toucan Sam,"
6622,"03:52:03","03:52:03",Crissdalynn,"like,"
6623,"03:52:03","03:52:04",Crissdalynn,"can we tell what kind of a,"
6624,"03:52:05","03:52:06",Crissdalynn,"what's his class?"
6625,"03:52:07","03:52:07",DM,"I mean,"
6626,"03:52:07","03:52:08",DM,"he's an accountant,"
6627,"03:52:09","03:52:10",DM,"as far as you can tell."
6628,"03:52:10","03:52:11",DM,"He doesn't,"
6629,"03:52:11","03:52:13",DM,"he probably doesn't have a class."
6630,"03:52:13","03:52:14",DM,"Oh,"
6631,"03:52:14","03:52:14",DM,"okay."
6632,"03:52:14","03:52:14",DM,"I was just curious."
6633,"03:52:15","03:52:16",DM,"I wasn't sure he was dressed normally."
6634,"03:52:18","03:52:19",Catarina,"Catarina's measuring already,"
6635,"03:52:19","03:52:20",Catarina,"like."
6636,"03:52:20","03:52:21",Catarina,"Not a helicopter or a monkey."
6637,"03:52:22","03:52:22",DM,"Come on."
6638,"03:52:22","03:52:24",Catarina,"The wingspan on Toucan."
6639,"03:52:25","03:52:25",Catarina,"Yes,"
6640,"03:52:25","03:52:27",Catarina,"he will be wonderful for my studies."
6641,"03:52:28","03:52:28",Speaker 1,"Yes."
6642,"03:52:28","03:52:30",DM,"So what am I doing for you?"
6643,"03:52:30","03:52:32",DM,"Just stay right there."
6644,"03:52:35","03:52:35",Delmar,"Oh,"
6645,"03:52:37","03:52:37",Delmar,"here you go."
6646,"03:52:38","03:52:43",Delmar,"Common D&D 5e classes for an accountant include the Order of Scribes Wizard,"
6647,"03:52:43","03:52:45",Delmar,"an Inquisitive Rogue,"
6648,"03:52:45","03:52:46",Delmar,"or an Order Cleric."
6649,"03:52:47","03:52:47",Delmar,"So,"
6650,"03:52:47","03:52:48",Delmar,"you got a wizard,"
6651,"03:52:48","03:52:49",Delmar,"you got a rogue or a cleric,"
6652,"03:52:50","03:52:52",Delmar,"because they'd realize in high intelligence,"
6653,"03:52:52","03:52:52",Delmar,"keen observation,"
6654,"03:52:53","03:52:54",Delmar,"and strict adherence to rules."
6655,"03:52:54","03:52:56",Crissdalynn,"Because he tripped on meaning more towards wizard."
6656,"03:52:57","03:52:57",Speaker 1,"Yeah,"
6657,"03:52:57","03:52:58",DM,"probably Order of Scribes Wizard."
6658,"03:52:59","03:53:00",DM,"So,"
6659,"03:53:00","03:53:02",DM,"He is simply a nerd."
6660,"03:53:03","03:53:05",DM,"He's not an extra special nerd."
6661,"03:53:05","03:53:06",DM,"He's just a dork."
6662,"03:53:07","03:53:08",DM,"Oh,"
6663,"03:53:08","03:53:08",DM,"no."
6664,"03:53:09","03:53:09",DM,"He's a normal guy."
6665,"03:53:10","03:53:11",DM,"He's just a normal dude."
6666,"03:53:12","03:53:13",Catarina,"Your task,"
6667,"03:53:13","03:53:13",Catarina,"Samuel,"
6668,"03:53:13","03:53:27",Catarina,"will be to be communication and to help with these folks here when I cannot be available because I have such a long demand of upgrades and things I need to work on."
6669,"03:53:27","03:53:28",Catarina,"So,"
6670,"03:53:28","03:53:30",DM,"I'm I'm a human,"
6671,"03:53:31","03:53:32",DM,"or I'm an Eric Corker ascending stone,"
6672,"03:53:33","03:53:33",DM,"man."
6673,"03:53:33","03:53:34",Catarina,"You're a delivery boy."
6674,"03:53:35","03:53:35",DM,"Oh,"
6675,"03:53:35","03:53:35",DM,"okay."
6676,"03:53:37","03:53:39",DM,"I guess that beats the mayor's office."
6677,"03:53:39","03:53:42",DM,"You will be taken care of handsomely."
6678,"03:53:42","03:53:42",DM,"Yeah."
6679,"03:53:43","03:53:44",DM,"He's a couple."
6680,"03:53:44","03:53:46",DM,"He's a wife."
6681,"03:53:47","03:53:49",DM,"A sheet of paper across the desk."
6682,"03:53:51","03:53:58",DM,"I need your signatures on this so that we may pull you officially the defenders of Calveno."
6683,"03:54:00","03:54:01",Delmar,"Delmar,"
6684,"03:54:01","03:54:17",DM,"I'll take it first Delmar Atticus The DOC Delmar A Everyone signing it?"
6685,"03:54:18","03:54:21",Crissdalynn,"I'll take the paper out of Sam's hand and sign it,"
6686,"03:54:21","03:54:28",Crissdalynn,"but my hand will linger a little I am staring I'm not a dagger,"
6687,"03:54:28","03:54:29",Speaker 1,"sis."
6688,"03:54:31","03:54:33",DM,"It's hard to because there's a beak."
6689,"03:54:36","03:54:38",Crissdalynn,"How do you get your beak so shiny?"
6690,"03:54:39","03:54:39",DM,"Oh,"
6691,"03:54:39","03:54:39",DM,"turtle wax,"
6692,"03:54:40","03:54:40",DM,"mostly."
6693,"03:54:40","03:54:42",DM,"It's like a half hour every day."
6694,"03:54:42","03:54:43",DM,"It's,"
6695,"03:54:43","03:54:43",DM,"you know,"
6696,"03:54:43","03:54:44",DM,"gotta take good care of the beak."
6697,"03:54:45","03:54:46",DM,"Very good."
6698,"03:54:48","03:54:49",DM,"She's just awkward,"
6699,"03:54:49","03:54:49",DM,"she's pretty."
6700,"03:54:52","03:54:53",DM,"I said comfort."
6701,"03:54:55","03:54:56",DM,"It's hard to be angry,"
6702,"03:54:56","03:54:56",DM,"Dags."
6703,"03:54:56","03:55:00",DM,"I am unfamiliar with how the Grung operate,"
6704,"03:55:01","03:55:04",DM,"but the text we believe that if something is not written down,"
6705,"03:55:04","03:55:05",DM,"it does not exist."
6706,"03:55:09","03:55:10",DM,"I'm sorry,"
6707,"03:55:10","03:55:11",DM,"I cannot give you what you have."
6708,"03:55:11","03:55:14",DM,"Would you then consider me a friend of the defenders?"
6709,"03:55:16","03:55:16",DM,"Oh,"
6710,"03:55:16","03:55:17",DM,"I guess,"
6711,"03:55:17","03:55:17",DM,"yeah,"
6712,"03:55:17","03:55:18",DM,"if I don't sign it,"
6713,"03:55:18","03:55:19",DM,"he's not going to give me the fucking..."
6714,"03:55:20","03:55:21",Delmar,"You won't get anything?"
6715,"03:55:21","03:55:22",Delmar,"How would Grung make,"
6716,"03:55:22","03:55:23",Delmar,"like,"
6717,"03:55:23","03:55:25",Delmar,"deals in this way?"
6718,"03:55:25","03:55:27",Delmar,"Would it be an exchange or something?"
6719,"03:55:27","03:55:28",Delmar,"Would it be like you're both spitting?"
6720,"03:55:28","03:55:29",Delmar,"Well,"
6721,"03:55:29","03:55:30",Delmar,"not spitting."
6722,"03:55:30","03:55:31",Delmar,"No,"
6723,"03:55:31","03:55:32",Delmar,"that's not it."
6724,"03:55:32","03:55:32",Delmar,"Yeah,"
6725,"03:55:32","03:55:32",Delmar,"yeah."
6726,"03:55:32","03:55:33",Delmar,"That's better."
6727,"03:55:34","03:55:34",Delmar,"I'm doing like,"
6728,"03:55:35","03:55:35",Delmar,"Dex,"
6729,"03:55:35","03:55:37",Delmar,"let's make it a swingers party."
6730,"03:55:37","03:55:38",Delmar,"I still find it pretty funny."
6731,"03:55:38","03:55:38",Delmar,"I don't know."
6732,"03:55:39","03:55:40",Delmar,"I just keep the whole thing."
6733,"03:55:41","03:55:44",DM,"I guess literates do have written language,"
6734,"03:55:45","03:55:45",DM,"obviously,"
6735,"03:55:46","03:55:50",DM,"but it's not heavily relied on because it's not like we have a lot of paper."
6736,"03:55:51","03:55:51",Delmar,"Well,"
6737,"03:55:51","03:55:51",Delmar,"I mean,"
6738,"03:55:51","03:55:55",Delmar,"I'm thinking because there's those elite grung that get hired to go to assassinations."
6739,"03:55:55","03:55:57",Delmar,"There has to be some one of it where it's like,"
6740,"03:55:57","03:55:58",Delmar,"I don't know,"
6741,"03:55:58","03:56:01",Delmar,"maybe they dip a knuckle in ink and then that's their signature or something."
6742,"03:56:01","03:56:05",DM,"The whole thing with these grung fucking operating here and whatnot is,"
6743,"03:56:05","03:56:07",DM,"at least to me,"
6744,"03:56:07","03:56:07",DM,"is like,"
6745,"03:56:07","03:56:07",DM,"oh,"
6746,"03:56:07","03:56:08",DM,"holy shit."
6747,"03:56:08","03:56:09",DM,"Right."
6748,"03:56:09","03:56:09",DM,"As far as I know,"
6749,"03:56:09","03:56:10",DM,"in grung society,"
6750,"03:56:10","03:56:11",DM,"they're very insular."
6751,"03:56:12","03:56:12",DM,"They do not,"
6752,"03:56:12","03:56:13",DM,"like,"
6753,"03:56:13","03:56:16",DM,"they trade slaves and shit with other races."
6754,"03:56:17","03:56:17",DM,"But,"
6755,"03:56:17","03:56:17",DM,"like,"
6756,"03:56:18","03:56:21",DM,"the whole thing with the poison is grung poison is grung poison."
6757,"03:56:22","03:56:22",DM,"It is,"
6758,"03:56:22","03:56:22",DM,"like,"
6759,"03:56:22","03:56:24",DM,"it's tantamount to treason."
6760,"03:56:24","03:56:28",DM,"to sell a Grung's own poison to a different species."
6761,"03:56:30","03:56:34",DM,"There are no Grung mercenaries that operate outside of the Grung."
6762,"03:56:34","03:56:36",DM,"There's no Grung mercenaries."
6763,"03:56:37","03:56:37",DM,"None of us understand."
6764,"03:56:39","03:56:40",DM,"They work together."
6765,"03:56:42","03:56:46",DM,"Like the same way the Rattkin are very insular with theirs."
6766,"03:56:47","03:56:47",DM,"Super,"
6767,"03:56:47","03:56:47",DM,"yeah."
6768,"03:56:48","03:56:52",DM,"The Grung are very similar in that they are..."
6769,"03:56:52","03:56:53",Delmar,"Sorry,"
6770,"03:56:53","03:56:55",Delmar,"the other reason why is that I just had this,"
6771,"03:56:55","03:56:58",Delmar,"I was hoping there was some kind of way you would sign or have had,"
6772,"03:56:58","03:56:59",Delmar,"but it's like,"
6773,"03:56:59","03:57:01",Delmar,"it's just a swoosh swoosh,"
6774,"03:57:01","03:57:02",Delmar,"like your signature is the mustache."
6775,"03:57:04","03:57:05",DM,"Thank you."
6776,"03:57:06","03:57:06",DM,"Okay."
6777,"03:57:06","03:57:09",DM,"I was going to say very well and just draw an X."
6778,"03:57:10","03:57:11",DM,"But yeah,"
6779,"03:57:11","03:57:11",DM,"no."
6780,"03:57:12","03:57:12",DM,"Yeah."
6781,"03:57:15","03:57:16",Delmar,"No,"
6782,"03:57:16","03:57:16",Delmar,"it's like,"
6783,"03:57:16","03:57:16",Delmar,"all right,"
6784,"03:57:17","03:57:17",Delmar,"sweet,"
6785,"03:57:17","03:57:18",Delmar,"I'm glad you like that."
6786,"03:57:18","03:57:19",Delmar,"You don't look mean,"
6787,"03:57:19","03:57:19",DM,"Ron."
6788,"03:57:20","03:57:20",DM,"Yeah."
6789,"03:57:22","03:57:46",Catarina,"Thanks buddy Yeah Very funny I do need your signature Samuel I'm not hiring Samuel In fact I'm getting rid of Samuel And I hired him To sign it on my behalf Do you want me to sign it or not?"
6790,"03:57:46","03:57:57",DM,"I don't think so He finishes up with all the clips and he's very happy."
6791,"03:57:57","03:57:58",DM,"I did not see this coming."
6792,"03:57:59","03:58:01",DM,"I did not see this coming at all."
6793,"03:58:02","03:58:04",DM,"To the heroes of Calveno,"
6794,"03:58:04","03:58:10",DM,"I am so happy for this new exciting chapter in my city's history."
6795,"03:58:10","03:58:13",DM,"Thank you so much for everything you've done for our city."
6796,"03:58:15","03:58:15",DM,"Cheers,"
6797,"03:58:15","03:58:16",DM,"you see?"
6798,"03:58:16","03:58:17",DM,"I didn't know my voice correct."
6799,"03:58:18","03:58:21",DM,"I do have one other question for you."
6800,"03:58:25","03:58:31",Delmar,"Who is the greatest dancer in the city?"
6801,"03:58:33","03:58:33",Delmar,"Joffrey,"
6802,"03:58:33","03:58:34",Delmar,"obviously."
6803,"03:58:34","03:58:34",Speaker 1,"Yeah."
6804,"03:58:36","03:58:37",Delmar,"Joffrey's still learning."
6805,"03:58:38","03:58:39",Delmar,"Delmar's trying to look out for the kid."
6806,"03:58:40","03:58:40",Delmar,"Remember,"
6807,"03:58:40","03:58:41",Delmar,"he's still hiding his dancing."
6808,"03:58:41","03:58:41",Delmar,"Oh,"
6809,"03:58:42","03:58:44",DM,"you want him to find more men?"
6810,"03:58:44","03:58:44",DM,"Yeah,"
6811,"03:58:44","03:58:44",DM,"yeah."
6812,"03:58:45","03:58:47",Delmar,"I can teach him dexterous movements,"
6813,"03:58:47","03:58:48",Delmar,"but I was just like,"
6814,"03:58:48","03:58:48",Delmar,"well,"
6815,"03:58:48","03:58:50",Delmar,"I was just writing the character's names down."
6816,"03:58:50","03:58:50",Delmar,"I was like,"
6817,"03:58:50","03:58:54",Delmar,"I've done nothing with Joffrey for a minute."
6818,"03:58:54","03:58:54",Delmar,"I'm like,"
6819,"03:58:54","03:58:55",Delmar,"wait a minute."
6820,"03:58:55","03:58:56",Delmar,"If this guy's giving a shit,"
6821,"03:58:56","03:58:57",Delmar,"hey,"
6822,"03:58:57","03:58:58",Delmar,"who's the best dancer?"
6823,"03:58:58","03:58:59",Delmar,"I'm a pro,"
6824,"03:58:59","03:59:00",DM,"man."
6825,"03:59:00","03:59:00",DM,"Like,"
6826,"03:59:00","03:59:00",DM,"what a great leader."
6827,"03:59:02","03:59:03",Speaker 1,"I'll come to the bottom."
6828,"03:59:04","03:59:08",DM,"The greatest of the performance arts in Calveno,"
6829,"03:59:08","03:59:13",DM,"that is a matter of perception."
6830,"03:59:13","03:59:44",Delmar,"there are so many great artisans I don't mean the prettiest in the brothel who moves her hips in a way I mean professional on the stage you're either moved by it or Michael Flatley there's when you have the time there's a local opera hall and ballet I think you will find someone who will absolutely meet your needs there."
6831,"03:59:44","03:59:45",DM,"Unfortunately,"
6832,"03:59:45","03:59:46",DM,"it is getting rather late for me,"
6833,"03:59:46","03:59:48",DM,"so I will retire."
6834,"03:59:49","03:59:49",DM,"Wonderful,"
6835,"03:59:49","03:59:49",DM,"wonderful."
6836,"03:59:49","03:59:55",DM,"I'm going to get up and kind of usher you all towards the door."
6837,"03:59:56","03:59:57",DM,"Sorry,"
6838,"03:59:57","03:59:57",DM,"it's not even,"
6839,"03:59:57","03:59:58",DM,"it's not late,"
6840,"03:59:58","03:59:58",DM,"it's early."
6841,"03:59:58","03:59:59",DM,"Yeah,"
6842,"03:59:59","03:59:59",DM,"at least it was me."
6843,"03:59:59","04:00:00",DM,"He has many meetings."
6844,"04:00:01","04:00:01",DM,"Yeah,"
6845,"04:00:01","04:00:02",DM,"I'm very busy,"
6846,"04:00:02","04:00:02",DM,"I have many meetings."
6847,"04:00:03","04:00:04",DM,"We're going to meet you here,"
6848,"04:00:04","04:00:04",DM,"come on."
6849,"04:00:04","04:00:06",Delmar,"I'm actually holding my booze pretty well."
6850,"04:00:06","04:00:07",Delmar,"Always a pleasure."
6851,"04:00:07","04:00:08",DM,"I'm going to meet any of the Blanco family."
6852,"04:00:08","04:00:09",DM,"Yeah,"
6853,"04:00:09","04:00:09",DM,"definitely."
6854,"04:00:11","04:00:12",DM,"Tell you what,"
6855,"04:00:12","04:00:13",DM,"I'm having a good plan."
6856,"04:00:14","04:00:14",DM,"I mean,"
6857,"04:00:14","04:00:15",Delmar,"we've basically been up all night,"
6858,"04:00:16","04:00:17",Delmar,"had two huge fights,"
6859,"04:00:17","04:00:19",Delmar,"and now we've just bickered all of this."
6860,"04:00:19","04:00:20",Delmar,"Yeah,"
6861,"04:00:20","04:00:21",Delmar,"I think food is in order."
6862,"04:00:21","04:00:22",Delmar,"Yeah,"
6863,"04:00:22","04:00:23",Delmar,"we're probably pretty good."
6864,"04:00:23","04:00:23",DM,"Yeah,"
6865,"04:00:23","04:00:24",DM,"you guys are probably..."
6866,"04:00:25","04:00:26",DM,"What happened now?"
6867,"04:00:29","04:00:30",DM,"Anywhere in town."
6868,"04:00:30","04:00:30",DM,"Yeah,"
6869,"04:00:30","04:00:32",DM,"there's probably a great time to wrap up here."
6870,"04:00:32","04:00:32",DM,"Yeah."
6871,"04:00:34","04:00:34",DM,"Yeah."
6872,"04:00:38","04:00:40",Speaker 1,"I wonder what time hysterical."
6873,"04:00:44","04:00:45",DM,"Thunk wonders what Thunk is doing."
6874,"04:00:46","04:00:49",Crissdalynn,"We're about to find out what was up with Thunk."
6875,"04:00:50","04:00:50",Crissdalynn,"That's true."
6876,"04:00:50","04:00:51",Delmar,"I'm so sorry."
6877,"04:00:51","04:00:52",Delmar,"I knew you were about to do this,"
6878,"04:00:52","04:00:53",Delmar,"but I have one more question."
6879,"04:00:55","04:00:57",Delmar,"As everything cleared,"
6880,"04:00:57","04:00:58",Delmar,"the fight happened,"
6881,"04:00:58","04:00:58",Delmar,"all the stuff,"
6882,"04:00:59","04:00:59",Delmar,"whatever,"
6883,"04:00:59","04:01:02",Delmar,"the city starts to try and repair and do those kind of things."
6884,"04:01:02","04:01:02",Delmar,"Sorry."
6885,"04:01:04","04:01:06",Delmar,"Where's Ruma in all this?"
6886,"04:01:06","04:01:08",Delmar,"Would she have known to come meet up with us?"
6887,"04:01:09","04:01:11",Delmar,"Because list of keep them alive,"
6888,"04:01:12","04:01:12",Delmar,"Mr."
6889,"04:01:12","04:01:13",Delmar,"Geoffrey Draves,"
6890,"04:01:14","04:01:14",Delmar,"Ms."
6891,"04:01:14","04:01:15",Delmar,"Ruma,"
6892,"04:01:15","04:01:16",Delmar,"and then Master Kyzil."
6893,"04:01:17","04:01:17",Delmar,"So,"
6894,"04:01:18","04:01:18",Delmar,"yeah."
6895,"04:01:20","04:01:21",DM,"Either she was,"
6896,"04:01:21","04:01:21",DM,"like,"
6897,"04:01:21","04:01:22",DM,"hiding in the cubby hole,"
6898,"04:01:22","04:01:24",DM,"or did we tell her to go to her ship?"
6899,"04:01:24","04:01:24",DM,"No,"
6900,"04:01:24","04:01:25",DM,"we wouldn't have done that,"
6901,"04:01:25","04:01:27",DM,"because we'd be like,"
6902,"04:01:27","04:01:27",DM,"Grom,"
6903,"04:01:27","04:01:28",DM,"kill it!"
6904,"04:01:28","04:01:28",DM,"Yeah."
6905,"04:01:29","04:01:30",Delmar,"She'd be still down there."
6906,"04:01:30","04:01:31",Delmar,"She'd be still hidden."
6907,"04:01:31","04:01:31",Delmar,"Okay,"
6908,"04:01:31","04:01:32",Delmar,"so then,"
6909,"04:01:32","04:01:32",Delmar,"yeah,"
6910,"04:01:32","04:01:32",Delmar,"I would..."
6911,"04:01:32","04:01:33",Delmar,"Didn't we send her alone?"
6912,"04:01:34","04:01:35",Delmar,"No,"
6913,"04:01:35","04:01:36",Delmar,"we sent them to Rona."
6914,"04:01:36","04:01:36",Delmar,"Yeah."
6915,"04:01:36","04:01:38",Delmar,"When they picked the bodies and stuff."
6916,"04:01:38","04:01:38",Delmar,"Okay,"
6917,"04:01:38","04:01:40",DM,"I just could remember where she escaped."
6918,"04:01:41","04:01:43",DM,"I'll get her to join us."
6919,"04:01:43","04:01:43",DM,"You did?"
6920,"04:01:43","04:01:44",DM,"Oh,"
6921,"04:01:44","04:01:44",DM,"you didn't."
6922,"04:01:45","04:01:46",DM,"I finished it."
6923,"04:01:47","04:01:50",DM,"You're going to take him away and you're going to flush."
6924,"04:01:51","04:01:52",DM,"I can't wait to tell her about this."
6925,"04:01:53","04:01:53",DM,"Yeah,"
6926,"04:01:53","04:01:57",DM,"with Enzo and what's-his-face Rick."
6927,"04:01:59","04:02:01",DM,"You do receive a sending from them."
6928,"04:02:06","04:02:07",Speaker 1,"Aaron."
6929,"04:02:08","04:02:10",Speaker 1,"Come home soon."
6930,"04:02:11","04:02:12",DM,"Something bad has happened."
6931,"04:02:16","04:02:17",DM,"Many,"
6932,"04:02:17","04:02:18",DM,"many,"
6933,"04:02:18","04:02:20",DM,"many people are missing."
6934,"04:02:21","04:02:22",Speaker 1,"Oh shit."
6935,"04:02:24","04:02:25",Speaker 1,"Hundreds."
6936,"04:02:27","04:02:28",Speaker 1,"That's all."
6937,"04:02:33","04:02:36",Catarina,"that I have found."
6938,"04:02:38","04:02:44",DM,"I would like to see it there."
6939,"04:02:46","04:02:50",Speaker 6,"And I'm on that horse to go."
